task,model,is_inst,threshold_fitted,threshold,accuracy,bench_hash,num_shots,prompt_format,prompt_connector,prompt_granularity,prompt_feature_order,eval_results_path,predictions_path
ACSIncome,Qwen--Qwen2.5-72B-Instruct,1,1,0.16483516483516483,0.7617062180835086,175002779,0,text,=,low, reversed,results/folktexts/0-variations/model-Qwen--Qwen2.5-72B-Instruct/Qwen--Qwen2.5-72B-Instruct_task-ACSIncome/Qwen--Qwen2.5-72B-Instruct_bench-175002779/results.bench-175002779.json,results/folktexts/0-variations/model-Qwen--Qwen2.5-72B-Instruct/Qwen--Qwen2.5-72B-Instruct_task-ACSIncome/Qwen--Qwen2.5-72B-Instruct_bench-458060657/ACSIncome_full_seed-42_hash-1998608642.test_predictions.csv
ACSIncome,Qwen--Qwen2.5-72B-Instruct,1,1,0.148014440433213,0.7768879543406428,1344084919,0,bullet,is,original, reversed,results/folktexts/0-variations/model-Qwen--Qwen2.5-72B-Instruct/Qwen--Qwen2.5-72B-Instruct_task-ACSIncome/Qwen--Qwen2.5-72B-Instruct_bench-1344084919/results.bench-1344084919.json,results/folktexts/0-variations/model-Qwen--Qwen2.5-72B-Instruct/Qwen--Qwen2.5-72B-Instruct_task-ACSIncome/Qwen--Qwen2.5-72B-Instruct_bench-3272251340/ACSIncome_full_seed-42_hash-1998608642.test_predictions.csv
ACSIncome,Qwen--Qwen2.5-72B-Instruct,1,1,0.0031722691935901102,0.7669570441574046,3156286684,0,text,is,original,default,results/folktexts/0-variations/model-Qwen--Qwen2.5-72B-Instruct/Qwen--Qwen2.5-72B-Instruct_task-ACSIncome/Qwen--Qwen2.5-72B-Instruct_bench-3156286684/results.bench-3156286684.json,results/folktexts/0-variations/model-Qwen--Qwen2.5-72B-Instruct/Qwen--Qwen2.5-72B-Instruct_task-ACSIncome/Qwen--Qwen2.5-72B-Instruct_bench-3052017257/ACSIncome_full_seed-42_hash-1998608642.test_predictions.csv
ACSIncome,Qwen--Qwen2.5-72B-Instruct,1,1,0.003183040267004543,0.772760588765395,2985942201,0,bullet,:,original,default,results/folktexts/0-variations/model-Qwen--Qwen2.5-72B-Instruct/Qwen--Qwen2.5-72B-Instruct_task-ACSIncome/Qwen--Qwen2.5-72B-Instruct_bench-2985942201/results.bench-2985942201.json,results/folktexts/0-variations/model-Qwen--Qwen2.5-72B-Instruct/Qwen--Qwen2.5-72B-Instruct_task-ACSIncome/Qwen--Qwen2.5-72B-Instruct_bench-3694857310/ACSIncome_full_seed-42_hash-1998608642.test_predictions.csv
ACSIncome,Qwen--Qwen2.5-72B-Instruct,1,1,0.007574402099361842,0.7799459297086212,1338756957,0,bullet,is,original,default,results/folktexts/0-variations/model-Qwen--Qwen2.5-72B-Instruct/Qwen--Qwen2.5-72B-Instruct_task-ACSIncome/Qwen--Qwen2.5-72B-Instruct_bench-1338756957/results.bench-1338756957.json,results/folktexts/0-variations/model-Qwen--Qwen2.5-72B-Instruct/Qwen--Qwen2.5-72B-Instruct_task-ACSIncome/Qwen--Qwen2.5-72B-Instruct_bench-3724408086/ACSIncome_full_seed-42_hash-1998608642.test_predictions.csv
ACSIncome,Qwen--Qwen2.5-72B-Instruct,1,1,0.10646636185499674,0.7778732352057675,3575798178,0,bullet,:,original, reversed,results/folktexts/0-variations/model-Qwen--Qwen2.5-72B-Instruct/Qwen--Qwen2.5-72B-Instruct_task-ACSIncome/Qwen--Qwen2.5-72B-Instruct_bench-3575798178/results.bench-3575798178.json,results/folktexts/0-variations/model-Qwen--Qwen2.5-72B-Instruct/Qwen--Qwen2.5-72B-Instruct_task-ACSIncome/Qwen--Qwen2.5-72B-Instruct_bench-3605008113/ACSIncome_full_seed-42_hash-1998608642.test_predictions.csv
ACSIncome,Qwen--Qwen2.5-72B-Instruct,1,1,0.025993265993265992,0.765160708921598,3552426855,0,text,:,original,rand 2,results/folktexts/0-variations/model-Qwen--Qwen2.5-72B-Instruct/Qwen--Qwen2.5-72B-Instruct_task-ACSIncome/Qwen--Qwen2.5-72B-Instruct_bench-3552426855/results.bench-3552426855.json,results/folktexts/0-variations/model-Qwen--Qwen2.5-72B-Instruct/Qwen--Qwen2.5-72B-Instruct_task-ACSIncome/Qwen--Qwen2.5-72B-Instruct_bench-2997642754/ACSIncome_full_seed-42_hash-1998608642.test_predictions.csv
ACSIncome,Qwen--Qwen2.5-72B-Instruct,1,1,0.2692713833157339,0.7743706818864524,16021447,0,bullet,is,low,rand 2,results/folktexts/0-variations/model-Qwen--Qwen2.5-72B-Instruct/Qwen--Qwen2.5-72B-Instruct_task-ACSIncome/Qwen--Qwen2.5-72B-Instruct_bench-16021447/results.bench-16021447.json,results/folktexts/0-variations/model-Qwen--Qwen2.5-72B-Instruct/Qwen--Qwen2.5-72B-Instruct_task-ACSIncome/Qwen--Qwen2.5-72B-Instruct_bench-672272429/ACSIncome_full_seed-42_hash-1998608642.test_predictions.csv
ACSIncome,Qwen--Qwen2.5-72B-Instruct,1,1,0.009724386181700961,0.7523039951937519,2892597297,0,comma,=,low,rand 3,results/folktexts/0-variations/model-Qwen--Qwen2.5-72B-Instruct/Qwen--Qwen2.5-72B-Instruct_task-ACSIncome/Qwen--Qwen2.5-72B-Instruct_bench-2892597297/results.bench-2892597297.json,results/folktexts/0-variations/model-Qwen--Qwen2.5-72B-Instruct/Qwen--Qwen2.5-72B-Instruct_task-ACSIncome/Qwen--Qwen2.5-72B-Instruct_bench-4084899153/ACSIncome_full_seed-42_hash-1998608642.test_predictions.csv
ACSIncome,Qwen--Qwen2.5-72B-Instruct,1,0,0.5,0.7883268248723341,1375822597,0,comma,:,original,default,results/folktexts/0-variations/model-Qwen--Qwen2.5-72B-Instruct/Qwen--Qwen2.5-72B-Instruct_task-ACSIncome/Qwen--Qwen2.5-72B-Instruct_bench-1375822597/results.bench-1375822597.json,results/folktexts/0-variations/model-Qwen--Qwen2.5-72B-Instruct/Qwen--Qwen2.5-72B-Instruct_task-ACSIncome/Qwen--Qwen2.5-72B-Instruct_bench-1375822597/ACSIncome_full_seed-42_hash-1998608642.test_predictions.csv
ACSIncome,Qwen--Qwen2.5-72B-Instruct,1,1,0.0419596280335677,0.7650826073896065,3330174634,0,bullet,:,low,default,results/folktexts/0-variations/model-Qwen--Qwen2.5-72B-Instruct/Qwen--Qwen2.5-72B-Instruct_task-ACSIncome/Qwen--Qwen2.5-72B-Instruct_bench-3330174634/results.bench-3330174634.json,results/folktexts/0-variations/model-Qwen--Qwen2.5-72B-Instruct/Qwen--Qwen2.5-72B-Instruct_task-ACSIncome/Qwen--Qwen2.5-72B-Instruct_bench-2588083143/ACSIncome_full_seed-42_hash-1998608642.test_predictions.csv
ACSIncome,Qwen--Qwen2.5-72B-Instruct,1,1,0.006691784288365293,0.7770441574046261,813899396,0,bullet,=,original,default,results/folktexts/0-variations/model-Qwen--Qwen2.5-72B-Instruct/Qwen--Qwen2.5-72B-Instruct_task-ACSIncome/Qwen--Qwen2.5-72B-Instruct_bench-813899396/results.bench-813899396.json,results/folktexts/0-variations/model-Qwen--Qwen2.5-72B-Instruct/Qwen--Qwen2.5-72B-Instruct_task-ACSIncome/Qwen--Qwen2.5-72B-Instruct_bench-2064466631/ACSIncome_full_seed-42_hash-1998608642.test_predictions.csv
ACSIncome,Qwen--Qwen2.5-72B-Instruct,1,1,0.29464285714285715,0.7845058576148993,1751177837,0,bullet,is,original,rand 2,results/folktexts/0-variations/model-Qwen--Qwen2.5-72B-Instruct/Qwen--Qwen2.5-72B-Instruct_task-ACSIncome/Qwen--Qwen2.5-72B-Instruct_bench-1751177837/results.bench-1751177837.json,results/folktexts/0-variations/model-Qwen--Qwen2.5-72B-Instruct/Qwen--Qwen2.5-72B-Instruct_task-ACSIncome/Qwen--Qwen2.5-72B-Instruct_bench-4182594162/ACSIncome_full_seed-42_hash-1998608642.test_predictions.csv
ACSIncome,Qwen--Qwen2.5-72B-Instruct,1,1,0.010983397190293741,0.7586242114749174,530688295,0,text,is,low,rand 3,results/folktexts/0-variations/model-Qwen--Qwen2.5-72B-Instruct/Qwen--Qwen2.5-72B-Instruct_task-ACSIncome/Qwen--Qwen2.5-72B-Instruct_bench-530688295/results.bench-530688295.json,results/folktexts/0-variations/model-Qwen--Qwen2.5-72B-Instruct/Qwen--Qwen2.5-72B-Instruct_task-ACSIncome/Qwen--Qwen2.5-72B-Instruct_bench-2073768049/ACSIncome_full_seed-42_hash-1998608642.test_predictions.csv
ACSIncome,Qwen--Qwen2.5-72B-Instruct,1,1,0.11931443638760712,0.7678942625413037,1627878636,0,text,=,low,rand 2,results/folktexts/0-variations/model-Qwen--Qwen2.5-72B-Instruct/Qwen--Qwen2.5-72B-Instruct_task-ACSIncome/Qwen--Qwen2.5-72B-Instruct_bench-1627878636/results.bench-1627878636.json,results/folktexts/0-variations/model-Qwen--Qwen2.5-72B-Instruct/Qwen--Qwen2.5-72B-Instruct_task-ACSIncome/Qwen--Qwen2.5-72B-Instruct_bench-2390796964/ACSIncome_full_seed-42_hash-1998608642.test_predictions.csv
ACSIncome,Qwen--Qwen2.5-72B-Instruct,1,1,0.1189041095890411,0.7764193451486933,2106374782,0,text,:,original, reversed,results/folktexts/0-variations/model-Qwen--Qwen2.5-72B-Instruct/Qwen--Qwen2.5-72B-Instruct_task-ACSIncome/Qwen--Qwen2.5-72B-Instruct_bench-2106374782/results.bench-2106374782.json,results/folktexts/0-variations/model-Qwen--Qwen2.5-72B-Instruct/Qwen--Qwen2.5-72B-Instruct_task-ACSIncome/Qwen--Qwen2.5-72B-Instruct_bench-3777843648/ACSIncome_full_seed-42_hash-1998608642.test_predictions.csv
ACSIncome,Qwen--Qwen2.5-72B-Instruct,1,1,0.007598077221274617,0.7590567738059477,4180095923,0,bullet,=,low,rand 3,results/folktexts/0-variations/model-Qwen--Qwen2.5-72B-Instruct/Qwen--Qwen2.5-72B-Instruct_task-ACSIncome/Qwen--Qwen2.5-72B-Instruct_bench-4180095923/results.bench-4180095923.json,results/folktexts/0-variations/model-Qwen--Qwen2.5-72B-Instruct/Qwen--Qwen2.5-72B-Instruct_task-ACSIncome/Qwen--Qwen2.5-72B-Instruct_bench-2346441242/ACSIncome_full_seed-42_hash-1998608642.test_predictions.csv
ACSIncome,Qwen--Qwen2.5-72B-Instruct,1,1,0.09534368070953436,0.768296785821568,2182309246,0,text,:,low,rand 2,results/folktexts/0-variations/model-Qwen--Qwen2.5-72B-Instruct/Qwen--Qwen2.5-72B-Instruct_task-ACSIncome/Qwen--Qwen2.5-72B-Instruct_bench-2182309246/results.bench-2182309246.json,results/folktexts/0-variations/model-Qwen--Qwen2.5-72B-Instruct/Qwen--Qwen2.5-72B-Instruct_task-ACSIncome/Qwen--Qwen2.5-72B-Instruct_bench-1062453454/ACSIncome_full_seed-42_hash-1998608642.test_predictions.csv
ACSIncome,Qwen--Qwen2.5-72B-Instruct,1,1,0.11864406779661017,0.7706939020726945,2675056453,0,text,is,original, reversed,results/folktexts/0-variations/model-Qwen--Qwen2.5-72B-Instruct/Qwen--Qwen2.5-72B-Instruct_task-ACSIncome/Qwen--Qwen2.5-72B-Instruct_bench-2675056453/results.bench-2675056453.json,results/folktexts/0-variations/model-Qwen--Qwen2.5-72B-Instruct/Qwen--Qwen2.5-72B-Instruct_task-ACSIncome/Qwen--Qwen2.5-72B-Instruct_bench-56727796/ACSIncome_full_seed-42_hash-1998608642.test_predictions.csv
ACSIncome,Qwen--Qwen2.5-72B-Instruct,1,1,0.06768447837150127,0.7559567437668969,1234228443,0,comma,:,low,rand 2,results/folktexts/0-variations/model-Qwen--Qwen2.5-72B-Instruct/Qwen--Qwen2.5-72B-Instruct_task-ACSIncome/Qwen--Qwen2.5-72B-Instruct_bench-1234228443/results.bench-1234228443.json,results/folktexts/0-variations/model-Qwen--Qwen2.5-72B-Instruct/Qwen--Qwen2.5-72B-Instruct_task-ACSIncome/Qwen--Qwen2.5-72B-Instruct_bench-2771584099/ACSIncome_full_seed-42_hash-1998608642.test_predictions.csv
ACSIncome,Qwen--Qwen2.5-72B-Instruct,1,0,0.5,0.7855271853409432,452821350,0,comma,=,original,rand 2,results/folktexts/0-variations/model-Qwen--Qwen2.5-72B-Instruct/Qwen--Qwen2.5-72B-Instruct_task-ACSIncome/Qwen--Qwen2.5-72B-Instruct_bench-452821350/results.bench-452821350.json,results/folktexts/0-variations/model-Qwen--Qwen2.5-72B-Instruct/Qwen--Qwen2.5-72B-Instruct_task-ACSIncome/Qwen--Qwen2.5-72B-Instruct_bench-452821350/ACSIncome_full_seed-42_hash-1998608642.test_predictions.csv
ACSIncome,Qwen--Qwen2.5-72B-Instruct,1,1,0.0019222959252741302,0.7678161610093122,303744090,0,bullet,:,original,rand 3,results/folktexts/0-variations/model-Qwen--Qwen2.5-72B-Instruct/Qwen--Qwen2.5-72B-Instruct_task-ACSIncome/Qwen--Qwen2.5-72B-Instruct_bench-303744090/results.bench-303744090.json,results/folktexts/0-variations/model-Qwen--Qwen2.5-72B-Instruct/Qwen--Qwen2.5-72B-Instruct_task-ACSIncome/Qwen--Qwen2.5-72B-Instruct_bench-2611601819/ACSIncome_full_seed-42_hash-1998608642.test_predictions.csv
ACSIncome,Qwen--Qwen2.5-72B-Instruct,1,1,0.04740406320541761,0.7463502553319316,1293469801,0,comma,is,low, reversed,results/folktexts/0-variations/model-Qwen--Qwen2.5-72B-Instruct/Qwen--Qwen2.5-72B-Instruct_task-ACSIncome/Qwen--Qwen2.5-72B-Instruct_bench-1293469801/results.bench-1293469801.json,results/folktexts/0-variations/model-Qwen--Qwen2.5-72B-Instruct/Qwen--Qwen2.5-72B-Instruct_task-ACSIncome/Qwen--Qwen2.5-72B-Instruct_bench-250932115/ACSIncome_full_seed-42_hash-1998608642.test_predictions.csv
ACSIncome,Qwen--Qwen2.5-72B-Instruct,1,1,0.11918760021378942,0.7728987683989186,2402934663,0,comma,is,original, reversed,results/folktexts/0-variations/model-Qwen--Qwen2.5-72B-Instruct/Qwen--Qwen2.5-72B-Instruct_task-ACSIncome/Qwen--Qwen2.5-72B-Instruct_bench-2402934663/results.bench-2402934663.json,results/folktexts/0-variations/model-Qwen--Qwen2.5-72B-Instruct/Qwen--Qwen2.5-72B-Instruct_task-ACSIncome/Qwen--Qwen2.5-72B-Instruct_bench-700698802/ACSIncome_full_seed-42_hash-1998608642.test_predictions.csv
ACSIncome,Qwen--Qwen2.5-72B-Instruct,1,0,0.5,0.7884589966957044,3961633532,0,comma,=,original,default,results/folktexts/0-variations/model-Qwen--Qwen2.5-72B-Instruct/Qwen--Qwen2.5-72B-Instruct_task-ACSIncome/Qwen--Qwen2.5-72B-Instruct_bench-3961633532/results.bench-3961633532.json,results/folktexts/0-variations/model-Qwen--Qwen2.5-72B-Instruct/Qwen--Qwen2.5-72B-Instruct_task-ACSIncome/Qwen--Qwen2.5-72B-Instruct_bench-3961633532/ACSIncome_full_seed-42_hash-1998608642.test_predictions.csv
ACSIncome,Qwen--Qwen2.5-72B-Instruct,1,0,0.5,0.7838630219285071,1398135799,0,comma,:,original,rand 3,results/folktexts/0-variations/model-Qwen--Qwen2.5-72B-Instruct/Qwen--Qwen2.5-72B-Instruct_task-ACSIncome/Qwen--Qwen2.5-72B-Instruct_bench-1398135799/results.bench-1398135799.json,results/folktexts/0-variations/model-Qwen--Qwen2.5-72B-Instruct/Qwen--Qwen2.5-72B-Instruct_task-ACSIncome/Qwen--Qwen2.5-72B-Instruct_bench-1398135799/ACSIncome_full_seed-42_hash-1998608642.test_predictions.csv
ACSIncome,Qwen--Qwen2.5-72B-Instruct,1,1,0.017932362498495606,0.7513247221387804,3380041184,0,bullet,:,low, reversed,results/folktexts/0-variations/model-Qwen--Qwen2.5-72B-Instruct/Qwen--Qwen2.5-72B-Instruct_task-ACSIncome/Qwen--Qwen2.5-72B-Instruct_bench-3380041184/results.bench-3380041184.json,results/folktexts/0-variations/model-Qwen--Qwen2.5-72B-Instruct/Qwen--Qwen2.5-72B-Instruct_task-ACSIncome/Qwen--Qwen2.5-72B-Instruct_bench-1994805602/ACSIncome_full_seed-42_hash-1998608642.test_predictions.csv
ACSIncome,Qwen--Qwen2.5-72B-Instruct,1,1,0.0019268256955164683,0.7698528086512466,295620296,0,bullet,is,original,rand 3,results/folktexts/0-variations/model-Qwen--Qwen2.5-72B-Instruct/Qwen--Qwen2.5-72B-Instruct_task-ACSIncome/Qwen--Qwen2.5-72B-Instruct_bench-295620296/results.bench-295620296.json,results/folktexts/0-variations/model-Qwen--Qwen2.5-72B-Instruct/Qwen--Qwen2.5-72B-Instruct_task-ACSIncome/Qwen--Qwen2.5-72B-Instruct_bench-4281224065/ACSIncome_full_seed-42_hash-1998608642.test_predictions.csv
ACSIncome,Qwen--Qwen2.5-72B-Instruct,1,1,0.029383886255924172,0.7473355361970562,812220396,0,text,is,low,rand 1,results/folktexts/0-variations/model-Qwen--Qwen2.5-72B-Instruct/Qwen--Qwen2.5-72B-Instruct_task-ACSIncome/Qwen--Qwen2.5-72B-Instruct_bench-812220396/results.bench-812220396.json,results/folktexts/0-variations/model-Qwen--Qwen2.5-72B-Instruct/Qwen--Qwen2.5-72B-Instruct_task-ACSIncome/Qwen--Qwen2.5-72B-Instruct_bench-2761810993/ACSIncome_full_seed-42_hash-1998608642.test_predictions.csv
ACSIncome,Qwen--Qwen2.5-72B-Instruct,1,1,0.007567299342513336,0.7605346951036347,2594484641,0,bullet,:,low,rand 3,results/folktexts/0-variations/model-Qwen--Qwen2.5-72B-Instruct/Qwen--Qwen2.5-72B-Instruct_task-ACSIncome/Qwen--Qwen2.5-72B-Instruct_bench-2594484641/results.bench-2594484641.json,results/folktexts/0-variations/model-Qwen--Qwen2.5-72B-Instruct/Qwen--Qwen2.5-72B-Instruct_task-ACSIncome/Qwen--Qwen2.5-72B-Instruct_bench-2694180394/ACSIncome_full_seed-42_hash-1998608642.test_predictions.csv
ACSIncome,Qwen--Qwen2.5-72B-Instruct,1,1,0.0472193074501574,0.7633163112045659,3991720161,0,text,:,low,default,results/folktexts/0-variations/model-Qwen--Qwen2.5-72B-Instruct/Qwen--Qwen2.5-72B-Instruct_task-ACSIncome/Qwen--Qwen2.5-72B-Instruct_bench-3991720161/results.bench-3991720161.json,results/folktexts/0-variations/model-Qwen--Qwen2.5-72B-Instruct/Qwen--Qwen2.5-72B-Instruct_task-ACSIncome/Qwen--Qwen2.5-72B-Instruct_bench-4215207146/ACSIncome_full_seed-42_hash-1998608642.test_predictions.csv
ACSIncome,Qwen--Qwen2.5-72B-Instruct,1,1,0.09535452322738386,0.7692159807750075,3374806880,0,bullet,:,low,rand 2,results/folktexts/0-variations/model-Qwen--Qwen2.5-72B-Instruct/Qwen--Qwen2.5-72B-Instruct_task-ACSIncome/Qwen--Qwen2.5-72B-Instruct_bench-3374806880/results.bench-3374806880.json,results/folktexts/0-variations/model-Qwen--Qwen2.5-72B-Instruct/Qwen--Qwen2.5-72B-Instruct_task-ACSIncome/Qwen--Qwen2.5-72B-Instruct_bench-231623185/ACSIncome_full_seed-42_hash-1998608642.test_predictions.csv
ACSIncome,Qwen--Qwen2.5-72B-Instruct,1,1,0.3209700427960057,0.7724782216881947,2268334253,0,bullet,:,low,rand 1,results/folktexts/0-variations/model-Qwen--Qwen2.5-72B-Instruct/Qwen--Qwen2.5-72B-Instruct_task-ACSIncome/Qwen--Qwen2.5-72B-Instruct_bench-2268334253/results.bench-2268334253.json,results/folktexts/0-variations/model-Qwen--Qwen2.5-72B-Instruct/Qwen--Qwen2.5-72B-Instruct_task-ACSIncome/Qwen--Qwen2.5-72B-Instruct_bench-1818492810/ACSIncome_full_seed-42_hash-1998608642.test_predictions.csv
ACSIncome,Qwen--Qwen2.5-72B-Instruct,1,1,0.09557618787547788,0.7498828477020126,1095728396,0,text,is,low, reversed,results/folktexts/0-variations/model-Qwen--Qwen2.5-72B-Instruct/Qwen--Qwen2.5-72B-Instruct_task-ACSIncome/Qwen--Qwen2.5-72B-Instruct_bench-1095728396/results.bench-1095728396.json,results/folktexts/0-variations/model-Qwen--Qwen2.5-72B-Instruct/Qwen--Qwen2.5-72B-Instruct_task-ACSIncome/Qwen--Qwen2.5-72B-Instruct_bench-2109567310/ACSIncome_full_seed-42_hash-1998608642.test_predictions.csv
ACSIncome,Qwen--Qwen2.5-72B-Instruct,1,1,0.20166320166320167,0.7683508561129468,3170451649,0,bullet,is,low,rand 1,results/folktexts/0-variations/model-Qwen--Qwen2.5-72B-Instruct/Qwen--Qwen2.5-72B-Instruct_task-ACSIncome/Qwen--Qwen2.5-72B-Instruct_bench-3170451649/results.bench-3170451649.json,results/folktexts/0-variations/model-Qwen--Qwen2.5-72B-Instruct/Qwen--Qwen2.5-72B-Instruct_task-ACSIncome/Qwen--Qwen2.5-72B-Instruct_bench-1536060045/ACSIncome_full_seed-42_hash-1998608642.test_predictions.csv
ACSIncome,Qwen--Qwen2.5-72B-Instruct,1,0,0.5,0.7864463802943827,84678693,0,comma,:,original,rand 2,results/folktexts/0-variations/model-Qwen--Qwen2.5-72B-Instruct/Qwen--Qwen2.5-72B-Instruct_task-ACSIncome/Qwen--Qwen2.5-72B-Instruct_bench-84678693/results.bench-84678693.json,results/folktexts/0-variations/model-Qwen--Qwen2.5-72B-Instruct/Qwen--Qwen2.5-72B-Instruct_task-ACSIncome/Qwen--Qwen2.5-72B-Instruct_bench-84678693/ACSIncome_full_seed-42_hash-1998608642.test_predictions.csv
ACSIncome,Qwen--Qwen2.5-72B-Instruct,1,1,0.1189873417721519,0.7767017122258937,719317896,0,bullet,=,original, reversed,results/folktexts/0-variations/model-Qwen--Qwen2.5-72B-Instruct/Qwen--Qwen2.5-72B-Instruct_task-ACSIncome/Qwen--Qwen2.5-72B-Instruct_bench-719317896/results.bench-719317896.json,results/folktexts/0-variations/model-Qwen--Qwen2.5-72B-Instruct/Qwen--Qwen2.5-72B-Instruct_task-ACSIncome/Qwen--Qwen2.5-72B-Instruct_bench-2752432253/ACSIncome_full_seed-42_hash-1998608642.test_predictions.csv
ACSIncome,Qwen--Qwen2.5-72B-Instruct,1,1,0.020330064577852188,0.7389486332231902,2295038392,0,text,=,low,rand 1,results/folktexts/0-variations/model-Qwen--Qwen2.5-72B-Instruct/Qwen--Qwen2.5-72B-Instruct_task-ACSIncome/Qwen--Qwen2.5-72B-Instruct_bench-2295038392/results.bench-2295038392.json,results/folktexts/0-variations/model-Qwen--Qwen2.5-72B-Instruct/Qwen--Qwen2.5-72B-Instruct_task-ACSIncome/Qwen--Qwen2.5-72B-Instruct_bench-3629142282/ACSIncome_full_seed-42_hash-1998608642.test_predictions.csv
ACSIncome,Qwen--Qwen2.5-72B-Instruct,1,1,0.03310051624658366,0.7604205467107239,234624789,0,text,is,original,rand 2,results/folktexts/0-variations/model-Qwen--Qwen2.5-72B-Instruct/Qwen--Qwen2.5-72B-Instruct_task-ACSIncome/Qwen--Qwen2.5-72B-Instruct_bench-234624789/results.bench-234624789.json,results/folktexts/0-variations/model-Qwen--Qwen2.5-72B-Instruct/Qwen--Qwen2.5-72B-Instruct_task-ACSIncome/Qwen--Qwen2.5-72B-Instruct_bench-3719914983/ACSIncome_full_seed-42_hash-1998608642.test_predictions.csv
ACSIncome,Qwen--Qwen2.5-72B-Instruct,1,1,0.3210161662817552,0.7717933313307299,4151011414,0,bullet,=,low,rand 1,results/folktexts/0-variations/model-Qwen--Qwen2.5-72B-Instruct/Qwen--Qwen2.5-72B-Instruct_task-ACSIncome/Qwen--Qwen2.5-72B-Instruct_bench-4151011414/results.bench-4151011414.json,results/folktexts/0-variations/model-Qwen--Qwen2.5-72B-Instruct/Qwen--Qwen2.5-72B-Instruct_task-ACSIncome/Qwen--Qwen2.5-72B-Instruct_bench-1550253383/ACSIncome_full_seed-42_hash-1998608642.test_predictions.csv
ACSIncome,Qwen--Qwen2.5-72B-Instruct,1,1,0.0046024440564989685,0.7714148392910783,237471349,0,text,:,original,default,results/folktexts/0-variations/model-Qwen--Qwen2.5-72B-Instruct/Qwen--Qwen2.5-72B-Instruct_task-ACSIncome/Qwen--Qwen2.5-72B-Instruct_bench-237471349/results.bench-237471349.json,results/folktexts/0-variations/model-Qwen--Qwen2.5-72B-Instruct/Qwen--Qwen2.5-72B-Instruct_task-ACSIncome/Qwen--Qwen2.5-72B-Instruct_bench-3102028180/ACSIncome_full_seed-42_hash-1998608642.test_predictions.csv
ACSIncome,Qwen--Qwen2.5-72B-Instruct,1,1,0.0035911661613229253,0.7651787323520577,827891603,0,text,:,original,rand 3,results/folktexts/0-variations/model-Qwen--Qwen2.5-72B-Instruct/Qwen--Qwen2.5-72B-Instruct_task-ACSIncome/Qwen--Qwen2.5-72B-Instruct_bench-827891603/results.bench-827891603.json,results/folktexts/0-variations/model-Qwen--Qwen2.5-72B-Instruct/Qwen--Qwen2.5-72B-Instruct_task-ACSIncome/Qwen--Qwen2.5-72B-Instruct_bench-1399164428/ACSIncome_full_seed-42_hash-1998608642.test_predictions.csv
ACSIncome,Qwen--Qwen2.5-72B-Instruct,1,0,0.5,0.7751516972063682,3916841828,0,text,is,low,rand 2,results/folktexts/0-variations/model-Qwen--Qwen2.5-72B-Instruct/Qwen--Qwen2.5-72B-Instruct_task-ACSIncome/Qwen--Qwen2.5-72B-Instruct_bench-3916841828/results.bench-3916841828.json,results/folktexts/0-variations/model-Qwen--Qwen2.5-72B-Instruct/Qwen--Qwen2.5-72B-Instruct_task-ACSIncome/Qwen--Qwen2.5-72B-Instruct_bench-3916841828/ACSIncome_full_seed-42_hash-1998608642.test_predictions.csv
ACSIncome,Qwen--Qwen2.5-72B-Instruct,1,1,0.08514851485148515,0.7645959747671973,3537563039,0,comma,:,low,default,results/folktexts/0-variations/model-Qwen--Qwen2.5-72B-Instruct/Qwen--Qwen2.5-72B-Instruct_task-ACSIncome/Qwen--Qwen2.5-72B-Instruct_bench-3537563039/results.bench-3537563039.json,results/folktexts/0-variations/model-Qwen--Qwen2.5-72B-Instruct/Qwen--Qwen2.5-72B-Instruct_task-ACSIncome/Qwen--Qwen2.5-72B-Instruct_bench-642480829/ACSIncome_full_seed-42_hash-1998608642.test_predictions.csv
ACSIncome,Qwen--Qwen2.5-72B-Instruct,1,1,0.0124231724859422,0.7598558125563232,67577121,0,bullet,=,original,rand 2,results/folktexts/0-variations/model-Qwen--Qwen2.5-72B-Instruct/Qwen--Qwen2.5-72B-Instruct_task-ACSIncome/Qwen--Qwen2.5-72B-Instruct_bench-67577121/results.bench-67577121.json,results/folktexts/0-variations/model-Qwen--Qwen2.5-72B-Instruct/Qwen--Qwen2.5-72B-Instruct_task-ACSIncome/Qwen--Qwen2.5-72B-Instruct_bench-674634134/ACSIncome_full_seed-42_hash-1998608642.test_predictions.csv
ACSIncome,Qwen--Qwen2.5-72B-Instruct,1,1,0.004614242844696847,0.7616761790327425,406079852,0,bullet,is,low,rand 3,results/folktexts/0-variations/model-Qwen--Qwen2.5-72B-Instruct/Qwen--Qwen2.5-72B-Instruct_task-ACSIncome/Qwen--Qwen2.5-72B-Instruct_bench-406079852/results.bench-406079852.json,results/folktexts/0-variations/model-Qwen--Qwen2.5-72B-Instruct/Qwen--Qwen2.5-72B-Instruct_task-ACSIncome/Qwen--Qwen2.5-72B-Instruct_bench-2428541262/ACSIncome_full_seed-42_hash-1998608642.test_predictions.csv
ACSIncome,Qwen--Qwen2.5-72B-Instruct,1,0,0.5,0.7797356563532593,4209373214,0,comma,:,original,rand 1,results/folktexts/0-variations/model-Qwen--Qwen2.5-72B-Instruct/Qwen--Qwen2.5-72B-Instruct_task-ACSIncome/Qwen--Qwen2.5-72B-Instruct_bench-4209373214/results.bench-4209373214.json,results/folktexts/0-variations/model-Qwen--Qwen2.5-72B-Instruct/Qwen--Qwen2.5-72B-Instruct_task-ACSIncome/Qwen--Qwen2.5-72B-Instruct_bench-4209373214/ACSIncome_full_seed-42_hash-1998608642.test_predictions.csv
ACSIncome,Qwen--Qwen2.5-72B-Instruct,1,0,0.5,0.7808050465605287,467221445,0,text,is,low,default,results/folktexts/0-variations/model-Qwen--Qwen2.5-72B-Instruct/Qwen--Qwen2.5-72B-Instruct_task-ACSIncome/Qwen--Qwen2.5-72B-Instruct_bench-467221445/results.bench-467221445.json,results/folktexts/0-variations/model-Qwen--Qwen2.5-72B-Instruct/Qwen--Qwen2.5-72B-Instruct_task-ACSIncome/Qwen--Qwen2.5-72B-Instruct_bench-467221445/ACSIncome_full_seed-42_hash-1998608642.test_predictions.csv
ACSIncome,Qwen--Qwen2.5-72B-Instruct,1,1,0.10684273709483794,0.7697987383598678,2990500009,0,bullet,=,low,default,results/folktexts/0-variations/model-Qwen--Qwen2.5-72B-Instruct/Qwen--Qwen2.5-72B-Instruct_task-ACSIncome/Qwen--Qwen2.5-72B-Instruct_bench-2990500009/results.bench-2990500009.json,results/folktexts/0-variations/model-Qwen--Qwen2.5-72B-Instruct/Qwen--Qwen2.5-72B-Instruct_task-ACSIncome/Qwen--Qwen2.5-72B-Instruct_bench-330195268/ACSIncome_full_seed-42_hash-1998608642.test_predictions.csv
ACSIncome,Qwen--Qwen2.5-72B-Instruct,1,1,0.029354207436399216,0.7630519675578252,2831272123,0,comma,is,original,rand 1,results/folktexts/0-variations/model-Qwen--Qwen2.5-72B-Instruct/Qwen--Qwen2.5-72B-Instruct_task-ACSIncome/Qwen--Qwen2.5-72B-Instruct_bench-2831272123/results.bench-2831272123.json,results/folktexts/0-variations/model-Qwen--Qwen2.5-72B-Instruct/Qwen--Qwen2.5-72B-Instruct_task-ACSIncome/Qwen--Qwen2.5-72B-Instruct_bench-867955930/ACSIncome_full_seed-42_hash-1998608642.test_predictions.csv
ACSIncome,Qwen--Qwen2.5-72B-Instruct,1,1,0.005222581447401144,0.7448543106037849,2836417655,0,bullet,=,original,rand 1,results/folktexts/0-variations/model-Qwen--Qwen2.5-72B-Instruct/Qwen--Qwen2.5-72B-Instruct_task-ACSIncome/Qwen--Qwen2.5-72B-Instruct_bench-2836417655/results.bench-2836417655.json,results/folktexts/0-variations/model-Qwen--Qwen2.5-72B-Instruct/Qwen--Qwen2.5-72B-Instruct_task-ACSIncome/Qwen--Qwen2.5-72B-Instruct_bench-1545151430/ACSIncome_full_seed-42_hash-1998608642.test_predictions.csv
ACSIncome,Qwen--Qwen2.5-72B-Instruct,1,1,0.07589285714285714,0.761267647942325,2102728092,0,text,:,low, reversed,results/folktexts/0-variations/model-Qwen--Qwen2.5-72B-Instruct/Qwen--Qwen2.5-72B-Instruct_task-ACSIncome/Qwen--Qwen2.5-72B-Instruct_bench-2102728092/results.bench-2102728092.json,results/folktexts/0-variations/model-Qwen--Qwen2.5-72B-Instruct/Qwen--Qwen2.5-72B-Instruct_task-ACSIncome/Qwen--Qwen2.5-72B-Instruct_bench-2730719002/ACSIncome_full_seed-42_hash-1998608642.test_predictions.csv
ACSIncome,Qwen--Qwen2.5-72B-Instruct,1,0,0.5,0.7867587864223491,1145457852,0,text,=,original,default,results/folktexts/0-variations/model-Qwen--Qwen2.5-72B-Instruct/Qwen--Qwen2.5-72B-Instruct_task-ACSIncome/Qwen--Qwen2.5-72B-Instruct_bench-1145457852/results.bench-1145457852.json,results/folktexts/0-variations/model-Qwen--Qwen2.5-72B-Instruct/Qwen--Qwen2.5-72B-Instruct_task-ACSIncome/Qwen--Qwen2.5-72B-Instruct_bench-1145457852/ACSIncome_full_seed-42_hash-1998608642.test_predictions.csv
ACSIncome,Qwen--Qwen2.5-72B-Instruct,1,1,0.1644100580270793,0.7637548813457494,2786280806,0,comma,=,low,rand 2,results/folktexts/0-variations/model-Qwen--Qwen2.5-72B-Instruct/Qwen--Qwen2.5-72B-Instruct_task-ACSIncome/Qwen--Qwen2.5-72B-Instruct_bench-2786280806/results.bench-2786280806.json,results/folktexts/0-variations/model-Qwen--Qwen2.5-72B-Instruct/Qwen--Qwen2.5-72B-Instruct_task-ACSIncome/Qwen--Qwen2.5-72B-Instruct_bench-378830605/ACSIncome_full_seed-42_hash-1998608642.test_predictions.csv
ACSIncome,Qwen--Qwen2.5-72B-Instruct,1,1,0.13253012048192772,0.7691438870531692,2576974815,0,text,=,low,default,results/folktexts/0-variations/model-Qwen--Qwen2.5-72B-Instruct/Qwen--Qwen2.5-72B-Instruct_task-ACSIncome/Qwen--Qwen2.5-72B-Instruct_bench-2576974815/results.bench-2576974815.json,results/folktexts/0-variations/model-Qwen--Qwen2.5-72B-Instruct/Qwen--Qwen2.5-72B-Instruct_task-ACSIncome/Qwen--Qwen2.5-72B-Instruct_bench-3055792577/ACSIncome_full_seed-42_hash-1998608642.test_predictions.csv
ACSIncome,Qwen--Qwen2.5-72B-Instruct,1,1,0.033093525179856115,0.7637548813457494,1179024929,0,bullet,is,low,default,results/folktexts/0-variations/model-Qwen--Qwen2.5-72B-Instruct/Qwen--Qwen2.5-72B-Instruct_task-ACSIncome/Qwen--Qwen2.5-72B-Instruct_bench-1179024929/results.bench-1179024929.json,results/folktexts/0-variations/model-Qwen--Qwen2.5-72B-Instruct/Qwen--Qwen2.5-72B-Instruct_task-ACSIncome/Qwen--Qwen2.5-72B-Instruct_bench-3346007711/ACSIncome_full_seed-42_hash-1998608642.test_predictions.csv
ACSIncome,Qwen--Qwen2.5-72B-Instruct,1,0,0.5,0.7850105136677681,2386729328,0,comma,=,original, reversed,results/folktexts/0-variations/model-Qwen--Qwen2.5-72B-Instruct/Qwen--Qwen2.5-72B-Instruct_task-ACSIncome/Qwen--Qwen2.5-72B-Instruct_bench-2386729328/results.bench-2386729328.json,results/folktexts/0-variations/model-Qwen--Qwen2.5-72B-Instruct/Qwen--Qwen2.5-72B-Instruct_task-ACSIncome/Qwen--Qwen2.5-72B-Instruct_bench-2386729328/ACSIncome_full_seed-42_hash-1998608642.test_predictions.csv
ACSIncome,Qwen--Qwen2.5-72B-Instruct,1,1,0.012471721097511457,0.7617002102733553,853290505,0,bullet,:,original,rand 1,results/folktexts/0-variations/model-Qwen--Qwen2.5-72B-Instruct/Qwen--Qwen2.5-72B-Instruct_task-ACSIncome/Qwen--Qwen2.5-72B-Instruct_bench-853290505/results.bench-853290505.json,results/folktexts/0-variations/model-Qwen--Qwen2.5-72B-Instruct/Qwen--Qwen2.5-72B-Instruct_task-ACSIncome/Qwen--Qwen2.5-72B-Instruct_bench-1584371033/ACSIncome_full_seed-42_hash-1998608642.test_predictions.csv
ACSIncome,Qwen--Qwen2.5-72B-Instruct,1,1,0.029180176007410838,0.7617422649444278,3255982526,0,text,=,original,rand 2,results/folktexts/0-variations/model-Qwen--Qwen2.5-72B-Instruct/Qwen--Qwen2.5-72B-Instruct_task-ACSIncome/Qwen--Qwen2.5-72B-Instruct_bench-3255982526/results.bench-3255982526.json,results/folktexts/0-variations/model-Qwen--Qwen2.5-72B-Instruct/Qwen--Qwen2.5-72B-Instruct_task-ACSIncome/Qwen--Qwen2.5-72B-Instruct_bench-728283364/ACSIncome_full_seed-42_hash-1998608642.test_predictions.csv
ACSIncome,Qwen--Qwen2.5-72B-Instruct,1,1,0.010976881094008708,0.7546951036347251,805790383,0,text,:,original,rand 1,results/folktexts/0-variations/model-Qwen--Qwen2.5-72B-Instruct/Qwen--Qwen2.5-72B-Instruct_task-ACSIncome/Qwen--Qwen2.5-72B-Instruct_bench-805790383/results.bench-805790383.json,results/folktexts/0-variations/model-Qwen--Qwen2.5-72B-Instruct/Qwen--Qwen2.5-72B-Instruct_task-ACSIncome/Qwen--Qwen2.5-72B-Instruct_bench-1898896647/ACSIncome_full_seed-42_hash-1998608642.test_predictions.csv
ACSIncome,Qwen--Qwen2.5-72B-Instruct,1,1,0.3197278911564626,0.7663863021928508,1578832083,0,comma,is,low,rand 1,results/folktexts/0-variations/model-Qwen--Qwen2.5-72B-Instruct/Qwen--Qwen2.5-72B-Instruct_task-ACSIncome/Qwen--Qwen2.5-72B-Instruct_bench-1578832083/results.bench-1578832083.json,results/folktexts/0-variations/model-Qwen--Qwen2.5-72B-Instruct/Qwen--Qwen2.5-72B-Instruct_task-ACSIncome/Qwen--Qwen2.5-72B-Instruct_bench-4080828816/ACSIncome_full_seed-42_hash-1998608642.test_predictions.csv
ACSIncome,Qwen--Qwen2.5-72B-Instruct,1,1,0.060304142632406924,0.7537038149594473,3041875152,0,comma,=,low,rand 1,results/folktexts/0-variations/model-Qwen--Qwen2.5-72B-Instruct/Qwen--Qwen2.5-72B-Instruct_task-ACSIncome/Qwen--Qwen2.5-72B-Instruct_bench-3041875152/results.bench-3041875152.json,results/folktexts/0-variations/model-Qwen--Qwen2.5-72B-Instruct/Qwen--Qwen2.5-72B-Instruct_task-ACSIncome/Qwen--Qwen2.5-72B-Instruct_bench-3653099867/ACSIncome_full_seed-42_hash-1998608642.test_predictions.csv
ACSIncome,Qwen--Qwen2.5-72B-Instruct,1,1,0.0229656179476968,0.7624872334034245,1019752301,0,text,=,original,rand 1,results/folktexts/0-variations/model-Qwen--Qwen2.5-72B-Instruct/Qwen--Qwen2.5-72B-Instruct_task-ACSIncome/Qwen--Qwen2.5-72B-Instruct_bench-1019752301/results.bench-1019752301.json,results/folktexts/0-variations/model-Qwen--Qwen2.5-72B-Instruct/Qwen--Qwen2.5-72B-Instruct_task-ACSIncome/Qwen--Qwen2.5-72B-Instruct_bench-4056955792/ACSIncome_full_seed-42_hash-1998608642.test_predictions.csv
ACSIncome,Qwen--Qwen2.5-72B-Instruct,1,0,0.5,0.7793751877440673,287246663,0,comma,=,original,rand 1,results/folktexts/0-variations/model-Qwen--Qwen2.5-72B-Instruct/Qwen--Qwen2.5-72B-Instruct_task-ACSIncome/Qwen--Qwen2.5-72B-Instruct_bench-287246663/results.bench-287246663.json,results/folktexts/0-variations/model-Qwen--Qwen2.5-72B-Instruct/Qwen--Qwen2.5-72B-Instruct_task-ACSIncome/Qwen--Qwen2.5-72B-Instruct_bench-287246663/ACSIncome_full_seed-42_hash-1998608642.test_predictions.csv
ACSIncome,Qwen--Qwen2.5-72B-Instruct,1,1,0.029257776408992915,0.7737759086812857,862307146,0,bullet,:,original,rand 2,results/folktexts/0-variations/model-Qwen--Qwen2.5-72B-Instruct/Qwen--Qwen2.5-72B-Instruct_task-ACSIncome/Qwen--Qwen2.5-72B-Instruct_bench-862307146/results.bench-862307146.json,results/folktexts/0-variations/model-Qwen--Qwen2.5-72B-Instruct/Qwen--Qwen2.5-72B-Instruct_task-ACSIncome/Qwen--Qwen2.5-72B-Instruct_bench-1158446673/ACSIncome_full_seed-42_hash-1998608642.test_predictions.csv
ACSIncome,Qwen--Qwen2.5-72B-Instruct,1,1,0.008584114454859399,0.7524962451186542,4264985397,0,text,:,low,rand 3,results/folktexts/0-variations/model-Qwen--Qwen2.5-72B-Instruct/Qwen--Qwen2.5-72B-Instruct_task-ACSIncome/Qwen--Qwen2.5-72B-Instruct_bench-4264985397/results.bench-4264985397.json,results/folktexts/0-variations/model-Qwen--Qwen2.5-72B-Instruct/Qwen--Qwen2.5-72B-Instruct_task-ACSIncome/Qwen--Qwen2.5-72B-Instruct_bench-3599644834/ACSIncome_full_seed-42_hash-1998608642.test_predictions.csv
ACSIncome,Qwen--Qwen2.5-72B-Instruct,1,1,0.02028161736209792,0.7534514869330129,464962383,0,comma,is,low,default,results/folktexts/0-variations/model-Qwen--Qwen2.5-72B-Instruct/Qwen--Qwen2.5-72B-Instruct_task-ACSIncome/Qwen--Qwen2.5-72B-Instruct_bench-464962383/results.bench-464962383.json,results/folktexts/0-variations/model-Qwen--Qwen2.5-72B-Instruct/Qwen--Qwen2.5-72B-Instruct_task-ACSIncome/Qwen--Qwen2.5-72B-Instruct_bench-3463852984/ACSIncome_full_seed-42_hash-1998608642.test_predictions.csv
ACSIncome,Qwen--Qwen2.5-72B-Instruct,1,0,0.5,0.786698708320817,2586742771,0,comma,:,original, reversed,results/folktexts/0-variations/model-Qwen--Qwen2.5-72B-Instruct/Qwen--Qwen2.5-72B-Instruct_task-ACSIncome/Qwen--Qwen2.5-72B-Instruct_bench-2586742771/results.bench-2586742771.json,results/folktexts/0-variations/model-Qwen--Qwen2.5-72B-Instruct/Qwen--Qwen2.5-72B-Instruct_task-ACSIncome/Qwen--Qwen2.5-72B-Instruct_bench-2586742771/ACSIncome_full_seed-42_hash-1998608642.test_predictions.csv
ACSIncome,Qwen--Qwen2.5-72B-Instruct,1,0,0.5,0.7848963652748573,3040497934,0,comma,=,original,rand 3,results/folktexts/0-variations/model-Qwen--Qwen2.5-72B-Instruct/Qwen--Qwen2.5-72B-Instruct_task-ACSIncome/Qwen--Qwen2.5-72B-Instruct_bench-3040497934/results.bench-3040497934.json,results/folktexts/0-variations/model-Qwen--Qwen2.5-72B-Instruct/Qwen--Qwen2.5-72B-Instruct_task-ACSIncome/Qwen--Qwen2.5-72B-Instruct_bench-3040497934/ACSIncome_full_seed-42_hash-1998608642.test_predictions.csv
ACSIncome,Qwen--Qwen2.5-72B-Instruct,1,1,0.053469852104664393,0.7677140282367078,909942619,0,comma,is,original,rand 2,results/folktexts/0-variations/model-Qwen--Qwen2.5-72B-Instruct/Qwen--Qwen2.5-72B-Instruct_task-ACSIncome/Qwen--Qwen2.5-72B-Instruct_bench-909942619/results.bench-909942619.json,results/folktexts/0-variations/model-Qwen--Qwen2.5-72B-Instruct/Qwen--Qwen2.5-72B-Instruct_task-ACSIncome/Qwen--Qwen2.5-72B-Instruct_bench-1506174415/ACSIncome_full_seed-42_hash-1998608642.test_predictions.csv
ACSIncome,Qwen--Qwen2.5-72B-Instruct,1,1,0.01585776069197501,0.7606608591168519,1411798696,0,bullet,is,original,rand 1,results/folktexts/0-variations/model-Qwen--Qwen2.5-72B-Instruct/Qwen--Qwen2.5-72B-Instruct_task-ACSIncome/Qwen--Qwen2.5-72B-Instruct_bench-1411798696/results.bench-1411798696.json,results/folktexts/0-variations/model-Qwen--Qwen2.5-72B-Instruct/Qwen--Qwen2.5-72B-Instruct_task-ACSIncome/Qwen--Qwen2.5-72B-Instruct_bench-502011643/ACSIncome_full_seed-42_hash-1998608642.test_predictions.csv
ACSIncome,Qwen--Qwen2.5-72B-Instruct,1,1,0.0851764705882353,0.7605226794833283,3225063248,0,comma,:,low, reversed,results/folktexts/0-variations/model-Qwen--Qwen2.5-72B-Instruct/Qwen--Qwen2.5-72B-Instruct_task-ACSIncome/Qwen--Qwen2.5-72B-Instruct_bench-3225063248/results.bench-3225063248.json,results/folktexts/0-variations/model-Qwen--Qwen2.5-72B-Instruct/Qwen--Qwen2.5-72B-Instruct_task-ACSIncome/Qwen--Qwen2.5-72B-Instruct_bench-3375476620/ACSIncome_full_seed-42_hash-1998608642.test_predictions.csv
ACSIncome,Qwen--Qwen2.5-72B-Instruct,1,1,0.004618310241782124,0.7761069390207269,4016140361,0,text,is,original,rand 3,results/folktexts/0-variations/model-Qwen--Qwen2.5-72B-Instruct/Qwen--Qwen2.5-72B-Instruct_task-ACSIncome/Qwen--Qwen2.5-72B-Instruct_bench-4016140361/results.bench-4016140361.json,results/folktexts/0-variations/model-Qwen--Qwen2.5-72B-Instruct/Qwen--Qwen2.5-72B-Instruct_task-ACSIncome/Qwen--Qwen2.5-72B-Instruct_bench-1459535864/ACSIncome_full_seed-42_hash-1998608642.test_predictions.csv
ACSIncome,Qwen--Qwen2.5-72B-Instruct,1,1,0.010951136805825783,0.7754520877140282,3691381251,0,text,=,original,rand 3,results/folktexts/0-variations/model-Qwen--Qwen2.5-72B-Instruct/Qwen--Qwen2.5-72B-Instruct_task-ACSIncome/Qwen--Qwen2.5-72B-Instruct_bench-3691381251/results.bench-3691381251.json,results/folktexts/0-variations/model-Qwen--Qwen2.5-72B-Instruct/Qwen--Qwen2.5-72B-Instruct_task-ACSIncome/Qwen--Qwen2.5-72B-Instruct_bench-3106433755/ACSIncome_full_seed-42_hash-1998608642.test_predictions.csv
ACSIncome,Qwen--Qwen2.5-72B-Instruct,1,1,0.022900763358778626,0.7611174526884951,232450733,0,comma,:,low,rand 3,results/folktexts/0-variations/model-Qwen--Qwen2.5-72B-Instruct/Qwen--Qwen2.5-72B-Instruct_task-ACSIncome/Qwen--Qwen2.5-72B-Instruct_bench-232450733/results.bench-232450733.json,results/folktexts/0-variations/model-Qwen--Qwen2.5-72B-Instruct/Qwen--Qwen2.5-72B-Instruct_task-ACSIncome/Qwen--Qwen2.5-72B-Instruct_bench-3239997483/ACSIncome_full_seed-42_hash-1998608642.test_predictions.csv
ACSIncome,Qwen--Qwen2.5-72B-Instruct,1,1,0.0011742266568089614,0.7521958546109943,491527800,0,bullet,=,original,rand 3,results/folktexts/0-variations/model-Qwen--Qwen2.5-72B-Instruct/Qwen--Qwen2.5-72B-Instruct_task-ACSIncome/Qwen--Qwen2.5-72B-Instruct_bench-491527800/results.bench-491527800.json,results/folktexts/0-variations/model-Qwen--Qwen2.5-72B-Instruct/Qwen--Qwen2.5-72B-Instruct_task-ACSIncome/Qwen--Qwen2.5-72B-Instruct_bench-2608422448/ACSIncome_full_seed-42_hash-1998608642.test_predictions.csv
ACSIncome,Qwen--Qwen2.5-72B-Instruct,1,1,0.047619047619047616,0.7583959146890958,2659000359,0,bullet,=,low, reversed,results/folktexts/0-variations/model-Qwen--Qwen2.5-72B-Instruct/Qwen--Qwen2.5-72B-Instruct_task-ACSIncome/Qwen--Qwen2.5-72B-Instruct_bench-2659000359/results.bench-2659000359.json,results/folktexts/0-variations/model-Qwen--Qwen2.5-72B-Instruct/Qwen--Qwen2.5-72B-Instruct_task-ACSIncome/Qwen--Qwen2.5-72B-Instruct_bench-3978442042/ACSIncome_full_seed-42_hash-1998608642.test_predictions.csv
ACSIncome,Qwen--Qwen2.5-72B-Instruct,1,1,0.3480392156862745,0.7672934815259838,3800384656,0,comma,is,low,rand 2,results/folktexts/0-variations/model-Qwen--Qwen2.5-72B-Instruct/Qwen--Qwen2.5-72B-Instruct_task-ACSIncome/Qwen--Qwen2.5-72B-Instruct_bench-3800384656/results.bench-3800384656.json,results/folktexts/0-variations/model-Qwen--Qwen2.5-72B-Instruct/Qwen--Qwen2.5-72B-Instruct_task-ACSIncome/Qwen--Qwen2.5-72B-Instruct_bench-2652126725/ACSIncome_full_seed-42_hash-1998608642.test_predictions.csv
ACSIncome,Qwen--Qwen2.5-72B-Instruct,1,1,0.06771073238139107,0.7515169720636828,1228428371,0,comma,:,low,rand 1,results/folktexts/0-variations/model-Qwen--Qwen2.5-72B-Instruct/Qwen--Qwen2.5-72B-Instruct_task-ACSIncome/Qwen--Qwen2.5-72B-Instruct_bench-1228428371/results.bench-1228428371.json,results/folktexts/0-variations/model-Qwen--Qwen2.5-72B-Instruct/Qwen--Qwen2.5-72B-Instruct_task-ACSIncome/Qwen--Qwen2.5-72B-Instruct_bench-3574272225/ACSIncome_full_seed-42_hash-1998608642.test_predictions.csv
ACSIncome,Qwen--Qwen2.5-72B-Instruct,1,1,0.03300790330079033,0.7500871132472214,3521557537,0,text,:,low,rand 1,results/folktexts/0-variations/model-Qwen--Qwen2.5-72B-Instruct/Qwen--Qwen2.5-72B-Instruct_task-ACSIncome/Qwen--Qwen2.5-72B-Instruct_bench-3521557537/results.bench-3521557537.json,results/folktexts/0-variations/model-Qwen--Qwen2.5-72B-Instruct/Qwen--Qwen2.5-72B-Instruct_task-ACSIncome/Qwen--Qwen2.5-72B-Instruct_bench-1889606785/ACSIncome_full_seed-42_hash-1998608642.test_predictions.csv
ACSIncome,Qwen--Qwen2.5-72B-Instruct,1,1,0.0021697610664310678,0.7565635325923701,1151446076,0,comma,is,original,rand 3,results/folktexts/0-variations/model-Qwen--Qwen2.5-72B-Instruct/Qwen--Qwen2.5-72B-Instruct_task-ACSIncome/Qwen--Qwen2.5-72B-Instruct_bench-1151446076/results.bench-1151446076.json,results/folktexts/0-variations/model-Qwen--Qwen2.5-72B-Instruct/Qwen--Qwen2.5-72B-Instruct_task-ACSIncome/Qwen--Qwen2.5-72B-Instruct_bench-3460989462/ACSIncome_full_seed-42_hash-1998608642.test_predictions.csv
ACSIncome,Qwen--Qwen2.5-72B-Instruct,1,1,0.008598621595011487,0.7758425953739861,3173972935,0,comma,is,original,default,results/folktexts/0-variations/model-Qwen--Qwen2.5-72B-Instruct/Qwen--Qwen2.5-72B-Instruct_task-ACSIncome/Qwen--Qwen2.5-72B-Instruct_bench-3173972935/results.bench-3173972935.json,results/folktexts/0-variations/model-Qwen--Qwen2.5-72B-Instruct/Qwen--Qwen2.5-72B-Instruct_task-ACSIncome/Qwen--Qwen2.5-72B-Instruct_bench-1223394264/ACSIncome_full_seed-42_hash-1998608642.test_predictions.csv
ACSIncome,Qwen--Qwen2.5-72B-Instruct,1,1,0.03741746148202495,0.7539741664163413,3723624460,0,bullet,is,low, reversed,results/folktexts/0-variations/model-Qwen--Qwen2.5-72B-Instruct/Qwen--Qwen2.5-72B-Instruct_task-ACSIncome/Qwen--Qwen2.5-72B-Instruct_bench-3723624460/results.bench-3723624460.json,results/folktexts/0-variations/model-Qwen--Qwen2.5-72B-Instruct/Qwen--Qwen2.5-72B-Instruct_task-ACSIncome/Qwen--Qwen2.5-72B-Instruct_bench-2739873986/ACSIncome_full_seed-42_hash-1998608642.test_predictions.csv
ACSIncome,Qwen--Qwen2.5-72B-Instruct,1,1,0.3203342618384401,0.7770982276960048,3063927888,0,bullet,=,low,rand 2,results/folktexts/0-variations/model-Qwen--Qwen2.5-72B-Instruct/Qwen--Qwen2.5-72B-Instruct_task-ACSIncome/Qwen--Qwen2.5-72B-Instruct_bench-3063927888/results.bench-3063927888.json,results/folktexts/0-variations/model-Qwen--Qwen2.5-72B-Instruct/Qwen--Qwen2.5-72B-Instruct_task-ACSIncome/Qwen--Qwen2.5-72B-Instruct_bench-666478023/ACSIncome_full_seed-42_hash-1998608642.test_predictions.csv
ACSIncome,Qwen--Qwen2.5-72B-Instruct,1,1,0.008600311824171402,0.7549954941423851,4135601361,0,comma,is,low,rand 3,results/folktexts/0-variations/model-Qwen--Qwen2.5-72B-Instruct/Qwen--Qwen2.5-72B-Instruct_task-ACSIncome/Qwen--Qwen2.5-72B-Instruct_bench-4135601361/results.bench-4135601361.json,results/folktexts/0-variations/model-Qwen--Qwen2.5-72B-Instruct/Qwen--Qwen2.5-72B-Instruct_task-ACSIncome/Qwen--Qwen2.5-72B-Instruct_bench-4107948283/ACSIncome_full_seed-42_hash-1998608642.test_predictions.csv
ACSIncome,Qwen--Qwen2.5-72B-Instruct,1,1,0.03726193762075628,0.7553920096124962,3835238897,0,comma,=,low,default,results/folktexts/0-variations/model-Qwen--Qwen2.5-72B-Instruct/Qwen--Qwen2.5-72B-Instruct_task-ACSIncome/Qwen--Qwen2.5-72B-Instruct_bench-3835238897/results.bench-3835238897.json,results/folktexts/0-variations/model-Qwen--Qwen2.5-72B-Instruct/Qwen--Qwen2.5-72B-Instruct_task-ACSIncome/Qwen--Qwen2.5-72B-Instruct_bench-2765964151/ACSIncome_full_seed-42_hash-1998608642.test_predictions.csv
ACSIncome,Qwen--Qwen2.5-72B-Instruct,1,1,0.060155697098372256,0.7533433463502553,2176935243,0,comma,=,low, reversed,results/folktexts/0-variations/model-Qwen--Qwen2.5-72B-Instruct/Qwen--Qwen2.5-72B-Instruct_task-ACSIncome/Qwen--Qwen2.5-72B-Instruct_bench-2176935243/results.bench-2176935243.json,results/folktexts/0-variations/model-Qwen--Qwen2.5-72B-Instruct/Qwen--Qwen2.5-72B-Instruct_task-ACSIncome/Qwen--Qwen2.5-72B-Instruct_bench-113316322/ACSIncome_full_seed-42_hash-1998608642.test_predictions.csv
ACSIncome,Qwen--Qwen2.5-72B-Instruct,1,1,0.01245367839134925,0.7551757284469811,2756884914,0,text,=,low,rand 3,results/folktexts/0-variations/model-Qwen--Qwen2.5-72B-Instruct/Qwen--Qwen2.5-72B-Instruct_task-ACSIncome/Qwen--Qwen2.5-72B-Instruct_bench-2756884914/results.bench-2756884914.json,results/folktexts/0-variations/model-Qwen--Qwen2.5-72B-Instruct/Qwen--Qwen2.5-72B-Instruct_task-ACSIncome/Qwen--Qwen2.5-72B-Instruct_bench-3093844525/ACSIncome_full_seed-42_hash-1998608642.test_predictions.csv
ACSIncome,Qwen--Qwen2.5-72B-Instruct,1,1,0.24438573315719947,0.7766416341243617,1602886547,0,text,=,original, reversed,results/folktexts/0-variations/model-Qwen--Qwen2.5-72B-Instruct/Qwen--Qwen2.5-72B-Instruct_task-ACSIncome/Qwen--Qwen2.5-72B-Instruct_bench-1602886547/results.bench-1602886547.json,results/folktexts/0-variations/model-Qwen--Qwen2.5-72B-Instruct/Qwen--Qwen2.5-72B-Instruct_task-ACSIncome/Qwen--Qwen2.5-72B-Instruct_bench-1397380372/ACSIncome_full_seed-42_hash-1998608642.test_predictions.csv
ACSIncome,Qwen--Qwen2.5-72B-Instruct,1,1,0.014026212922510922,0.7588525082607389,3109975777,0,text,is,original,rand 1,results/folktexts/0-variations/model-Qwen--Qwen2.5-72B-Instruct/Qwen--Qwen2.5-72B-Instruct_task-ACSIncome/Qwen--Qwen2.5-72B-Instruct_bench-3109975777/results.bench-3109975777.json,results/folktexts/0-variations/model-Qwen--Qwen2.5-72B-Instruct/Qwen--Qwen2.5-72B-Instruct_task-ACSIncome/Qwen--Qwen2.5-72B-Instruct_bench-1231303361/ACSIncome_full_seed-42_hash-1998608642.test_predictions.csv
ACSIncome,meta-llama--Meta-Llama-3-8B-Instruct,1,0,0.5,0.6096485431060379,3994219878,0,comma,is,original,rand 1,results/folktexts/0-variations/model-meta-llama--Meta-Llama-3-8B-Instruct/meta-llama--Meta-Llama-3-8B-Instruct_task-ACSIncome/meta-llama--Meta-Llama-3-8B-Instruct_bench-3994219878/results.bench-3994219878.json,results/folktexts/0-variations/model-meta-llama--Meta-Llama-3-8B-Instruct/meta-llama--Meta-Llama-3-8B-Instruct_task-ACSIncome/meta-llama--Meta-Llama-3-8B-Instruct_bench-3994219878/ACSIncome_full_seed-42_hash-1998608642.test_predictions.csv
ACSIncome,meta-llama--Meta-Llama-3-8B-Instruct,1,1,0.9627965043695381,0.7655211775307901,1201428902,0,bullet,is,original, reversed,results/folktexts/0-variations/model-meta-llama--Meta-Llama-3-8B-Instruct/meta-llama--Meta-Llama-3-8B-Instruct_task-ACSIncome/meta-llama--Meta-Llama-3-8B-Instruct_bench-1201428902/results.bench-1201428902.json,results/folktexts/0-variations/model-meta-llama--Meta-Llama-3-8B-Instruct/meta-llama--Meta-Llama-3-8B-Instruct_task-ACSIncome/meta-llama--Meta-Llama-3-8B-Instruct_bench-1934340821/ACSIncome_full_seed-42_hash-1998608642.test_predictions.csv
ACSIncome,meta-llama--Meta-Llama-3-8B-Instruct,1,1,0.8934010152284264,0.7347311504956443,2357537554,0,text,=,original,default,results/folktexts/0-variations/model-meta-llama--Meta-Llama-3-8B-Instruct/meta-llama--Meta-Llama-3-8B-Instruct_task-ACSIncome/meta-llama--Meta-Llama-3-8B-Instruct_bench-2357537554/results.bench-2357537554.json,results/folktexts/0-variations/model-meta-llama--Meta-Llama-3-8B-Instruct/meta-llama--Meta-Llama-3-8B-Instruct_task-ACSIncome/meta-llama--Meta-Llama-3-8B-Instruct_bench-2669547141/ACSIncome_full_seed-42_hash-1998608642.test_predictions.csv
ACSIncome,meta-llama--Meta-Llama-3-8B-Instruct,1,0,0.5,0.6257795133673776,950682233,0,bullet,:,original,rand 3,results/folktexts/0-variations/model-meta-llama--Meta-Llama-3-8B-Instruct/meta-llama--Meta-Llama-3-8B-Instruct_task-ACSIncome/meta-llama--Meta-Llama-3-8B-Instruct_bench-950682233/results.bench-950682233.json,results/folktexts/0-variations/model-meta-llama--Meta-Llama-3-8B-Instruct/meta-llama--Meta-Llama-3-8B-Instruct_task-ACSIncome/meta-llama--Meta-Llama-3-8B-Instruct_bench-950682233/ACSIncome_full_seed-42_hash-1998608642.test_predictions.csv
ACSIncome,meta-llama--Meta-Llama-3-8B-Instruct,1,1,0.9399899142713061,0.7629918894562931,1709768588,0,comma,is,original,default,results/folktexts/0-variations/model-meta-llama--Meta-Llama-3-8B-Instruct/meta-llama--Meta-Llama-3-8B-Instruct_task-ACSIncome/meta-llama--Meta-Llama-3-8B-Instruct_bench-1709768588/results.bench-1709768588.json,results/folktexts/0-variations/model-meta-llama--Meta-Llama-3-8B-Instruct/meta-llama--Meta-Llama-3-8B-Instruct_task-ACSIncome/meta-llama--Meta-Llama-3-8B-Instruct_bench-285315274/ACSIncome_full_seed-42_hash-1998608642.test_predictions.csv
ACSIncome,meta-llama--Meta-Llama-3-8B-Instruct,1,0,0.5,0.6845479122859718,2729434647,0,comma,is,low,rand 3,results/folktexts/0-variations/model-meta-llama--Meta-Llama-3-8B-Instruct/meta-llama--Meta-Llama-3-8B-Instruct_task-ACSIncome/meta-llama--Meta-Llama-3-8B-Instruct_bench-2729434647/results.bench-2729434647.json,results/folktexts/0-variations/model-meta-llama--Meta-Llama-3-8B-Instruct/meta-llama--Meta-Llama-3-8B-Instruct_task-ACSIncome/meta-llama--Meta-Llama-3-8B-Instruct_bench-2729434647/ACSIncome_full_seed-42_hash-1998608642.test_predictions.csv
ACSIncome,meta-llama--Meta-Llama-3-8B-Instruct,1,0,0.5,0.5724782216881946,80916486,0,comma,:,original, reversed,results/folktexts/0-variations/model-meta-llama--Meta-Llama-3-8B-Instruct/meta-llama--Meta-Llama-3-8B-Instruct_task-ACSIncome/meta-llama--Meta-Llama-3-8B-Instruct_bench-80916486/results.bench-80916486.json,results/folktexts/0-variations/model-meta-llama--Meta-Llama-3-8B-Instruct/meta-llama--Meta-Llama-3-8B-Instruct_task-ACSIncome/meta-llama--Meta-Llama-3-8B-Instruct_bench-80916486/ACSIncome_full_seed-42_hash-1998608642.test_predictions.csv
ACSIncome,meta-llama--Meta-Llama-3-8B-Instruct,1,1,0.8672659968270756,0.7245178732352058,2753907111,0,comma,:,original,rand 3,results/folktexts/0-variations/model-meta-llama--Meta-Llama-3-8B-Instruct/meta-llama--Meta-Llama-3-8B-Instruct_task-ACSIncome/meta-llama--Meta-Llama-3-8B-Instruct_bench-2753907111/results.bench-2753907111.json,results/folktexts/0-variations/model-meta-llama--Meta-Llama-3-8B-Instruct/meta-llama--Meta-Llama-3-8B-Instruct_task-ACSIncome/meta-llama--Meta-Llama-3-8B-Instruct_bench-373799479/ACSIncome_full_seed-42_hash-1998608642.test_predictions.csv
ACSIncome,meta-llama--Meta-Llama-3-8B-Instruct,1,0,0.5,0.6219465304896366,856629311,0,text,is,low,rand 1,results/folktexts/0-variations/model-meta-llama--Meta-Llama-3-8B-Instruct/meta-llama--Meta-Llama-3-8B-Instruct_task-ACSIncome/meta-llama--Meta-Llama-3-8B-Instruct_bench-856629311/results.bench-856629311.json,results/folktexts/0-variations/model-meta-llama--Meta-Llama-3-8B-Instruct/meta-llama--Meta-Llama-3-8B-Instruct_task-ACSIncome/meta-llama--Meta-Llama-3-8B-Instruct_bench-856629311/ACSIncome_full_seed-42_hash-1998608642.test_predictions.csv
ACSIncome,meta-llama--Meta-Llama-3-8B-Instruct,1,0,0.5,0.6175788525082607,71446866,0,bullet,=,original,rand 3,results/folktexts/0-variations/model-meta-llama--Meta-Llama-3-8B-Instruct/meta-llama--Meta-Llama-3-8B-Instruct_task-ACSIncome/meta-llama--Meta-Llama-3-8B-Instruct_bench-71446866/results.bench-71446866.json,results/folktexts/0-variations/model-meta-llama--Meta-Llama-3-8B-Instruct/meta-llama--Meta-Llama-3-8B-Instruct_task-ACSIncome/meta-llama--Meta-Llama-3-8B-Instruct_bench-71446866/ACSIncome_full_seed-42_hash-1998608642.test_predictions.csv
ACSIncome,meta-llama--Meta-Llama-3-8B-Instruct,1,0,0.5,0.589654550916191,2241166705,0,text,:,original,rand 1,results/folktexts/0-variations/model-meta-llama--Meta-Llama-3-8B-Instruct/meta-llama--Meta-Llama-3-8B-Instruct_task-ACSIncome/meta-llama--Meta-Llama-3-8B-Instruct_bench-2241166705/results.bench-2241166705.json,results/folktexts/0-variations/model-meta-llama--Meta-Llama-3-8B-Instruct/meta-llama--Meta-Llama-3-8B-Instruct_task-ACSIncome/meta-llama--Meta-Llama-3-8B-Instruct_bench-2241166705/ACSIncome_full_seed-42_hash-1998608642.test_predictions.csv
ACSIncome,meta-llama--Meta-Llama-3-8B-Instruct,1,1,0.9324662331165583,0.7615860618804445,2225860369,0,text,=,low,rand 3,results/folktexts/0-variations/model-meta-llama--Meta-Llama-3-8B-Instruct/meta-llama--Meta-Llama-3-8B-Instruct_task-ACSIncome/meta-llama--Meta-Llama-3-8B-Instruct_bench-2225860369/results.bench-2225860369.json,results/folktexts/0-variations/model-meta-llama--Meta-Llama-3-8B-Instruct/meta-llama--Meta-Llama-3-8B-Instruct_task-ACSIncome/meta-llama--Meta-Llama-3-8B-Instruct_bench-3934581945/ACSIncome_full_seed-42_hash-1998608642.test_predictions.csv
ACSIncome,meta-llama--Meta-Llama-3-8B-Instruct,1,0,0.5,0.634268549113848,373799479,0,comma,:,original,rand 3,results/folktexts/0-variations/model-meta-llama--Meta-Llama-3-8B-Instruct/meta-llama--Meta-Llama-3-8B-Instruct_task-ACSIncome/meta-llama--Meta-Llama-3-8B-Instruct_bench-373799479/results.bench-373799479.json,results/folktexts/0-variations/model-meta-llama--Meta-Llama-3-8B-Instruct/meta-llama--Meta-Llama-3-8B-Instruct_task-ACSIncome/meta-llama--Meta-Llama-3-8B-Instruct_bench-373799479/ACSIncome_full_seed-42_hash-1998608642.test_predictions.csv
ACSIncome,meta-llama--Meta-Llama-3-8B-Instruct,1,0,0.5,0.6185581255632322,2301170192,0,bullet,:,low,default,results/folktexts/0-variations/model-meta-llama--Meta-Llama-3-8B-Instruct/meta-llama--Meta-Llama-3-8B-Instruct_task-ACSIncome/meta-llama--Meta-Llama-3-8B-Instruct_bench-2301170192/results.bench-2301170192.json,results/folktexts/0-variations/model-meta-llama--Meta-Llama-3-8B-Instruct/meta-llama--Meta-Llama-3-8B-Instruct_task-ACSIncome/meta-llama--Meta-Llama-3-8B-Instruct_bench-2301170192/ACSIncome_full_seed-42_hash-1998608642.test_predictions.csv
ACSIncome,meta-llama--Meta-Llama-3-8B-Instruct,1,0,0.5,0.6598017422649445,1099518921,0,comma,=,low,rand 2,results/folktexts/0-variations/model-meta-llama--Meta-Llama-3-8B-Instruct/meta-llama--Meta-Llama-3-8B-Instruct_task-ACSIncome/meta-llama--Meta-Llama-3-8B-Instruct_bench-1099518921/results.bench-1099518921.json,results/folktexts/0-variations/model-meta-llama--Meta-Llama-3-8B-Instruct/meta-llama--Meta-Llama-3-8B-Instruct_task-ACSIncome/meta-llama--Meta-Llama-3-8B-Instruct_bench-1099518921/ACSIncome_full_seed-42_hash-1998608642.test_predictions.csv
ACSIncome,meta-llama--Meta-Llama-3-8B-Instruct,1,0,0.5,0.6529948933613697,144052510,0,comma,is,original,rand 3,results/folktexts/0-variations/model-meta-llama--Meta-Llama-3-8B-Instruct/meta-llama--Meta-Llama-3-8B-Instruct_task-ACSIncome/meta-llama--Meta-Llama-3-8B-Instruct_bench-144052510/results.bench-144052510.json,results/folktexts/0-variations/model-meta-llama--Meta-Llama-3-8B-Instruct/meta-llama--Meta-Llama-3-8B-Instruct_task-ACSIncome/meta-llama--Meta-Llama-3-8B-Instruct_bench-144052510/ACSIncome_full_seed-42_hash-1998608642.test_predictions.csv
ACSIncome,meta-llama--Meta-Llama-3-8B-Instruct,1,0,0.5,0.5924121357765094,3250830355,0,bullet,is,low,rand 1,results/folktexts/0-variations/model-meta-llama--Meta-Llama-3-8B-Instruct/meta-llama--Meta-Llama-3-8B-Instruct_task-ACSIncome/meta-llama--Meta-Llama-3-8B-Instruct_bench-3250830355/results.bench-3250830355.json,results/folktexts/0-variations/model-meta-llama--Meta-Llama-3-8B-Instruct/meta-llama--Meta-Llama-3-8B-Instruct_task-ACSIncome/meta-llama--Meta-Llama-3-8B-Instruct_bench-3250830355/ACSIncome_full_seed-42_hash-1998608642.test_predictions.csv
ACSIncome,meta-llama--Meta-Llama-3-8B-Instruct,1,1,0.9399532102937354,0.7516551516972063,620112500,0,text,:,original,default,results/folktexts/0-variations/model-meta-llama--Meta-Llama-3-8B-Instruct/meta-llama--Meta-Llama-3-8B-Instruct_task-ACSIncome/meta-llama--Meta-Llama-3-8B-Instruct_bench-620112500/results.bench-620112500.json,results/folktexts/0-variations/model-meta-llama--Meta-Llama-3-8B-Instruct/meta-llama--Meta-Llama-3-8B-Instruct_task-ACSIncome/meta-llama--Meta-Llama-3-8B-Instruct_bench-3638541083/ACSIncome_full_seed-42_hash-1998608642.test_predictions.csv
ACSIncome,meta-llama--Meta-Llama-3-8B-Instruct,1,1,0.9048106448311156,0.7383538600180234,3316114058,0,text,is,original,default,results/folktexts/0-variations/model-meta-llama--Meta-Llama-3-8B-Instruct/meta-llama--Meta-Llama-3-8B-Instruct_task-ACSIncome/meta-llama--Meta-Llama-3-8B-Instruct_bench-3316114058/results.bench-3316114058.json,results/folktexts/0-variations/model-meta-llama--Meta-Llama-3-8B-Instruct/meta-llama--Meta-Llama-3-8B-Instruct_task-ACSIncome/meta-llama--Meta-Llama-3-8B-Instruct_bench-3579388913/ACSIncome_full_seed-42_hash-1998608642.test_predictions.csv
ACSIncome,meta-llama--Meta-Llama-3-8B-Instruct,1,0,0.5,0.6372123760889156,1287941946,0,text,=,original,rand 3,results/folktexts/0-variations/model-meta-llama--Meta-Llama-3-8B-Instruct/meta-llama--Meta-Llama-3-8B-Instruct_task-ACSIncome/meta-llama--Meta-Llama-3-8B-Instruct_bench-1287941946/results.bench-1287941946.json,results/folktexts/0-variations/model-meta-llama--Meta-Llama-3-8B-Instruct/meta-llama--Meta-Llama-3-8B-Instruct_task-ACSIncome/meta-llama--Meta-Llama-3-8B-Instruct_bench-1287941946/ACSIncome_full_seed-42_hash-1998608642.test_predictions.csv
ACSIncome,meta-llama--Meta-Llama-3-8B-Instruct,1,1,0.924318869828456,0.7598017422649445,1647642682,0,comma,is,low,rand 3,results/folktexts/0-variations/model-meta-llama--Meta-Llama-3-8B-Instruct/meta-llama--Meta-Llama-3-8B-Instruct_task-ACSIncome/meta-llama--Meta-Llama-3-8B-Instruct_bench-1647642682/results.bench-1647642682.json,results/folktexts/0-variations/model-meta-llama--Meta-Llama-3-8B-Instruct/meta-llama--Meta-Llama-3-8B-Instruct_task-ACSIncome/meta-llama--Meta-Llama-3-8B-Instruct_bench-2729434647/ACSIncome_full_seed-42_hash-1998608642.test_predictions.csv
ACSIncome,meta-llama--Meta-Llama-3-8B-Instruct,1,1,0.9668536460989291,0.7609792730549715,2893689847,0,text,:,low,default,results/folktexts/0-variations/model-meta-llama--Meta-Llama-3-8B-Instruct/meta-llama--Meta-Llama-3-8B-Instruct_task-ACSIncome/meta-llama--Meta-Llama-3-8B-Instruct_bench-2893689847/results.bench-2893689847.json,results/folktexts/0-variations/model-meta-llama--Meta-Llama-3-8B-Instruct/meta-llama--Meta-Llama-3-8B-Instruct_task-ACSIncome/meta-llama--Meta-Llama-3-8B-Instruct_bench-2178765316/ACSIncome_full_seed-42_hash-1998608642.test_predictions.csv
ACSIncome,meta-llama--Meta-Llama-3-8B-Instruct,1,1,0.9707688528617048,0.7653229197957344,3729785488,0,bullet,is,low,default,results/folktexts/0-variations/model-meta-llama--Meta-Llama-3-8B-Instruct/meta-llama--Meta-Llama-3-8B-Instruct_task-ACSIncome/meta-llama--Meta-Llama-3-8B-Instruct_bench-3729785488/results.bench-3729785488.json,results/folktexts/0-variations/model-meta-llama--Meta-Llama-3-8B-Instruct/meta-llama--Meta-Llama-3-8B-Instruct_task-ACSIncome/meta-llama--Meta-Llama-3-8B-Instruct_bench-1563646315/ACSIncome_full_seed-42_hash-1998608642.test_predictions.csv
ACSIncome,meta-llama--Meta-Llama-3-8B-Instruct,1,0,0.5,0.6815800540702914,3291721960,0,comma,=,low,rand 3,results/folktexts/0-variations/model-meta-llama--Meta-Llama-3-8B-Instruct/meta-llama--Meta-Llama-3-8B-Instruct_task-ACSIncome/meta-llama--Meta-Llama-3-8B-Instruct_bench-3291721960/results.bench-3291721960.json,results/folktexts/0-variations/model-meta-llama--Meta-Llama-3-8B-Instruct/meta-llama--Meta-Llama-3-8B-Instruct_task-ACSIncome/meta-llama--Meta-Llama-3-8B-Instruct_bench-3291721960/ACSIncome_full_seed-42_hash-1998608642.test_predictions.csv
ACSIncome,meta-llama--Meta-Llama-3-8B-Instruct,1,1,0.9625246548323472,0.7595073595674376,1754120696,0,bullet,=,low,default,results/folktexts/0-variations/model-meta-llama--Meta-Llama-3-8B-Instruct/meta-llama--Meta-Llama-3-8B-Instruct_task-ACSIncome/meta-llama--Meta-Llama-3-8B-Instruct_bench-1754120696/results.bench-1754120696.json,results/folktexts/0-variations/model-meta-llama--Meta-Llama-3-8B-Instruct/meta-llama--Meta-Llama-3-8B-Instruct_task-ACSIncome/meta-llama--Meta-Llama-3-8B-Instruct_bench-1344756516/ACSIncome_full_seed-42_hash-1998608642.test_predictions.csv
ACSIncome,meta-llama--Meta-Llama-3-8B-Instruct,1,1,0.9049049049049048,0.7420546710723941,1272455969,0,bullet,=,original,rand 3,results/folktexts/0-variations/model-meta-llama--Meta-Llama-3-8B-Instruct/meta-llama--Meta-Llama-3-8B-Instruct_task-ACSIncome/meta-llama--Meta-Llama-3-8B-Instruct_bench-1272455969/results.bench-1272455969.json,results/folktexts/0-variations/model-meta-llama--Meta-Llama-3-8B-Instruct/meta-llama--Meta-Llama-3-8B-Instruct_task-ACSIncome/meta-llama--Meta-Llama-3-8B-Instruct_bench-71446866/ACSIncome_full_seed-42_hash-1998608642.test_predictions.csv
ACSIncome,meta-llama--Meta-Llama-3-8B-Instruct,1,1,0.8933804951995957,0.742355061580054,501981991,0,comma,=,low, reversed,results/folktexts/0-variations/model-meta-llama--Meta-Llama-3-8B-Instruct/meta-llama--Meta-Llama-3-8B-Instruct_task-ACSIncome/meta-llama--Meta-Llama-3-8B-Instruct_bench-501981991/results.bench-501981991.json,results/folktexts/0-variations/model-meta-llama--Meta-Llama-3-8B-Instruct/meta-llama--Meta-Llama-3-8B-Instruct_task-ACSIncome/meta-llama--Meta-Llama-3-8B-Instruct_bench-3905977442/ACSIncome_full_seed-42_hash-1998608642.test_predictions.csv
ACSIncome,meta-llama--Meta-Llama-3-8B-Instruct,1,1,0.9466210886142519,0.7550375488134575,2609096595,0,comma,:,low,default,results/folktexts/0-variations/model-meta-llama--Meta-Llama-3-8B-Instruct/meta-llama--Meta-Llama-3-8B-Instruct_task-ACSIncome/meta-llama--Meta-Llama-3-8B-Instruct_bench-2609096595/results.bench-2609096595.json,results/folktexts/0-variations/model-meta-llama--Meta-Llama-3-8B-Instruct/meta-llama--Meta-Llama-3-8B-Instruct_task-ACSIncome/meta-llama--Meta-Llama-3-8B-Instruct_bench-4276759476/ACSIncome_full_seed-42_hash-1998608642.test_predictions.csv
ACSIncome,meta-llama--Meta-Llama-3-8B-Instruct,1,0,0.5,0.6216881946530489,1519833559,0,text,is,low,rand 2,results/folktexts/0-variations/model-meta-llama--Meta-Llama-3-8B-Instruct/meta-llama--Meta-Llama-3-8B-Instruct_task-ACSIncome/meta-llama--Meta-Llama-3-8B-Instruct_bench-1519833559/results.bench-1519833559.json,results/folktexts/0-variations/model-meta-llama--Meta-Llama-3-8B-Instruct/meta-llama--Meta-Llama-3-8B-Instruct_task-ACSIncome/meta-llama--Meta-Llama-3-8B-Instruct_bench-1519833559/ACSIncome_full_seed-42_hash-1998608642.test_predictions.csv
ACSIncome,meta-llama--Meta-Llama-3-8B-Instruct,1,1,0.9326424870466321,0.7662421147491739,1358735614,0,text,=,original,rand 3,results/folktexts/0-variations/model-meta-llama--Meta-Llama-3-8B-Instruct/meta-llama--Meta-Llama-3-8B-Instruct_task-ACSIncome/meta-llama--Meta-Llama-3-8B-Instruct_bench-1358735614/results.bench-1358735614.json,results/folktexts/0-variations/model-meta-llama--Meta-Llama-3-8B-Instruct/meta-llama--Meta-Llama-3-8B-Instruct_task-ACSIncome/meta-llama--Meta-Llama-3-8B-Instruct_bench-1287941946/ACSIncome_full_seed-42_hash-1998608642.test_predictions.csv
ACSIncome,meta-llama--Meta-Llama-3-8B-Instruct,1,0,0.5,0.6090237308501051,426965026,0,bullet,is,original,rand 3,results/folktexts/0-variations/model-meta-llama--Meta-Llama-3-8B-Instruct/meta-llama--Meta-Llama-3-8B-Instruct_task-ACSIncome/meta-llama--Meta-Llama-3-8B-Instruct_bench-426965026/results.bench-426965026.json,results/folktexts/0-variations/model-meta-llama--Meta-Llama-3-8B-Instruct/meta-llama--Meta-Llama-3-8B-Instruct_task-ACSIncome/meta-llama--Meta-Llama-3-8B-Instruct_bench-426965026/ACSIncome_full_seed-42_hash-1998608642.test_predictions.csv
ACSIncome,meta-llama--Meta-Llama-3-8B-Instruct,1,1,0.9323456790123456,0.7368098528086513,157667318,0,bullet,=,low,rand 1,results/folktexts/0-variations/model-meta-llama--Meta-Llama-3-8B-Instruct/meta-llama--Meta-Llama-3-8B-Instruct_task-ACSIncome/meta-llama--Meta-Llama-3-8B-Instruct_bench-157667318/results.bench-157667318.json,results/folktexts/0-variations/model-meta-llama--Meta-Llama-3-8B-Instruct/meta-llama--Meta-Llama-3-8B-Instruct_task-ACSIncome/meta-llama--Meta-Llama-3-8B-Instruct_bench-2725569533/ACSIncome_full_seed-42_hash-1998608642.test_predictions.csv
ACSIncome,meta-llama--Meta-Llama-3-8B-Instruct,1,0,0.5,0.6011354761189547,1835285001,0,bullet,:,original,default,results/folktexts/0-variations/model-meta-llama--Meta-Llama-3-8B-Instruct/meta-llama--Meta-Llama-3-8B-Instruct_task-ACSIncome/meta-llama--Meta-Llama-3-8B-Instruct_bench-1835285001/results.bench-1835285001.json,results/folktexts/0-variations/model-meta-llama--Meta-Llama-3-8B-Instruct/meta-llama--Meta-Llama-3-8B-Instruct_task-ACSIncome/meta-llama--Meta-Llama-3-8B-Instruct_bench-1835285001/ACSIncome_full_seed-42_hash-1998608642.test_predictions.csv
ACSIncome,meta-llama--Meta-Llama-3-8B-Instruct,1,0,0.5,0.6384680084109342,1913228765,0,text,is,original,rand 3,results/folktexts/0-variations/model-meta-llama--Meta-Llama-3-8B-Instruct/meta-llama--Meta-Llama-3-8B-Instruct_task-ACSIncome/meta-llama--Meta-Llama-3-8B-Instruct_bench-1913228765/results.bench-1913228765.json,results/folktexts/0-variations/model-meta-llama--Meta-Llama-3-8B-Instruct/meta-llama--Meta-Llama-3-8B-Instruct_task-ACSIncome/meta-llama--Meta-Llama-3-8B-Instruct_bench-1913228765/ACSIncome_full_seed-42_hash-1998608642.test_predictions.csv
ACSIncome,meta-llama--Meta-Llama-3-8B-Instruct,1,0,0.5,0.6392189846800841,680920086,0,comma,:,low, reversed,results/folktexts/0-variations/model-meta-llama--Meta-Llama-3-8B-Instruct/meta-llama--Meta-Llama-3-8B-Instruct_task-ACSIncome/meta-llama--Meta-Llama-3-8B-Instruct_bench-680920086/results.bench-680920086.json,results/folktexts/0-variations/model-meta-llama--Meta-Llama-3-8B-Instruct/meta-llama--Meta-Llama-3-8B-Instruct_task-ACSIncome/meta-llama--Meta-Llama-3-8B-Instruct_bench-680920086/ACSIncome_full_seed-42_hash-1998608642.test_predictions.csv
ACSIncome,meta-llama--Meta-Llama-3-8B-Instruct,1,1,0.9740163325909428,0.7617122258936617,3768137523,0,bullet,:,low,rand 1,results/folktexts/0-variations/model-meta-llama--Meta-Llama-3-8B-Instruct/meta-llama--Meta-Llama-3-8B-Instruct_task-ACSIncome/meta-llama--Meta-Llama-3-8B-Instruct_bench-3768137523/results.bench-3768137523.json,results/folktexts/0-variations/model-meta-llama--Meta-Llama-3-8B-Instruct/meta-llama--Meta-Llama-3-8B-Instruct_task-ACSIncome/meta-llama--Meta-Llama-3-8B-Instruct_bench-1893228932/ACSIncome_full_seed-42_hash-1998608642.test_predictions.csv
ACSIncome,meta-llama--Meta-Llama-3-8B-Instruct,1,1,0.9577744659711872,0.758612195854611,3994137811,0,bullet,=,low, reversed,results/folktexts/0-variations/model-meta-llama--Meta-Llama-3-8B-Instruct/meta-llama--Meta-Llama-3-8B-Instruct_task-ACSIncome/meta-llama--Meta-Llama-3-8B-Instruct_bench-3994137811/results.bench-3994137811.json,results/folktexts/0-variations/model-meta-llama--Meta-Llama-3-8B-Instruct/meta-llama--Meta-Llama-3-8B-Instruct_task-ACSIncome/meta-llama--Meta-Llama-3-8B-Instruct_bench-1491173852/ACSIncome_full_seed-42_hash-1998608642.test_predictions.csv
ACSIncome,meta-llama--Meta-Llama-3-8B-Instruct,1,1,0.8934850051706308,0.7305497146290177,2889028985,0,text,is,low, reversed,results/folktexts/0-variations/model-meta-llama--Meta-Llama-3-8B-Instruct/meta-llama--Meta-Llama-3-8B-Instruct_task-ACSIncome/meta-llama--Meta-Llama-3-8B-Instruct_bench-2889028985/results.bench-2889028985.json,results/folktexts/0-variations/model-meta-llama--Meta-Llama-3-8B-Instruct/meta-llama--Meta-Llama-3-8B-Instruct_task-ACSIncome/meta-llama--Meta-Llama-3-8B-Instruct_bench-4244618846/ACSIncome_full_seed-42_hash-1998608642.test_predictions.csv
ACSIncome,meta-llama--Meta-Llama-3-8B-Instruct,1,1,0.9526329716856311,0.7477380594773205,2729995235,0,comma,:,low,rand 1,results/folktexts/0-variations/model-meta-llama--Meta-Llama-3-8B-Instruct/meta-llama--Meta-Llama-3-8B-Instruct_task-ACSIncome/meta-llama--Meta-Llama-3-8B-Instruct_bench-2729995235/results.bench-2729995235.json,results/folktexts/0-variations/model-meta-llama--Meta-Llama-3-8B-Instruct/meta-llama--Meta-Llama-3-8B-Instruct_task-ACSIncome/meta-llama--Meta-Llama-3-8B-Instruct_bench-625038329/ACSIncome_full_seed-42_hash-1998608642.test_predictions.csv
ACSIncome,meta-llama--Meta-Llama-3-8B-Instruct,1,1,0.9243188698284561,0.760090117152298,2474638852,0,comma,is,low,rand 3,results/folktexts/0-variations/model-meta-llama--Meta-Llama-3-8B-Instruct/meta-llama--Meta-Llama-3-8B-Instruct_task-ACSIncome/meta-llama--Meta-Llama-3-8B-Instruct_bench-2474638852/results.bench-2474638852.json,results/folktexts/0-variations/model-meta-llama--Meta-Llama-3-8B-Instruct/meta-llama--Meta-Llama-3-8B-Instruct_task-ACSIncome/meta-llama--Meta-Llama-3-8B-Instruct_bench-2729434647/ACSIncome_full_seed-42_hash-1998608642.test_predictions.csv
ACSIncome,meta-llama--Meta-Llama-3-8B-Instruct,1,1,0.8933601609657947,0.7366176028837489,3211221340,0,comma,=,original,default,results/folktexts/0-variations/model-meta-llama--Meta-Llama-3-8B-Instruct/meta-llama--Meta-Llama-3-8B-Instruct_task-ACSIncome/meta-llama--Meta-Llama-3-8B-Instruct_bench-3211221340/results.bench-3211221340.json,results/folktexts/0-variations/model-meta-llama--Meta-Llama-3-8B-Instruct/meta-llama--Meta-Llama-3-8B-Instruct_task-ACSIncome/meta-llama--Meta-Llama-3-8B-Instruct_bench-3252527189/ACSIncome_full_seed-42_hash-1998608642.test_predictions.csv
ACSIncome,meta-llama--Meta-Llama-3-8B-Instruct,1,0,0.5,0.6527185340943226,4276759476,0,comma,:,low,default,results/folktexts/0-variations/model-meta-llama--Meta-Llama-3-8B-Instruct/meta-llama--Meta-Llama-3-8B-Instruct_task-ACSIncome/meta-llama--Meta-Llama-3-8B-Instruct_bench-4276759476/results.bench-4276759476.json,results/folktexts/0-variations/model-meta-llama--Meta-Llama-3-8B-Instruct/meta-llama--Meta-Llama-3-8B-Instruct_task-ACSIncome/meta-llama--Meta-Llama-3-8B-Instruct_bench-4276759476/ACSIncome_full_seed-42_hash-1998608642.test_predictions.csv
ACSIncome,meta-llama--Meta-Llama-3-8B-Instruct,1,0,0.5,0.6356203063983178,1851498664,0,text,=,low,rand 1,results/folktexts/0-variations/model-meta-llama--Meta-Llama-3-8B-Instruct/meta-llama--Meta-Llama-3-8B-Instruct_task-ACSIncome/meta-llama--Meta-Llama-3-8B-Instruct_bench-1851498664/results.bench-1851498664.json,results/folktexts/0-variations/model-meta-llama--Meta-Llama-3-8B-Instruct/meta-llama--Meta-Llama-3-8B-Instruct_task-ACSIncome/meta-llama--Meta-Llama-3-8B-Instruct_bench-1851498664/ACSIncome_full_seed-42_hash-1998608642.test_predictions.csv
ACSIncome,meta-llama--Meta-Llama-3-8B-Instruct,1,0,0.5,0.6284409732652448,4244618846,0,text,is,low, reversed,results/folktexts/0-variations/model-meta-llama--Meta-Llama-3-8B-Instruct/meta-llama--Meta-Llama-3-8B-Instruct_task-ACSIncome/meta-llama--Meta-Llama-3-8B-Instruct_bench-4244618846/results.bench-4244618846.json,results/folktexts/0-variations/model-meta-llama--Meta-Llama-3-8B-Instruct/meta-llama--Meta-Llama-3-8B-Instruct_task-ACSIncome/meta-llama--Meta-Llama-3-8B-Instruct_bench-4244618846/ACSIncome_full_seed-42_hash-1998608642.test_predictions.csv
ACSIncome,meta-llama--Meta-Llama-3-8B-Instruct,1,1,0.9524304652976345,0.7565815560228297,3174570715,0,comma,:,low,rand 3,results/folktexts/0-variations/model-meta-llama--Meta-Llama-3-8B-Instruct/meta-llama--Meta-Llama-3-8B-Instruct_task-ACSIncome/meta-llama--Meta-Llama-3-8B-Instruct_bench-3174570715/results.bench-3174570715.json,results/folktexts/0-variations/model-meta-llama--Meta-Llama-3-8B-Instruct/meta-llama--Meta-Llama-3-8B-Instruct_task-ACSIncome/meta-llama--Meta-Llama-3-8B-Instruct_bench-4141458991/ACSIncome_full_seed-42_hash-1998608642.test_predictions.csv
ACSIncome,meta-llama--Meta-Llama-3-8B-Instruct,1,0,0.5,0.5814358666266146,2170803649,0,text,is,original,rand 2,results/folktexts/0-variations/model-meta-llama--Meta-Llama-3-8B-Instruct/meta-llama--Meta-Llama-3-8B-Instruct_task-ACSIncome/meta-llama--Meta-Llama-3-8B-Instruct_bench-2170803649/results.bench-2170803649.json,results/folktexts/0-variations/model-meta-llama--Meta-Llama-3-8B-Instruct/meta-llama--Meta-Llama-3-8B-Instruct_task-ACSIncome/meta-llama--Meta-Llama-3-8B-Instruct_bench-2170803649/ACSIncome_full_seed-42_hash-1998608642.test_predictions.csv
ACSIncome,meta-llama--Meta-Llama-3-8B-Instruct,1,1,0.9241447694595936,0.753181135476119,1636774742,0,bullet,=,low,rand 2,results/folktexts/0-variations/model-meta-llama--Meta-Llama-3-8B-Instruct/meta-llama--Meta-Llama-3-8B-Instruct_task-ACSIncome/meta-llama--Meta-Llama-3-8B-Instruct_bench-1636774742/results.bench-1636774742.json,results/folktexts/0-variations/model-meta-llama--Meta-Llama-3-8B-Instruct/meta-llama--Meta-Llama-3-8B-Instruct_task-ACSIncome/meta-llama--Meta-Llama-3-8B-Instruct_bench-3461076781/ACSIncome_full_seed-42_hash-1998608642.test_predictions.csv
ACSIncome,meta-llama--Meta-Llama-3-8B-Instruct,1,0,0.5,0.6647101231601081,3934581945,0,text,=,low,rand 3,results/folktexts/0-variations/model-meta-llama--Meta-Llama-3-8B-Instruct/meta-llama--Meta-Llama-3-8B-Instruct_task-ACSIncome/meta-llama--Meta-Llama-3-8B-Instruct_bench-3934581945/results.bench-3934581945.json,results/folktexts/0-variations/model-meta-llama--Meta-Llama-3-8B-Instruct/meta-llama--Meta-Llama-3-8B-Instruct_task-ACSIncome/meta-llama--Meta-Llama-3-8B-Instruct_bench-3934581945/ACSIncome_full_seed-42_hash-1998608642.test_predictions.csv
ACSIncome,meta-llama--Meta-Llama-3-8B-Instruct,1,0,0.5,0.6406848903574647,1653636906,0,text,=,low,default,results/folktexts/0-variations/model-meta-llama--Meta-Llama-3-8B-Instruct/meta-llama--Meta-Llama-3-8B-Instruct_task-ACSIncome/meta-llama--Meta-Llama-3-8B-Instruct_bench-1653636906/results.bench-1653636906.json,results/folktexts/0-variations/model-meta-llama--Meta-Llama-3-8B-Instruct/meta-llama--Meta-Llama-3-8B-Instruct_task-ACSIncome/meta-llama--Meta-Llama-3-8B-Instruct_bench-1653636906/ACSIncome_full_seed-42_hash-1998608642.test_predictions.csv
ACSIncome,meta-llama--Meta-Llama-3-8B-Instruct,1,1,0.939989914271306,0.762505256833884,4241117057,0,comma,is,original,default,results/folktexts/0-variations/model-meta-llama--Meta-Llama-3-8B-Instruct/meta-llama--Meta-Llama-3-8B-Instruct_task-ACSIncome/meta-llama--Meta-Llama-3-8B-Instruct_bench-4241117057/results.bench-4241117057.json,results/folktexts/0-variations/model-meta-llama--Meta-Llama-3-8B-Instruct/meta-llama--Meta-Llama-3-8B-Instruct_task-ACSIncome/meta-llama--Meta-Llama-3-8B-Instruct_bench-285315274/ACSIncome_full_seed-42_hash-1998608642.test_predictions.csv
ACSIncome,meta-llama--Meta-Llama-3-8B-Instruct,1,1,0.9524782830863566,0.7730489636527486,3618048586,0,text,is,original,rand 2,results/folktexts/0-variations/model-meta-llama--Meta-Llama-3-8B-Instruct/meta-llama--Meta-Llama-3-8B-Instruct_task-ACSIncome/meta-llama--Meta-Llama-3-8B-Instruct_bench-3618048586/results.bench-3618048586.json,results/folktexts/0-variations/model-meta-llama--Meta-Llama-3-8B-Instruct/meta-llama--Meta-Llama-3-8B-Instruct_task-ACSIncome/meta-llama--Meta-Llama-3-8B-Instruct_bench-2170803649/ACSIncome_full_seed-42_hash-1998608642.test_predictions.csv
ACSIncome,meta-llama--Meta-Llama-3-8B-Instruct,1,1,0.9626472800200552,0.7568098528086512,4175358905,0,bullet,is,low,rand 1,results/folktexts/0-variations/model-meta-llama--Meta-Llama-3-8B-Instruct/meta-llama--Meta-Llama-3-8B-Instruct_task-ACSIncome/meta-llama--Meta-Llama-3-8B-Instruct_bench-4175358905/results.bench-4175358905.json,results/folktexts/0-variations/model-meta-llama--Meta-Llama-3-8B-Instruct/meta-llama--Meta-Llama-3-8B-Instruct_task-ACSIncome/meta-llama--Meta-Llama-3-8B-Instruct_bench-3250830355/ACSIncome_full_seed-42_hash-1998608642.test_predictions.csv
ACSIncome,meta-llama--Meta-Llama-3-8B-Instruct,1,0,0.5,0.6052928807449685,2449883410,0,comma,is,original,rand 2,results/folktexts/0-variations/model-meta-llama--Meta-Llama-3-8B-Instruct/meta-llama--Meta-Llama-3-8B-Instruct_task-ACSIncome/meta-llama--Meta-Llama-3-8B-Instruct_bench-2449883410/results.bench-2449883410.json,results/folktexts/0-variations/model-meta-llama--Meta-Llama-3-8B-Instruct/meta-llama--Meta-Llama-3-8B-Instruct_task-ACSIncome/meta-llama--Meta-Llama-3-8B-Instruct_bench-2449883410/ACSIncome_full_seed-42_hash-1998608642.test_predictions.csv
ACSIncome,meta-llama--Meta-Llama-3-8B-Instruct,1,0,0.5,0.5888915590267347,2533597460,0,comma,:,original,rand 2,results/folktexts/0-variations/model-meta-llama--Meta-Llama-3-8B-Instruct/meta-llama--Meta-Llama-3-8B-Instruct_task-ACSIncome/meta-llama--Meta-Llama-3-8B-Instruct_bench-2533597460/results.bench-2533597460.json,results/folktexts/0-variations/model-meta-llama--Meta-Llama-3-8B-Instruct/meta-llama--Meta-Llama-3-8B-Instruct_task-ACSIncome/meta-llama--Meta-Llama-3-8B-Instruct_bench-2533597460/ACSIncome_full_seed-42_hash-1998608642.test_predictions.csv
ACSIncome,meta-llama--Meta-Llama-3-8B-Instruct,1,1,0.946621088614252,0.7550375488134575,554336246,0,comma,:,low,default,results/folktexts/0-variations/model-meta-llama--Meta-Llama-3-8B-Instruct/meta-llama--Meta-Llama-3-8B-Instruct_task-ACSIncome/meta-llama--Meta-Llama-3-8B-Instruct_bench-554336246/results.bench-554336246.json,results/folktexts/0-variations/model-meta-llama--Meta-Llama-3-8B-Instruct/meta-llama--Meta-Llama-3-8B-Instruct_task-ACSIncome/meta-llama--Meta-Llama-3-8B-Instruct_bench-4276759476/ACSIncome_full_seed-42_hash-1998608642.test_predictions.csv
ACSIncome,meta-llama--Meta-Llama-3-8B-Instruct,1,1,0.9400099157164105,0.7549414238510063,2781666496,0,bullet,:,low,rand 3,results/folktexts/0-variations/model-meta-llama--Meta-Llama-3-8B-Instruct/meta-llama--Meta-Llama-3-8B-Instruct_task-ACSIncome/meta-llama--Meta-Llama-3-8B-Instruct_bench-2781666496/results.bench-2781666496.json,results/folktexts/0-variations/model-meta-llama--Meta-Llama-3-8B-Instruct/meta-llama--Meta-Llama-3-8B-Instruct_task-ACSIncome/meta-llama--Meta-Llama-3-8B-Instruct_bench-3996761099/ACSIncome_full_seed-42_hash-1998608642.test_predictions.csv
ACSIncome,meta-llama--Meta-Llama-3-8B-Instruct,1,1,0.9464331048489464,0.7558125563232202,1814555433,0,comma,is,original, reversed,results/folktexts/0-variations/model-meta-llama--Meta-Llama-3-8B-Instruct/meta-llama--Meta-Llama-3-8B-Instruct_task-ACSIncome/meta-llama--Meta-Llama-3-8B-Instruct_bench-1814555433/results.bench-1814555433.json,results/folktexts/0-variations/model-meta-llama--Meta-Llama-3-8B-Instruct/meta-llama--Meta-Llama-3-8B-Instruct_task-ACSIncome/meta-llama--Meta-Llama-3-8B-Instruct_bench-1190864274/ACSIncome_full_seed-42_hash-1998608642.test_predictions.csv
ACSIncome,meta-llama--Meta-Llama-3-8B-Instruct,1,0,0.5,0.5891679182937819,4099502618,0,comma,:,original,rand 1,results/folktexts/0-variations/model-meta-llama--Meta-Llama-3-8B-Instruct/meta-llama--Meta-Llama-3-8B-Instruct_task-ACSIncome/meta-llama--Meta-Llama-3-8B-Instruct_bench-4099502618/results.bench-4099502618.json,results/folktexts/0-variations/model-meta-llama--Meta-Llama-3-8B-Instruct/meta-llama--Meta-Llama-3-8B-Instruct_task-ACSIncome/meta-llama--Meta-Llama-3-8B-Instruct_bench-4099502618/ACSIncome_full_seed-42_hash-1998608642.test_predictions.csv
ACSIncome,meta-llama--Meta-Llama-3-8B-Instruct,1,1,0.9669462259496794,0.7616040853109042,2912743740,0,bullet,:,low, reversed,results/folktexts/0-variations/model-meta-llama--Meta-Llama-3-8B-Instruct/meta-llama--Meta-Llama-3-8B-Instruct_task-ACSIncome/meta-llama--Meta-Llama-3-8B-Instruct_bench-2912743740/results.bench-2912743740.json,results/folktexts/0-variations/model-meta-llama--Meta-Llama-3-8B-Instruct/meta-llama--Meta-Llama-3-8B-Instruct_task-ACSIncome/meta-llama--Meta-Llama-3-8B-Instruct_bench-1804862187/ACSIncome_full_seed-42_hash-1998608642.test_predictions.csv
ACSIncome,meta-llama--Meta-Llama-3-8B-Instruct,1,0,0.5,0.666939020726945,2382485990,0,text,is,low,rand 3,results/folktexts/0-variations/model-meta-llama--Meta-Llama-3-8B-Instruct/meta-llama--Meta-Llama-3-8B-Instruct_task-ACSIncome/meta-llama--Meta-Llama-3-8B-Instruct_bench-2382485990/results.bench-2382485990.json,results/folktexts/0-variations/model-meta-llama--Meta-Llama-3-8B-Instruct/meta-llama--Meta-Llama-3-8B-Instruct_task-ACSIncome/meta-llama--Meta-Llama-3-8B-Instruct_bench-2382485990/ACSIncome_full_seed-42_hash-1998608642.test_predictions.csv
ACSIncome,meta-llama--Meta-Llama-3-8B-Instruct,1,1,0.9048330842052815,0.7511444878341844,2886544042,0,comma,is,low,rand 2,results/folktexts/0-variations/model-meta-llama--Meta-Llama-3-8B-Instruct/meta-llama--Meta-Llama-3-8B-Instruct_task-ACSIncome/meta-llama--Meta-Llama-3-8B-Instruct_bench-2886544042/results.bench-2886544042.json,results/folktexts/0-variations/model-meta-llama--Meta-Llama-3-8B-Instruct/meta-llama--Meta-Llama-3-8B-Instruct_task-ACSIncome/meta-llama--Meta-Llama-3-8B-Instruct_bench-1365204625/ACSIncome_full_seed-42_hash-1998608642.test_predictions.csv
ACSIncome,meta-llama--Meta-Llama-3-8B-Instruct,1,1,0.9527145359019265,0.7507419645539201,1010178973,0,bullet,is,original,rand 1,results/folktexts/0-variations/model-meta-llama--Meta-Llama-3-8B-Instruct/meta-llama--Meta-Llama-3-8B-Instruct_task-ACSIncome/meta-llama--Meta-Llama-3-8B-Instruct_bench-1010178973/results.bench-1010178973.json,results/folktexts/0-variations/model-meta-llama--Meta-Llama-3-8B-Instruct/meta-llama--Meta-Llama-3-8B-Instruct_task-ACSIncome/meta-llama--Meta-Llama-3-8B-Instruct_bench-68664854/ACSIncome_full_seed-42_hash-1998608642.test_predictions.csv
ACSIncome,meta-llama--Meta-Llama-3-8B-Instruct,1,0,0.5,0.661628116551517,1094457983,0,comma,=,low,default,results/folktexts/0-variations/model-meta-llama--Meta-Llama-3-8B-Instruct/meta-llama--Meta-Llama-3-8B-Instruct_task-ACSIncome/meta-llama--Meta-Llama-3-8B-Instruct_bench-1094457983/results.bench-1094457983.json,results/folktexts/0-variations/model-meta-llama--Meta-Llama-3-8B-Instruct/meta-llama--Meta-Llama-3-8B-Instruct_task-ACSIncome/meta-llama--Meta-Llama-3-8B-Instruct_bench-1094457983/ACSIncome_full_seed-42_hash-1998608642.test_predictions.csv
ACSIncome,meta-llama--Meta-Llama-3-8B-Instruct,1,0,0.5,0.6114088314809252,3638541083,0,text,:,original,default,results/folktexts/0-variations/model-meta-llama--Meta-Llama-3-8B-Instruct/meta-llama--Meta-Llama-3-8B-Instruct_task-ACSIncome/meta-llama--Meta-Llama-3-8B-Instruct_bench-3638541083/results.bench-3638541083.json,results/folktexts/0-variations/model-meta-llama--Meta-Llama-3-8B-Instruct/meta-llama--Meta-Llama-3-8B-Instruct_task-ACSIncome/meta-llama--Meta-Llama-3-8B-Instruct_bench-3638541083/ACSIncome_full_seed-42_hash-1998608642.test_predictions.csv
ACSIncome,meta-llama--Meta-Llama-3-8B-Instruct,1,1,0.9668295191565955,0.7685491138480024,2248806403,0,text,:,original,rand 2,results/folktexts/0-variations/model-meta-llama--Meta-Llama-3-8B-Instruct/meta-llama--Meta-Llama-3-8B-Instruct_task-ACSIncome/meta-llama--Meta-Llama-3-8B-Instruct_bench-2248806403/results.bench-2248806403.json,results/folktexts/0-variations/model-meta-llama--Meta-Llama-3-8B-Instruct/meta-llama--Meta-Llama-3-8B-Instruct_task-ACSIncome/meta-llama--Meta-Llama-3-8B-Instruct_bench-3722438463/ACSIncome_full_seed-42_hash-1998608642.test_predictions.csv
ACSIncome,meta-llama--Meta-Llama-3-8B-Instruct,1,0,0.5,0.6691799339140884,4141458991,0,comma,:,low,rand 3,results/folktexts/0-variations/model-meta-llama--Meta-Llama-3-8B-Instruct/meta-llama--Meta-Llama-3-8B-Instruct_task-ACSIncome/meta-llama--Meta-Llama-3-8B-Instruct_bench-4141458991/results.bench-4141458991.json,results/folktexts/0-variations/model-meta-llama--Meta-Llama-3-8B-Instruct/meta-llama--Meta-Llama-3-8B-Instruct_task-ACSIncome/meta-llama--Meta-Llama-3-8B-Instruct_bench-4141458991/ACSIncome_full_seed-42_hash-1998608642.test_predictions.csv
ACSIncome,meta-llama--Meta-Llama-3-8B-Instruct,1,1,0.8806963645673324,0.7448483027936317,1228551094,0,comma,is,original,rand 3,results/folktexts/0-variations/model-meta-llama--Meta-Llama-3-8B-Instruct/meta-llama--Meta-Llama-3-8B-Instruct_task-ACSIncome/meta-llama--Meta-Llama-3-8B-Instruct_bench-1228551094/results.bench-1228551094.json,results/folktexts/0-variations/model-meta-llama--Meta-Llama-3-8B-Instruct/meta-llama--Meta-Llama-3-8B-Instruct_task-ACSIncome/meta-llama--Meta-Llama-3-8B-Instruct_bench-144052510/ACSIncome_full_seed-42_hash-1998608642.test_predictions.csv
ACSIncome,meta-llama--Meta-Llama-3-8B-Instruct,1,1,0.962796504369538,0.7654130369480324,71430774,0,bullet,is,original, reversed,results/folktexts/0-variations/model-meta-llama--Meta-Llama-3-8B-Instruct/meta-llama--Meta-Llama-3-8B-Instruct_task-ACSIncome/meta-llama--Meta-Llama-3-8B-Instruct_bench-71430774/results.bench-71430774.json,results/folktexts/0-variations/model-meta-llama--Meta-Llama-3-8B-Instruct/meta-llama--Meta-Llama-3-8B-Instruct_task-ACSIncome/meta-llama--Meta-Llama-3-8B-Instruct_bench-1934340821/ACSIncome_full_seed-42_hash-1998608642.test_predictions.csv
ACSIncome,meta-llama--Meta-Llama-3-8B-Instruct,1,0,0.5,0.6136317212376089,1344756516,0,bullet,=,low,default,results/folktexts/0-variations/model-meta-llama--Meta-Llama-3-8B-Instruct/meta-llama--Meta-Llama-3-8B-Instruct_task-ACSIncome/meta-llama--Meta-Llama-3-8B-Instruct_bench-1344756516/results.bench-1344756516.json,results/folktexts/0-variations/model-meta-llama--Meta-Llama-3-8B-Instruct/meta-llama--Meta-Llama-3-8B-Instruct_task-ACSIncome/meta-llama--Meta-Llama-3-8B-Instruct_bench-1344756516/ACSIncome_full_seed-42_hash-1998608642.test_predictions.csv
ACSIncome,meta-llama--Meta-Llama-3-8B-Instruct,1,1,0.9626145085417183,0.7503214178431962,1326606470,0,bullet,:,original, reversed,results/folktexts/0-variations/model-meta-llama--Meta-Llama-3-8B-Instruct/meta-llama--Meta-Llama-3-8B-Instruct_task-ACSIncome/meta-llama--Meta-Llama-3-8B-Instruct_bench-1326606470/results.bench-1326606470.json,results/folktexts/0-variations/model-meta-llama--Meta-Llama-3-8B-Instruct/meta-llama--Meta-Llama-3-8B-Instruct_task-ACSIncome/meta-llama--Meta-Llama-3-8B-Instruct_bench-1465294959/ACSIncome_full_seed-42_hash-1998608642.test_predictions.csv
ACSIncome,meta-llama--Meta-Llama-3-8B-Instruct,1,0,0.5,0.6344427756082908,3001944137,0,text,=,low, reversed,results/folktexts/0-variations/model-meta-llama--Meta-Llama-3-8B-Instruct/meta-llama--Meta-Llama-3-8B-Instruct_task-ACSIncome/meta-llama--Meta-Llama-3-8B-Instruct_bench-3001944137/results.bench-3001944137.json,results/folktexts/0-variations/model-meta-llama--Meta-Llama-3-8B-Instruct/meta-llama--Meta-Llama-3-8B-Instruct_task-ACSIncome/meta-llama--Meta-Llama-3-8B-Instruct_bench-3001944137/ACSIncome_full_seed-42_hash-1998608642.test_predictions.csv
ACSIncome,meta-llama--Meta-Llama-3-8B-Instruct,1,1,0.9578622816032888,0.758642234905377,2437992916,0,comma,:,original,rand 2,results/folktexts/0-variations/model-meta-llama--Meta-Llama-3-8B-Instruct/meta-llama--Meta-Llama-3-8B-Instruct_task-ACSIncome/meta-llama--Meta-Llama-3-8B-Instruct_bench-2437992916/results.bench-2437992916.json,results/folktexts/0-variations/model-meta-llama--Meta-Llama-3-8B-Instruct/meta-llama--Meta-Llama-3-8B-Instruct_task-ACSIncome/meta-llama--Meta-Llama-3-8B-Instruct_bench-2533597460/ACSIncome_full_seed-42_hash-1998608642.test_predictions.csv
ACSIncome,meta-llama--Meta-Llama-3-8B-Instruct,1,0,0.5,0.6088735355962751,68802686,0,comma,=,original,rand 1,results/folktexts/0-variations/model-meta-llama--Meta-Llama-3-8B-Instruct/meta-llama--Meta-Llama-3-8B-Instruct_task-ACSIncome/meta-llama--Meta-Llama-3-8B-Instruct_bench-68802686/results.bench-68802686.json,results/folktexts/0-variations/model-meta-llama--Meta-Llama-3-8B-Instruct/meta-llama--Meta-Llama-3-8B-Instruct_task-ACSIncome/meta-llama--Meta-Llama-3-8B-Instruct_bench-68802686/ACSIncome_full_seed-42_hash-1998608642.test_predictions.csv
ACSIncome,meta-llama--Meta-Llama-3-8B-Instruct,1,1,0.9465572955505841,0.7619104836287174,1910838498,0,bullet,is,original,rand 2,results/folktexts/0-variations/model-meta-llama--Meta-Llama-3-8B-Instruct/meta-llama--Meta-Llama-3-8B-Instruct_task-ACSIncome/meta-llama--Meta-Llama-3-8B-Instruct_bench-1910838498/results.bench-1910838498.json,results/folktexts/0-variations/model-meta-llama--Meta-Llama-3-8B-Instruct/meta-llama--Meta-Llama-3-8B-Instruct_task-ACSIncome/meta-llama--Meta-Llama-3-8B-Instruct_bench-2330229226/ACSIncome_full_seed-42_hash-1998608642.test_predictions.csv
ACSIncome,meta-llama--Meta-Llama-3-8B-Instruct,1,0,0.5,0.6480024031240613,1216391799,0,comma,:,low,rand 2,results/folktexts/0-variations/model-meta-llama--Meta-Llama-3-8B-Instruct/meta-llama--Meta-Llama-3-8B-Instruct_task-ACSIncome/meta-llama--Meta-Llama-3-8B-Instruct_bench-1216391799/results.bench-1216391799.json,results/folktexts/0-variations/model-meta-llama--Meta-Llama-3-8B-Instruct/meta-llama--Meta-Llama-3-8B-Instruct_task-ACSIncome/meta-llama--Meta-Llama-3-8B-Instruct_bench-1216391799/ACSIncome_full_seed-42_hash-1998608642.test_predictions.csv
ACSIncome,meta-llama--Meta-Llama-3-8B-Instruct,1,1,0.9465020576131687,0.7590567738059477,4107398170,0,text,=,low,default,results/folktexts/0-variations/model-meta-llama--Meta-Llama-3-8B-Instruct/meta-llama--Meta-Llama-3-8B-Instruct_task-ACSIncome/meta-llama--Meta-Llama-3-8B-Instruct_bench-4107398170/results.bench-4107398170.json,results/folktexts/0-variations/model-meta-llama--Meta-Llama-3-8B-Instruct/meta-llama--Meta-Llama-3-8B-Instruct_task-ACSIncome/meta-llama--Meta-Llama-3-8B-Instruct_bench-1653636906/ACSIncome_full_seed-42_hash-1998608642.test_predictions.csv
ACSIncome,meta-llama--Meta-Llama-3-8B-Instruct,1,0,0.5,0.6520456593571643,625038329,0,comma,:,low,rand 1,results/folktexts/0-variations/model-meta-llama--Meta-Llama-3-8B-Instruct/meta-llama--Meta-Llama-3-8B-Instruct_task-ACSIncome/meta-llama--Meta-Llama-3-8B-Instruct_bench-625038329/results.bench-625038329.json,results/folktexts/0-variations/model-meta-llama--Meta-Llama-3-8B-Instruct/meta-llama--Meta-Llama-3-8B-Instruct_task-ACSIncome/meta-llama--Meta-Llama-3-8B-Instruct_bench-625038329/ACSIncome_full_seed-42_hash-1998608642.test_predictions.csv
ACSIncome,meta-llama--Meta-Llama-3-8B-Instruct,1,1,0.8525252525252526,0.7271853409432262,3672017775,0,comma,is,low,rand 1,results/folktexts/0-variations/model-meta-llama--Meta-Llama-3-8B-Instruct/meta-llama--Meta-Llama-3-8B-Instruct_task-ACSIncome/meta-llama--Meta-Llama-3-8B-Instruct_bench-3672017775/results.bench-3672017775.json,results/folktexts/0-variations/model-meta-llama--Meta-Llama-3-8B-Instruct/meta-llama--Meta-Llama-3-8B-Instruct_task-ACSIncome/meta-llama--Meta-Llama-3-8B-Instruct_bench-652793325/ACSIncome_full_seed-42_hash-1998608642.test_predictions.csv
ACSIncome,meta-llama--Meta-Llama-3-8B-Instruct,1,0,0.5,0.6302012616401321,285315274,0,comma,is,original,default,results/folktexts/0-variations/model-meta-llama--Meta-Llama-3-8B-Instruct/meta-llama--Meta-Llama-3-8B-Instruct_task-ACSIncome/meta-llama--Meta-Llama-3-8B-Instruct_bench-285315274/results.bench-285315274.json,results/folktexts/0-variations/model-meta-llama--Meta-Llama-3-8B-Instruct/meta-llama--Meta-Llama-3-8B-Instruct_task-ACSIncome/meta-llama--Meta-Llama-3-8B-Instruct_bench-285315274/ACSIncome_full_seed-42_hash-1998608642.test_predictions.csv
ACSIncome,meta-llama--Meta-Llama-3-8B-Instruct,1,1,0.9322381930184805,0.7441574046260138,1254967999,0,text,=,original,rand 1,results/folktexts/0-variations/model-meta-llama--Meta-Llama-3-8B-Instruct/meta-llama--Meta-Llama-3-8B-Instruct_task-ACSIncome/meta-llama--Meta-Llama-3-8B-Instruct_bench-1254967999/results.bench-1254967999.json,results/folktexts/0-variations/model-meta-llama--Meta-Llama-3-8B-Instruct/meta-llama--Meta-Llama-3-8B-Instruct_task-ACSIncome/meta-llama--Meta-Llama-3-8B-Instruct_bench-143938447/ACSIncome_full_seed-42_hash-1998608642.test_predictions.csv
ACSIncome,meta-llama--Meta-Llama-3-8B-Instruct,1,1,0.9400099157164103,0.7608350856112946,1204505365,0,bullet,is,original,default,results/folktexts/0-variations/model-meta-llama--Meta-Llama-3-8B-Instruct/meta-llama--Meta-Llama-3-8B-Instruct_task-ACSIncome/meta-llama--Meta-Llama-3-8B-Instruct_bench-1204505365/results.bench-1204505365.json,results/folktexts/0-variations/model-meta-llama--Meta-Llama-3-8B-Instruct/meta-llama--Meta-Llama-3-8B-Instruct_task-ACSIncome/meta-llama--Meta-Llama-3-8B-Instruct_bench-3312978024/ACSIncome_full_seed-42_hash-1998608642.test_predictions.csv
ACSIncome,meta-llama--Meta-Llama-3-8B-Instruct,1,1,0.9325396825396826,0.7548813457494743,637258368,0,bullet,=,low,rand 3,results/folktexts/0-variations/model-meta-llama--Meta-Llama-3-8B-Instruct/meta-llama--Meta-Llama-3-8B-Instruct_task-ACSIncome/meta-llama--Meta-Llama-3-8B-Instruct_bench-637258368/results.bench-637258368.json,results/folktexts/0-variations/model-meta-llama--Meta-Llama-3-8B-Instruct/meta-llama--Meta-Llama-3-8B-Instruct_task-ACSIncome/meta-llama--Meta-Llama-3-8B-Instruct_bench-3646051483/ACSIncome_full_seed-42_hash-1998608642.test_predictions.csv
ACSIncome,meta-llama--Meta-Llama-3-8B-Instruct,1,0,0.5,0.647179333133073,217195262,0,bullet,is,low,rand 3,results/folktexts/0-variations/model-meta-llama--Meta-Llama-3-8B-Instruct/meta-llama--Meta-Llama-3-8B-Instruct_task-ACSIncome/meta-llama--Meta-Llama-3-8B-Instruct_bench-217195262/results.bench-217195262.json,results/folktexts/0-variations/model-meta-llama--Meta-Llama-3-8B-Instruct/meta-llama--Meta-Llama-3-8B-Instruct_task-ACSIncome/meta-llama--Meta-Llama-3-8B-Instruct_bench-217195262/ACSIncome_full_seed-42_hash-1998608642.test_predictions.csv
ACSIncome,meta-llama--Meta-Llama-3-8B-Instruct,1,1,0.9464788732394366,0.7411955542204867,3047852308,0,text,:,original,rand 1,results/folktexts/0-variations/model-meta-llama--Meta-Llama-3-8B-Instruct/meta-llama--Meta-Llama-3-8B-Instruct_task-ACSIncome/meta-llama--Meta-Llama-3-8B-Instruct_bench-3047852308/results.bench-3047852308.json,results/folktexts/0-variations/model-meta-llama--Meta-Llama-3-8B-Instruct/meta-llama--Meta-Llama-3-8B-Instruct_task-ACSIncome/meta-llama--Meta-Llama-3-8B-Instruct_bench-2241166705/ACSIncome_full_seed-42_hash-1998608642.test_predictions.csv
ACSIncome,meta-llama--Meta-Llama-3-8B-Instruct,1,1,0.9241447694595935,0.753181135476119,3234902774,0,bullet,=,low,rand 2,results/folktexts/0-variations/model-meta-llama--Meta-Llama-3-8B-Instruct/meta-llama--Meta-Llama-3-8B-Instruct_task-ACSIncome/meta-llama--Meta-Llama-3-8B-Instruct_bench-3234902774/results.bench-3234902774.json,results/folktexts/0-variations/model-meta-llama--Meta-Llama-3-8B-Instruct/meta-llama--Meta-Llama-3-8B-Instruct_task-ACSIncome/meta-llama--Meta-Llama-3-8B-Instruct_bench-3461076781/ACSIncome_full_seed-42_hash-1998608642.test_predictions.csv
ACSIncome,meta-llama--Meta-Llama-3-8B-Instruct,1,0,0.5,0.603832982877741,3579388913,0,text,is,original,default,results/folktexts/0-variations/model-meta-llama--Meta-Llama-3-8B-Instruct/meta-llama--Meta-Llama-3-8B-Instruct_task-ACSIncome/meta-llama--Meta-Llama-3-8B-Instruct_bench-3579388913/results.bench-3579388913.json,results/folktexts/0-variations/model-meta-llama--Meta-Llama-3-8B-Instruct/meta-llama--Meta-Llama-3-8B-Instruct_task-ACSIncome/meta-llama--Meta-Llama-3-8B-Instruct_bench-3579388913/ACSIncome_full_seed-42_hash-1998608642.test_predictions.csv
ACSIncome,meta-llama--Meta-Llama-3-8B-Instruct,1,1,0.9525691699604744,0.7539080805046561,2762206444,0,bullet,:,original,rand 2,results/folktexts/0-variations/model-meta-llama--Meta-Llama-3-8B-Instruct/meta-llama--Meta-Llama-3-8B-Instruct_task-ACSIncome/meta-llama--Meta-Llama-3-8B-Instruct_bench-2762206444/results.bench-2762206444.json,results/folktexts/0-variations/model-meta-llama--Meta-Llama-3-8B-Instruct/meta-llama--Meta-Llama-3-8B-Instruct_task-ACSIncome/meta-llama--Meta-Llama-3-8B-Instruct_bench-2770924009/ACSIncome_full_seed-42_hash-1998608642.test_predictions.csv
ACSIncome,meta-llama--Meta-Llama-3-8B-Instruct,1,0,0.5,0.6234124361670171,2481857032,0,comma,:,original,default,results/folktexts/0-variations/model-meta-llama--Meta-Llama-3-8B-Instruct/meta-llama--Meta-Llama-3-8B-Instruct_task-ACSIncome/meta-llama--Meta-Llama-3-8B-Instruct_bench-2481857032/results.bench-2481857032.json,results/folktexts/0-variations/model-meta-llama--Meta-Llama-3-8B-Instruct/meta-llama--Meta-Llama-3-8B-Instruct_task-ACSIncome/meta-llama--Meta-Llama-3-8B-Instruct_bench-2481857032/ACSIncome_full_seed-42_hash-1998608642.test_predictions.csv
ACSIncome,meta-llama--Meta-Llama-3-8B-Instruct,1,1,0.9400099157164105,0.7618624211474917,2332802004,0,bullet,is,original,default,results/folktexts/0-variations/model-meta-llama--Meta-Llama-3-8B-Instruct/meta-llama--Meta-Llama-3-8B-Instruct_task-ACSIncome/meta-llama--Meta-Llama-3-8B-Instruct_bench-2332802004/results.bench-2332802004.json,results/folktexts/0-variations/model-meta-llama--Meta-Llama-3-8B-Instruct/meta-llama--Meta-Llama-3-8B-Instruct_task-ACSIncome/meta-llama--Meta-Llama-3-8B-Instruct_bench-3312978024/ACSIncome_full_seed-42_hash-1998608642.test_predictions.csv
ACSIncome,meta-llama--Meta-Llama-3-8B-Instruct,1,0,0.5,0.586001802343046,3580543969,0,text,=,original, reversed,results/folktexts/0-variations/model-meta-llama--Meta-Llama-3-8B-Instruct/meta-llama--Meta-Llama-3-8B-Instruct_task-ACSIncome/meta-llama--Meta-Llama-3-8B-Instruct_bench-3580543969/results.bench-3580543969.json,results/folktexts/0-variations/model-meta-llama--Meta-Llama-3-8B-Instruct/meta-llama--Meta-Llama-3-8B-Instruct_task-ACSIncome/meta-llama--Meta-Llama-3-8B-Instruct_bench-3580543969/ACSIncome_full_seed-42_hash-1998608642.test_predictions.csv
ACSIncome,meta-llama--Meta-Llama-3-8B-Instruct,1,0,0.5,0.5614298588164613,2069310036,0,bullet,=,original,rand 2,results/folktexts/0-variations/model-meta-llama--Meta-Llama-3-8B-Instruct/meta-llama--Meta-Llama-3-8B-Instruct_task-ACSIncome/meta-llama--Meta-Llama-3-8B-Instruct_bench-2069310036/results.bench-2069310036.json,results/folktexts/0-variations/model-meta-llama--Meta-Llama-3-8B-Instruct/meta-llama--Meta-Llama-3-8B-Instruct_task-ACSIncome/meta-llama--Meta-Llama-3-8B-Instruct_bench-2069310036/ACSIncome_full_seed-42_hash-1998608642.test_predictions.csv
ACSIncome,meta-llama--Meta-Llama-3-8B-Instruct,1,0,0.5,0.6610934214478823,445450380,0,comma,is,low,default,results/folktexts/0-variations/model-meta-llama--Meta-Llama-3-8B-Instruct/meta-llama--Meta-Llama-3-8B-Instruct_task-ACSIncome/meta-llama--Meta-Llama-3-8B-Instruct_bench-445450380/results.bench-445450380.json,results/folktexts/0-variations/model-meta-llama--Meta-Llama-3-8B-Instruct/meta-llama--Meta-Llama-3-8B-Instruct_task-ACSIncome/meta-llama--Meta-Llama-3-8B-Instruct_bench-445450380/ACSIncome_full_seed-42_hash-1998608642.test_predictions.csv
ACSIncome,meta-llama--Meta-Llama-3-8B-Instruct,1,1,0.94,0.7580174226494443,1745563244,0,comma,is,low,default,results/folktexts/0-variations/model-meta-llama--Meta-Llama-3-8B-Instruct/meta-llama--Meta-Llama-3-8B-Instruct_task-ACSIncome/meta-llama--Meta-Llama-3-8B-Instruct_bench-1745563244/results.bench-1745563244.json,results/folktexts/0-variations/model-meta-llama--Meta-Llama-3-8B-Instruct/meta-llama--Meta-Llama-3-8B-Instruct_task-ACSIncome/meta-llama--Meta-Llama-3-8B-Instruct_bench-445450380/ACSIncome_full_seed-42_hash-1998608642.test_predictions.csv
ACSIncome,meta-llama--Meta-Llama-3-8B-Instruct,1,1,0.9046653144016227,0.7280144187443677,4099800716,0,text,=,original, reversed,results/folktexts/0-variations/model-meta-llama--Meta-Llama-3-8B-Instruct/meta-llama--Meta-Llama-3-8B-Instruct_task-ACSIncome/meta-llama--Meta-Llama-3-8B-Instruct_bench-4099800716/results.bench-4099800716.json,results/folktexts/0-variations/model-meta-llama--Meta-Llama-3-8B-Instruct/meta-llama--Meta-Llama-3-8B-Instruct_task-ACSIncome/meta-llama--Meta-Llama-3-8B-Instruct_bench-3580543969/ACSIncome_full_seed-42_hash-1998608642.test_predictions.csv
ACSIncome,meta-llama--Meta-Llama-3-8B-Instruct,1,0,0.5,0.6538239711625112,1257006918,0,comma,=,original,rand 3,results/folktexts/0-variations/model-meta-llama--Meta-Llama-3-8B-Instruct/meta-llama--Meta-Llama-3-8B-Instruct_task-ACSIncome/meta-llama--Meta-Llama-3-8B-Instruct_bench-1257006918/results.bench-1257006918.json,results/folktexts/0-variations/model-meta-llama--Meta-Llama-3-8B-Instruct/meta-llama--Meta-Llama-3-8B-Instruct_task-ACSIncome/meta-llama--Meta-Llama-3-8B-Instruct_bench-1257006918/ACSIncome_full_seed-42_hash-1998608642.test_predictions.csv
ACSIncome,meta-llama--Meta-Llama-3-8B-Instruct,1,1,0.939994978659302,0.7597536797837189,291212692,0,text,:,low,rand 3,results/folktexts/0-variations/model-meta-llama--Meta-Llama-3-8B-Instruct/meta-llama--Meta-Llama-3-8B-Instruct_task-ACSIncome/meta-llama--Meta-Llama-3-8B-Instruct_bench-291212692/results.bench-291212692.json,results/folktexts/0-variations/model-meta-llama--Meta-Llama-3-8B-Instruct/meta-llama--Meta-Llama-3-8B-Instruct_task-ACSIncome/meta-llama--Meta-Llama-3-8B-Instruct_bench-723875484/ACSIncome_full_seed-42_hash-1998608642.test_predictions.csv
ACSIncome,meta-llama--Meta-Llama-3-8B-Instruct,1,0,0.5,0.6299909882847702,918052672,0,text,is,low,default,results/folktexts/0-variations/model-meta-llama--Meta-Llama-3-8B-Instruct/meta-llama--Meta-Llama-3-8B-Instruct_task-ACSIncome/meta-llama--Meta-Llama-3-8B-Instruct_bench-918052672/results.bench-918052672.json,results/folktexts/0-variations/model-meta-llama--Meta-Llama-3-8B-Instruct/meta-llama--Meta-Llama-3-8B-Instruct_task-ACSIncome/meta-llama--Meta-Llama-3-8B-Instruct_bench-918052672/ACSIncome_full_seed-42_hash-1998608642.test_predictions.csv
ACSIncome,meta-llama--Meta-Llama-3-8B-Instruct,1,1,0.9396892283381617,0.7433463502553319,1633729462,0,comma,:,low, reversed,results/folktexts/0-variations/model-meta-llama--Meta-Llama-3-8B-Instruct/meta-llama--Meta-Llama-3-8B-Instruct_task-ACSIncome/meta-llama--Meta-Llama-3-8B-Instruct_bench-1633729462/results.bench-1633729462.json,results/folktexts/0-variations/model-meta-llama--Meta-Llama-3-8B-Instruct/meta-llama--Meta-Llama-3-8B-Instruct_task-ACSIncome/meta-llama--Meta-Llama-3-8B-Instruct_bench-680920086/ACSIncome_full_seed-42_hash-1998608642.test_predictions.csv
ACSIncome,meta-llama--Meta-Llama-3-8B-Instruct,1,0,0.5,0.5996395313908081,281895813,0,comma,=,original,rand 2,results/folktexts/0-variations/model-meta-llama--Meta-Llama-3-8B-Instruct/meta-llama--Meta-Llama-3-8B-Instruct_task-ACSIncome/meta-llama--Meta-Llama-3-8B-Instruct_bench-281895813/results.bench-281895813.json,results/folktexts/0-variations/model-meta-llama--Meta-Llama-3-8B-Instruct/meta-llama--Meta-Llama-3-8B-Instruct_task-ACSIncome/meta-llama--Meta-Llama-3-8B-Instruct_bench-281895813/ACSIncome_full_seed-42_hash-1998608642.test_predictions.csv
ACSIncome,meta-llama--Meta-Llama-3-8B-Instruct,1,1,0.9625246548323472,0.7681105437068189,1381769257,0,bullet,is,low,rand 2,results/folktexts/0-variations/model-meta-llama--Meta-Llama-3-8B-Instruct/meta-llama--Meta-Llama-3-8B-Instruct_task-ACSIncome/meta-llama--Meta-Llama-3-8B-Instruct_bench-1381769257/results.bench-1381769257.json,results/folktexts/0-variations/model-meta-llama--Meta-Llama-3-8B-Instruct/meta-llama--Meta-Llama-3-8B-Instruct_task-ACSIncome/meta-llama--Meta-Llama-3-8B-Instruct_bench-3923707390/ACSIncome_full_seed-42_hash-1998608642.test_predictions.csv
ACSIncome,meta-llama--Meta-Llama-3-8B-Instruct,1,1,0.9527145359019265,0.7560408531090418,2934234800,0,bullet,=,original, reversed,results/folktexts/0-variations/model-meta-llama--Meta-Llama-3-8B-Instruct/meta-llama--Meta-Llama-3-8B-Instruct_task-ACSIncome/meta-llama--Meta-Llama-3-8B-Instruct_bench-2934234800/results.bench-2934234800.json,results/folktexts/0-variations/model-meta-llama--Meta-Llama-3-8B-Instruct/meta-llama--Meta-Llama-3-8B-Instruct_task-ACSIncome/meta-llama--Meta-Llama-3-8B-Instruct_bench-420120546/ACSIncome_full_seed-42_hash-1998608642.test_predictions.csv
ACSIncome,meta-llama--Meta-Llama-3-8B-Instruct,1,1,0.9627051218299354,0.7630159206969059,2775289503,0,bullet,is,low, reversed,results/folktexts/0-variations/model-meta-llama--Meta-Llama-3-8B-Instruct/meta-llama--Meta-Llama-3-8B-Instruct_task-ACSIncome/meta-llama--Meta-Llama-3-8B-Instruct_bench-2775289503/results.bench-2775289503.json,results/folktexts/0-variations/model-meta-llama--Meta-Llama-3-8B-Instruct/meta-llama--Meta-Llama-3-8B-Instruct_task-ACSIncome/meta-llama--Meta-Llama-3-8B-Instruct_bench-139532692/ACSIncome_full_seed-42_hash-1998608642.test_predictions.csv
ACSIncome,meta-llama--Meta-Llama-3-8B-Instruct,1,1,0.8674203494347379,0.7297206368278762,1517964824,0,text,:,original,rand 3,results/folktexts/0-variations/model-meta-llama--Meta-Llama-3-8B-Instruct/meta-llama--Meta-Llama-3-8B-Instruct_task-ACSIncome/meta-llama--Meta-Llama-3-8B-Instruct_bench-1517964824/results.bench-1517964824.json,results/folktexts/0-variations/model-meta-llama--Meta-Llama-3-8B-Instruct/meta-llama--Meta-Llama-3-8B-Instruct_task-ACSIncome/meta-llama--Meta-Llama-3-8B-Instruct_bench-2018634781/ACSIncome_full_seed-42_hash-1998608642.test_predictions.csv
ACSIncome,meta-llama--Meta-Llama-3-8B-Instruct,1,1,0.9324662331165584,0.7516972063682787,785752517,0,bullet,=,original,rand 2,results/folktexts/0-variations/model-meta-llama--Meta-Llama-3-8B-Instruct/meta-llama--Meta-Llama-3-8B-Instruct_task-ACSIncome/meta-llama--Meta-Llama-3-8B-Instruct_bench-785752517/results.bench-785752517.json,results/folktexts/0-variations/model-meta-llama--Meta-Llama-3-8B-Instruct/meta-llama--Meta-Llama-3-8B-Instruct_task-ACSIncome/meta-llama--Meta-Llama-3-8B-Instruct_bench-2069310036/ACSIncome_full_seed-42_hash-1998608642.test_predictions.csv
ACSIncome,meta-llama--Meta-Llama-3-8B-Instruct,1,1,0.851664984863774,0.7238810453589667,2886020986,0,comma,=,low,rand 1,results/folktexts/0-variations/model-meta-llama--Meta-Llama-3-8B-Instruct/meta-llama--Meta-Llama-3-8B-Instruct_task-ACSIncome/meta-llama--Meta-Llama-3-8B-Instruct_bench-2886020986/results.bench-2886020986.json,results/folktexts/0-variations/model-meta-llama--Meta-Llama-3-8B-Instruct/meta-llama--Meta-Llama-3-8B-Instruct_task-ACSIncome/meta-llama--Meta-Llama-3-8B-Instruct_bench-347645256/ACSIncome_full_seed-42_hash-1998608642.test_predictions.csv
ACSIncome,meta-llama--Meta-Llama-3-8B-Instruct,1,1,0.9524304652976345,0.7582156803844998,2052086543,0,comma,:,original,default,results/folktexts/0-variations/model-meta-llama--Meta-Llama-3-8B-Instruct/meta-llama--Meta-Llama-3-8B-Instruct_task-ACSIncome/meta-llama--Meta-Llama-3-8B-Instruct_bench-2052086543/results.bench-2052086543.json,results/folktexts/0-variations/model-meta-llama--Meta-Llama-3-8B-Instruct/meta-llama--Meta-Llama-3-8B-Instruct_task-ACSIncome/meta-llama--Meta-Llama-3-8B-Instruct_bench-2481857032/ACSIncome_full_seed-42_hash-1998608642.test_predictions.csv
ACSIncome,meta-llama--Meta-Llama-3-8B-Instruct,1,1,0.94667343829355,0.7587203364373686,2375872135,0,comma,=,original, reversed,results/folktexts/0-variations/model-meta-llama--Meta-Llama-3-8B-Instruct/meta-llama--Meta-Llama-3-8B-Instruct_task-ACSIncome/meta-llama--Meta-Llama-3-8B-Instruct_bench-2375872135/results.bench-2375872135.json,results/folktexts/0-variations/model-meta-llama--Meta-Llama-3-8B-Instruct/meta-llama--Meta-Llama-3-8B-Instruct_task-ACSIncome/meta-llama--Meta-Llama-3-8B-Instruct_bench-186777524/ACSIncome_full_seed-42_hash-1998608642.test_predictions.csv
ACSIncome,meta-llama--Meta-Llama-3-8B-Instruct,1,1,0.9323915237134208,0.7431480925202764,322371316,0,comma,=,original,rand 1,results/folktexts/0-variations/model-meta-llama--Meta-Llama-3-8B-Instruct/meta-llama--Meta-Llama-3-8B-Instruct_task-ACSIncome/meta-llama--Meta-Llama-3-8B-Instruct_bench-322371316/results.bench-322371316.json,results/folktexts/0-variations/model-meta-llama--Meta-Llama-3-8B-Instruct/meta-llama--Meta-Llama-3-8B-Instruct_task-ACSIncome/meta-llama--Meta-Llama-3-8B-Instruct_bench-68802686/ACSIncome_full_seed-42_hash-1998608642.test_predictions.csv
ACSIncome,meta-llama--Meta-Llama-3-8B-Instruct,1,0,0.5,0.6667768098528086,652793325,0,comma,is,low,rand 1,results/folktexts/0-variations/model-meta-llama--Meta-Llama-3-8B-Instruct/meta-llama--Meta-Llama-3-8B-Instruct_task-ACSIncome/meta-llama--Meta-Llama-3-8B-Instruct_bench-652793325/results.bench-652793325.json,results/folktexts/0-variations/model-meta-llama--Meta-Llama-3-8B-Instruct/meta-llama--Meta-Llama-3-8B-Instruct_task-ACSIncome/meta-llama--Meta-Llama-3-8B-Instruct_bench-652793325/ACSIncome_full_seed-42_hash-1998608642.test_predictions.csv
ACSIncome,meta-llama--Meta-Llama-3-8B-Instruct,1,1,0.9399744572158365,0.7476479423250225,3615675950,0,text,is,original,rand 1,results/folktexts/0-variations/model-meta-llama--Meta-Llama-3-8B-Instruct/meta-llama--Meta-Llama-3-8B-Instruct_task-ACSIncome/meta-llama--Meta-Llama-3-8B-Instruct_bench-3615675950/results.bench-3615675950.json,results/folktexts/0-variations/model-meta-llama--Meta-Llama-3-8B-Instruct/meta-llama--Meta-Llama-3-8B-Instruct_task-ACSIncome/meta-llama--Meta-Llama-3-8B-Instruct_bench-1723259774/ACSIncome_full_seed-42_hash-1998608642.test_predictions.csv
ACSIncome,meta-llama--Meta-Llama-3-8B-Instruct,1,1,0.9400099157164103,0.7542204866326224,3519498825,0,bullet,:,low,rand 3,results/folktexts/0-variations/model-meta-llama--Meta-Llama-3-8B-Instruct/meta-llama--Meta-Llama-3-8B-Instruct_task-ACSIncome/meta-llama--Meta-Llama-3-8B-Instruct_bench-3519498825/results.bench-3519498825.json,results/folktexts/0-variations/model-meta-llama--Meta-Llama-3-8B-Instruct/meta-llama--Meta-Llama-3-8B-Instruct_task-ACSIncome/meta-llama--Meta-Llama-3-8B-Instruct_bench-3996761099/ACSIncome_full_seed-42_hash-1998608642.test_predictions.csv
ACSIncome,meta-llama--Meta-Llama-3-8B-Instruct,1,1,0.9238427078148332,0.7605226794833283,934738592,0,text,is,low,rand 3,results/folktexts/0-variations/model-meta-llama--Meta-Llama-3-8B-Instruct/meta-llama--Meta-Llama-3-8B-Instruct_task-ACSIncome/meta-llama--Meta-Llama-3-8B-Instruct_bench-934738592/results.bench-934738592.json,results/folktexts/0-variations/model-meta-llama--Meta-Llama-3-8B-Instruct/meta-llama--Meta-Llama-3-8B-Instruct_task-ACSIncome/meta-llama--Meta-Llama-3-8B-Instruct_bench-2382485990/ACSIncome_full_seed-42_hash-1998608642.test_predictions.csv
ACSIncome,meta-llama--Meta-Llama-3-8B-Instruct,1,1,0.946557295550584,0.7604385701411835,603251097,0,bullet,is,original,rand 2,results/folktexts/0-variations/model-meta-llama--Meta-Llama-3-8B-Instruct/meta-llama--Meta-Llama-3-8B-Instruct_task-ACSIncome/meta-llama--Meta-Llama-3-8B-Instruct_bench-603251097/results.bench-603251097.json,results/folktexts/0-variations/model-meta-llama--Meta-Llama-3-8B-Instruct/meta-llama--Meta-Llama-3-8B-Instruct_task-ACSIncome/meta-llama--Meta-Llama-3-8B-Instruct_bench-2330229226/ACSIncome_full_seed-42_hash-1998608642.test_predictions.csv
ACSIncome,meta-llama--Meta-Llama-3-8B-Instruct,1,0,0.5,0.5418383899068789,68664854,0,bullet,is,original,rand 1,results/folktexts/0-variations/model-meta-llama--Meta-Llama-3-8B-Instruct/meta-llama--Meta-Llama-3-8B-Instruct_task-ACSIncome/meta-llama--Meta-Llama-3-8B-Instruct_bench-68664854/results.bench-68664854.json,results/folktexts/0-variations/model-meta-llama--Meta-Llama-3-8B-Instruct/meta-llama--Meta-Llama-3-8B-Instruct_task-ACSIncome/meta-llama--Meta-Llama-3-8B-Instruct_bench-68664854/ACSIncome_full_seed-42_hash-1998608642.test_predictions.csv
ACSIncome,meta-llama--Meta-Llama-3-8B-Instruct,1,1,0.9146280579131303,0.755506158005407,1569504849,0,comma,=,low,rand 2,results/folktexts/0-variations/model-meta-llama--Meta-Llama-3-8B-Instruct/meta-llama--Meta-Llama-3-8B-Instruct_task-ACSIncome/meta-llama--Meta-Llama-3-8B-Instruct_bench-1569504849/results.bench-1569504849.json,results/folktexts/0-variations/model-meta-llama--Meta-Llama-3-8B-Instruct/meta-llama--Meta-Llama-3-8B-Instruct_task-ACSIncome/meta-llama--Meta-Llama-3-8B-Instruct_bench-1099518921/ACSIncome_full_seed-42_hash-1998608642.test_predictions.csv
ACSIncome,meta-llama--Meta-Llama-3-8B-Instruct,1,1,0.9399744572158365,0.7651246620606789,763503815,0,text,=,original,rand 2,results/folktexts/0-variations/model-meta-llama--Meta-Llama-3-8B-Instruct/meta-llama--Meta-Llama-3-8B-Instruct_task-ACSIncome/meta-llama--Meta-Llama-3-8B-Instruct_bench-763503815/results.bench-763503815.json,results/folktexts/0-variations/model-meta-llama--Meta-Llama-3-8B-Instruct/meta-llama--Meta-Llama-3-8B-Instruct_task-ACSIncome/meta-llama--Meta-Llama-3-8B-Instruct_bench-2960933606/ACSIncome_full_seed-42_hash-1998608642.test_predictions.csv
ACSIncome,meta-llama--Meta-Llama-3-8B-Instruct,1,1,0.9577744659711873,0.7591829378191649,2720880712,0,bullet,=,low, reversed,results/folktexts/0-variations/model-meta-llama--Meta-Llama-3-8B-Instruct/meta-llama--Meta-Llama-3-8B-Instruct_task-ACSIncome/meta-llama--Meta-Llama-3-8B-Instruct_bench-2720880712/results.bench-2720880712.json,results/folktexts/0-variations/model-meta-llama--Meta-Llama-3-8B-Instruct/meta-llama--Meta-Llama-3-8B-Instruct_task-ACSIncome/meta-llama--Meta-Llama-3-8B-Instruct_bench-1491173852/ACSIncome_full_seed-42_hash-1998608642.test_predictions.csv
ACSIncome,meta-llama--Meta-Llama-3-8B-Instruct,1,0,0.5,0.6094923400420547,1563646315,0,bullet,is,low,default,results/folktexts/0-variations/model-meta-llama--Meta-Llama-3-8B-Instruct/meta-llama--Meta-Llama-3-8B-Instruct_task-ACSIncome/meta-llama--Meta-Llama-3-8B-Instruct_bench-1563646315/results.bench-1563646315.json,results/folktexts/0-variations/model-meta-llama--Meta-Llama-3-8B-Instruct/meta-llama--Meta-Llama-3-8B-Instruct_task-ACSIncome/meta-llama--Meta-Llama-3-8B-Instruct_bench-1563646315/ACSIncome_full_seed-42_hash-1998608642.test_predictions.csv
ACSIncome,meta-llama--Meta-Llama-3-8B-Instruct,1,1,0.9525275853220426,0.7351757284469811,3920611069,0,comma,:,original,rand 1,results/folktexts/0-variations/model-meta-llama--Meta-Llama-3-8B-Instruct/meta-llama--Meta-Llama-3-8B-Instruct_task-ACSIncome/meta-llama--Meta-Llama-3-8B-Instruct_bench-3920611069/results.bench-3920611069.json,results/folktexts/0-variations/model-meta-llama--Meta-Llama-3-8B-Instruct/meta-llama--Meta-Llama-3-8B-Instruct_task-ACSIncome/meta-llama--Meta-Llama-3-8B-Instruct_bench-4099502618/ACSIncome_full_seed-42_hash-1998608642.test_predictions.csv
ACSIncome,meta-llama--Meta-Llama-3-8B-Instruct,1,1,0.9820236260914227,0.7670471613097026,1053837780,0,comma,:,original, reversed,results/folktexts/0-variations/model-meta-llama--Meta-Llama-3-8B-Instruct/meta-llama--Meta-Llama-3-8B-Instruct_task-ACSIncome/meta-llama--Meta-Llama-3-8B-Instruct_bench-1053837780/results.bench-1053837780.json,results/folktexts/0-variations/model-meta-llama--Meta-Llama-3-8B-Instruct/meta-llama--Meta-Llama-3-8B-Instruct_task-ACSIncome/meta-llama--Meta-Llama-3-8B-Instruct_bench-80916486/ACSIncome_full_seed-42_hash-1998608642.test_predictions.csv
ACSIncome,meta-llama--Meta-Llama-3-8B-Instruct,1,0,0.5,0.6062361069390207,2146382755,0,bullet,:,low,rand 2,results/folktexts/0-variations/model-meta-llama--Meta-Llama-3-8B-Instruct/meta-llama--Meta-Llama-3-8B-Instruct_task-ACSIncome/meta-llama--Meta-Llama-3-8B-Instruct_bench-2146382755/results.bench-2146382755.json,results/folktexts/0-variations/model-meta-llama--Meta-Llama-3-8B-Instruct/meta-llama--Meta-Llama-3-8B-Instruct_task-ACSIncome/meta-llama--Meta-Llama-3-8B-Instruct_bench-2146382755/ACSIncome_full_seed-42_hash-1998608642.test_predictions.csv
ACSIncome,meta-llama--Meta-Llama-3-8B-Instruct,1,0,0.5,0.6606248122559327,723875484,0,text,:,low,rand 3,results/folktexts/0-variations/model-meta-llama--Meta-Llama-3-8B-Instruct/meta-llama--Meta-Llama-3-8B-Instruct_task-ACSIncome/meta-llama--Meta-Llama-3-8B-Instruct_bench-723875484/results.bench-723875484.json,results/folktexts/0-variations/model-meta-llama--Meta-Llama-3-8B-Instruct/meta-llama--Meta-Llama-3-8B-Instruct_task-ACSIncome/meta-llama--Meta-Llama-3-8B-Instruct_bench-723875484/ACSIncome_full_seed-42_hash-1998608642.test_predictions.csv
ACSIncome,meta-llama--Meta-Llama-3-8B-Instruct,1,0,0.5,0.6667467708020427,347645256,0,comma,=,low,rand 1,results/folktexts/0-variations/model-meta-llama--Meta-Llama-3-8B-Instruct/meta-llama--Meta-Llama-3-8B-Instruct_task-ACSIncome/meta-llama--Meta-Llama-3-8B-Instruct_bench-347645256/results.bench-347645256.json,results/folktexts/0-variations/model-meta-llama--Meta-Llama-3-8B-Instruct/meta-llama--Meta-Llama-3-8B-Instruct_task-ACSIncome/meta-llama--Meta-Llama-3-8B-Instruct_bench-347645256/ACSIncome_full_seed-42_hash-1998608642.test_predictions.csv
ACSIncome,meta-llama--Meta-Llama-3-8B-Instruct,1,0,0.5,0.5649684589966957,2770924009,0,bullet,:,original,rand 2,results/folktexts/0-variations/model-meta-llama--Meta-Llama-3-8B-Instruct/meta-llama--Meta-Llama-3-8B-Instruct_task-ACSIncome/meta-llama--Meta-Llama-3-8B-Instruct_bench-2770924009/results.bench-2770924009.json,results/folktexts/0-variations/model-meta-llama--Meta-Llama-3-8B-Instruct/meta-llama--Meta-Llama-3-8B-Instruct_task-ACSIncome/meta-llama--Meta-Llama-3-8B-Instruct_bench-2770924009/ACSIncome_full_seed-42_hash-1998608642.test_predictions.csv
ACSIncome,meta-llama--Meta-Llama-3-8B-Instruct,1,1,0.924,0.7562991889456293,1475205958,0,comma,=,low,rand 3,results/folktexts/0-variations/model-meta-llama--Meta-Llama-3-8B-Instruct/meta-llama--Meta-Llama-3-8B-Instruct_task-ACSIncome/meta-llama--Meta-Llama-3-8B-Instruct_bench-1475205958/results.bench-1475205958.json,results/folktexts/0-variations/model-meta-llama--Meta-Llama-3-8B-Instruct/meta-llama--Meta-Llama-3-8B-Instruct_task-ACSIncome/meta-llama--Meta-Llama-3-8B-Instruct_bench-3291721960/ACSIncome_full_seed-42_hash-1998608642.test_predictions.csv
ACSIncome,meta-llama--Meta-Llama-3-8B-Instruct,1,0,0.5,0.6581676179032743,3905977442,0,comma,=,low, reversed,results/folktexts/0-variations/model-meta-llama--Meta-Llama-3-8B-Instruct/meta-llama--Meta-Llama-3-8B-Instruct_task-ACSIncome/meta-llama--Meta-Llama-3-8B-Instruct_bench-3905977442/results.bench-3905977442.json,results/folktexts/0-variations/model-meta-llama--Meta-Llama-3-8B-Instruct/meta-llama--Meta-Llama-3-8B-Instruct_task-ACSIncome/meta-llama--Meta-Llama-3-8B-Instruct_bench-3905977442/ACSIncome_full_seed-42_hash-1998608642.test_predictions.csv
ACSIncome,meta-llama--Meta-Llama-3-8B-Instruct,1,1,0.9527216969077434,0.7560408531090418,2934535017,0,text,=,low,rand 1,results/folktexts/0-variations/model-meta-llama--Meta-Llama-3-8B-Instruct/meta-llama--Meta-Llama-3-8B-Instruct_task-ACSIncome/meta-llama--Meta-Llama-3-8B-Instruct_bench-2934535017/results.bench-2934535017.json,results/folktexts/0-variations/model-meta-llama--Meta-Llama-3-8B-Instruct/meta-llama--Meta-Llama-3-8B-Instruct_task-ACSIncome/meta-llama--Meta-Llama-3-8B-Instruct_bench-1851498664/ACSIncome_full_seed-42_hash-1998608642.test_predictions.csv
ACSIncome,meta-llama--Meta-Llama-3-8B-Instruct,1,0,0.5,0.6573866025833583,1365204625,0,comma,is,low,rand 2,results/folktexts/0-variations/model-meta-llama--Meta-Llama-3-8B-Instruct/meta-llama--Meta-Llama-3-8B-Instruct_task-ACSIncome/meta-llama--Meta-Llama-3-8B-Instruct_bench-1365204625/results.bench-1365204625.json,results/folktexts/0-variations/model-meta-llama--Meta-Llama-3-8B-Instruct/meta-llama--Meta-Llama-3-8B-Instruct_task-ACSIncome/meta-llama--Meta-Llama-3-8B-Instruct_bench-1365204625/ACSIncome_full_seed-42_hash-1998608642.test_predictions.csv
ACSIncome,meta-llama--Meta-Llama-3-8B-Instruct,1,0,0.5,0.6263202162811655,3252527189,0,comma,=,original,default,results/folktexts/0-variations/model-meta-llama--Meta-Llama-3-8B-Instruct/meta-llama--Meta-Llama-3-8B-Instruct_task-ACSIncome/meta-llama--Meta-Llama-3-8B-Instruct_bench-3252527189/results.bench-3252527189.json,results/folktexts/0-variations/model-meta-llama--Meta-Llama-3-8B-Instruct/meta-llama--Meta-Llama-3-8B-Instruct_task-ACSIncome/meta-llama--Meta-Llama-3-8B-Instruct_bench-3252527189/ACSIncome_full_seed-42_hash-1998608642.test_predictions.csv
ACSIncome,meta-llama--Meta-Llama-3-8B-Instruct,1,0,0.5,0.6342745569240013,2178765316,0,text,:,low,default,results/folktexts/0-variations/model-meta-llama--Meta-Llama-3-8B-Instruct/meta-llama--Meta-Llama-3-8B-Instruct_task-ACSIncome/meta-llama--Meta-Llama-3-8B-Instruct_bench-2178765316/results.bench-2178765316.json,results/folktexts/0-variations/model-meta-llama--Meta-Llama-3-8B-Instruct/meta-llama--Meta-Llama-3-8B-Instruct_task-ACSIncome/meta-llama--Meta-Llama-3-8B-Instruct_bench-2178765316/ACSIncome_full_seed-42_hash-1998608642.test_predictions.csv
ACSIncome,meta-llama--Meta-Llama-3-8B-Instruct,1,1,0.9526717557251908,0.7635145689396216,2572411085,0,comma,:,low,rand 2,results/folktexts/0-variations/model-meta-llama--Meta-Llama-3-8B-Instruct/meta-llama--Meta-Llama-3-8B-Instruct_task-ACSIncome/meta-llama--Meta-Llama-3-8B-Instruct_bench-2572411085/results.bench-2572411085.json,results/folktexts/0-variations/model-meta-llama--Meta-Llama-3-8B-Instruct/meta-llama--Meta-Llama-3-8B-Instruct_task-ACSIncome/meta-llama--Meta-Llama-3-8B-Instruct_bench-1216391799/ACSIncome_full_seed-42_hash-1998608642.test_predictions.csv
ACSIncome,meta-llama--Meta-Llama-3-8B-Instruct,1,0,0.5,0.555776509462301,2330229226,0,bullet,is,original,rand 2,results/folktexts/0-variations/model-meta-llama--Meta-Llama-3-8B-Instruct/meta-llama--Meta-Llama-3-8B-Instruct_task-ACSIncome/meta-llama--Meta-Llama-3-8B-Instruct_bench-2330229226/results.bench-2330229226.json,results/folktexts/0-variations/model-meta-llama--Meta-Llama-3-8B-Instruct/meta-llama--Meta-Llama-3-8B-Instruct_task-ACSIncome/meta-llama--Meta-Llama-3-8B-Instruct_bench-2330229226/ACSIncome_full_seed-42_hash-1998608642.test_predictions.csv
ACSIncome,meta-llama--Meta-Llama-3-8B-Instruct,1,1,0.9668152550767707,0.7556683688795434,1495670874,0,bullet,:,low,default,results/folktexts/0-variations/model-meta-llama--Meta-Llama-3-8B-Instruct/meta-llama--Meta-Llama-3-8B-Instruct_task-ACSIncome/meta-llama--Meta-Llama-3-8B-Instruct_bench-1495670874/results.bench-1495670874.json,results/folktexts/0-variations/model-meta-llama--Meta-Llama-3-8B-Instruct/meta-llama--Meta-Llama-3-8B-Instruct_task-ACSIncome/meta-llama--Meta-Llama-3-8B-Instruct_bench-2301170192/ACSIncome_full_seed-42_hash-1998608642.test_predictions.csv
ACSIncome,meta-llama--Meta-Llama-3-8B-Instruct,1,1,0.9047619047619048,0.7462961850405527,3874394036,0,bullet,is,low,rand 3,results/folktexts/0-variations/model-meta-llama--Meta-Llama-3-8B-Instruct/meta-llama--Meta-Llama-3-8B-Instruct_task-ACSIncome/meta-llama--Meta-Llama-3-8B-Instruct_bench-3874394036/results.bench-3874394036.json,results/folktexts/0-variations/model-meta-llama--Meta-Llama-3-8B-Instruct/meta-llama--Meta-Llama-3-8B-Instruct_task-ACSIncome/meta-llama--Meta-Llama-3-8B-Instruct_bench-217195262/ACSIncome_full_seed-42_hash-1998608642.test_predictions.csv
ACSIncome,meta-llama--Meta-Llama-3-8B-Instruct,1,0,0.5,0.5999819765695404,1804862187,0,bullet,:,low, reversed,results/folktexts/0-variations/model-meta-llama--Meta-Llama-3-8B-Instruct/meta-llama--Meta-Llama-3-8B-Instruct_task-ACSIncome/meta-llama--Meta-Llama-3-8B-Instruct_bench-1804862187/results.bench-1804862187.json,results/folktexts/0-variations/model-meta-llama--Meta-Llama-3-8B-Instruct/meta-llama--Meta-Llama-3-8B-Instruct_task-ACSIncome/meta-llama--Meta-Llama-3-8B-Instruct_bench-1804862187/ACSIncome_full_seed-42_hash-1998608642.test_predictions.csv
ACSIncome,meta-llama--Meta-Llama-3-8B-Instruct,1,0,0.5,0.6100210273355362,3461076781,0,bullet,=,low,rand 2,results/folktexts/0-variations/model-meta-llama--Meta-Llama-3-8B-Instruct/meta-llama--Meta-Llama-3-8B-Instruct_task-ACSIncome/meta-llama--Meta-Llama-3-8B-Instruct_bench-3461076781/results.bench-3461076781.json,results/folktexts/0-variations/model-meta-llama--Meta-Llama-3-8B-Instruct/meta-llama--Meta-Llama-3-8B-Instruct_task-ACSIncome/meta-llama--Meta-Llama-3-8B-Instruct_bench-3461076781/ACSIncome_full_seed-42_hash-1998608642.test_predictions.csv
ACSIncome,meta-llama--Meta-Llama-3-8B-Instruct,1,1,0.835030549898167,0.7301471913487534,3756055369,0,comma,=,original,rand 3,results/folktexts/0-variations/model-meta-llama--Meta-Llama-3-8B-Instruct/meta-llama--Meta-Llama-3-8B-Instruct_task-ACSIncome/meta-llama--Meta-Llama-3-8B-Instruct_bench-3756055369/results.bench-3756055369.json,results/folktexts/0-variations/model-meta-llama--Meta-Llama-3-8B-Instruct/meta-llama--Meta-Llama-3-8B-Instruct_task-ACSIncome/meta-llama--Meta-Llama-3-8B-Instruct_bench-1257006918/ACSIncome_full_seed-42_hash-1998608642.test_predictions.csv
ACSIncome,meta-llama--Meta-Llama-3-8B-Instruct,1,1,0.952428393524284,0.7364013217182337,4275025692,0,bullet,:,original,rand 1,results/folktexts/0-variations/model-meta-llama--Meta-Llama-3-8B-Instruct/meta-llama--Meta-Llama-3-8B-Instruct_task-ACSIncome/meta-llama--Meta-Llama-3-8B-Instruct_bench-4275025692/results.bench-4275025692.json,results/folktexts/0-variations/model-meta-llama--Meta-Llama-3-8B-Instruct/meta-llama--Meta-Llama-3-8B-Instruct_task-ACSIncome/meta-llama--Meta-Llama-3-8B-Instruct_bench-892025541/ACSIncome_full_seed-42_hash-1998608642.test_predictions.csv
ACSIncome,meta-llama--Meta-Llama-3-8B-Instruct,1,1,0.9397710303633648,0.7507059176930009,2414023833,0,bullet,:,original,default,results/folktexts/0-variations/model-meta-llama--Meta-Llama-3-8B-Instruct/meta-llama--Meta-Llama-3-8B-Instruct_task-ACSIncome/meta-llama--Meta-Llama-3-8B-Instruct_bench-2414023833/results.bench-2414023833.json,results/folktexts/0-variations/model-meta-llama--Meta-Llama-3-8B-Instruct/meta-llama--Meta-Llama-3-8B-Instruct_task-ACSIncome/meta-llama--Meta-Llama-3-8B-Instruct_bench-1835285001/ACSIncome_full_seed-42_hash-1998608642.test_predictions.csv
ACSIncome,meta-llama--Meta-Llama-3-8B-Instruct,1,0,0.5,0.6046800841093422,139532692,0,bullet,is,low, reversed,results/folktexts/0-variations/model-meta-llama--Meta-Llama-3-8B-Instruct/meta-llama--Meta-Llama-3-8B-Instruct_task-ACSIncome/meta-llama--Meta-Llama-3-8B-Instruct_bench-139532692/results.bench-139532692.json,results/folktexts/0-variations/model-meta-llama--Meta-Llama-3-8B-Instruct/meta-llama--Meta-Llama-3-8B-Instruct_task-ACSIncome/meta-llama--Meta-Llama-3-8B-Instruct_bench-139532692/ACSIncome_full_seed-42_hash-1998608642.test_predictions.csv
ACSIncome,meta-llama--Meta-Llama-3-8B-Instruct,1,0,0.5,0.5982457194352658,186777524,0,comma,=,original, reversed,results/folktexts/0-variations/model-meta-llama--Meta-Llama-3-8B-Instruct/meta-llama--Meta-Llama-3-8B-Instruct_task-ACSIncome/meta-llama--Meta-Llama-3-8B-Instruct_bench-186777524/results.bench-186777524.json,results/folktexts/0-variations/model-meta-llama--Meta-Llama-3-8B-Instruct/meta-llama--Meta-Llama-3-8B-Instruct_task-ACSIncome/meta-llama--Meta-Llama-3-8B-Instruct_bench-186777524/ACSIncome_full_seed-42_hash-1998608642.test_predictions.csv
ACSIncome,meta-llama--Meta-Llama-3-8B-Instruct,1,1,0.9244622311155578,0.7555902673475519,3643091885,0,bullet,is,original,rand 3,results/folktexts/0-variations/model-meta-llama--Meta-Llama-3-8B-Instruct/meta-llama--Meta-Llama-3-8B-Instruct_task-ACSIncome/meta-llama--Meta-Llama-3-8B-Instruct_bench-3643091885/results.bench-3643091885.json,results/folktexts/0-variations/model-meta-llama--Meta-Llama-3-8B-Instruct/meta-llama--Meta-Llama-3-8B-Instruct_task-ACSIncome/meta-llama--Meta-Llama-3-8B-Instruct_bench-426965026/ACSIncome_full_seed-42_hash-1998608642.test_predictions.csv
ACSIncome,meta-llama--Meta-Llama-3-8B-Instruct,1,1,0.9324662331165583,0.7516972063682787,2014725620,0,bullet,=,original,rand 2,results/folktexts/0-variations/model-meta-llama--Meta-Llama-3-8B-Instruct/meta-llama--Meta-Llama-3-8B-Instruct_task-ACSIncome/meta-llama--Meta-Llama-3-8B-Instruct_bench-2014725620/results.bench-2014725620.json,results/folktexts/0-variations/model-meta-llama--Meta-Llama-3-8B-Instruct/meta-llama--Meta-Llama-3-8B-Instruct_task-ACSIncome/meta-llama--Meta-Llama-3-8B-Instruct_bench-2069310036/ACSIncome_full_seed-42_hash-1998608642.test_predictions.csv
ACSIncome,meta-llama--Meta-Llama-3-8B-Instruct,1,0,0.5,0.5502373085010513,1934340821,0,bullet,is,original, reversed,results/folktexts/0-variations/model-meta-llama--Meta-Llama-3-8B-Instruct/meta-llama--Meta-Llama-3-8B-Instruct_task-ACSIncome/meta-llama--Meta-Llama-3-8B-Instruct_bench-1934340821/results.bench-1934340821.json,results/folktexts/0-variations/model-meta-llama--Meta-Llama-3-8B-Instruct/meta-llama--Meta-Llama-3-8B-Instruct_task-ACSIncome/meta-llama--Meta-Llama-3-8B-Instruct_bench-1934340821/ACSIncome_full_seed-42_hash-1998608642.test_predictions.csv
ACSIncome,meta-llama--Meta-Llama-3-8B-Instruct,1,1,0.9325153374233128,0.7458696305196756,1992601320,0,comma,is,original,rand 1,results/folktexts/0-variations/model-meta-llama--Meta-Llama-3-8B-Instruct/meta-llama--Meta-Llama-3-8B-Instruct_task-ACSIncome/meta-llama--Meta-Llama-3-8B-Instruct_bench-1992601320/results.bench-1992601320.json,results/folktexts/0-variations/model-meta-llama--Meta-Llama-3-8B-Instruct/meta-llama--Meta-Llama-3-8B-Instruct_task-ACSIncome/meta-llama--Meta-Llama-3-8B-Instruct_bench-3994219878/ACSIncome_full_seed-42_hash-1998608642.test_predictions.csv
ACSIncome,meta-llama--Meta-Llama-3-8B-Instruct,1,1,0.9627153509899717,0.7661339741664164,3383907546,0,text,=,low, reversed,results/folktexts/0-variations/model-meta-llama--Meta-Llama-3-8B-Instruct/meta-llama--Meta-Llama-3-8B-Instruct_task-ACSIncome/meta-llama--Meta-Llama-3-8B-Instruct_bench-3383907546/results.bench-3383907546.json,results/folktexts/0-variations/model-meta-llama--Meta-Llama-3-8B-Instruct/meta-llama--Meta-Llama-3-8B-Instruct_task-ACSIncome/meta-llama--Meta-Llama-3-8B-Instruct_bench-3001944137/ACSIncome_full_seed-42_hash-1998608642.test_predictions.csv
ACSIncome,meta-llama--Meta-Llama-3-8B-Instruct,1,1,0.9580596260737746,0.760180234304596,2798390039,0,comma,is,low, reversed,results/folktexts/0-variations/model-meta-llama--Meta-Llama-3-8B-Instruct/meta-llama--Meta-Llama-3-8B-Instruct_task-ACSIncome/meta-llama--Meta-Llama-3-8B-Instruct_bench-2798390039/results.bench-2798390039.json,results/folktexts/0-variations/model-meta-llama--Meta-Llama-3-8B-Instruct/meta-llama--Meta-Llama-3-8B-Instruct_task-ACSIncome/meta-llama--Meta-Llama-3-8B-Instruct_bench-3531151786/ACSIncome_full_seed-42_hash-1998608642.test_predictions.csv
ACSIncome,meta-llama--Meta-Llama-3-8B-Instruct,1,0,0.5,0.5746410333433464,2960933606,0,text,=,original,rand 2,results/folktexts/0-variations/model-meta-llama--Meta-Llama-3-8B-Instruct/meta-llama--Meta-Llama-3-8B-Instruct_task-ACSIncome/meta-llama--Meta-Llama-3-8B-Instruct_bench-2960933606/results.bench-2960933606.json,results/folktexts/0-variations/model-meta-llama--Meta-Llama-3-8B-Instruct/meta-llama--Meta-Llama-3-8B-Instruct_task-ACSIncome/meta-llama--Meta-Llama-3-8B-Instruct_bench-2960933606/ACSIncome_full_seed-42_hash-1998608642.test_predictions.csv
ACSIncome,meta-llama--Meta-Llama-3-8B-Instruct,1,1,0.9465572955505841,0.7559026734755182,858188660,0,text,is,low,default,results/folktexts/0-variations/model-meta-llama--Meta-Llama-3-8B-Instruct/meta-llama--Meta-Llama-3-8B-Instruct_task-ACSIncome/meta-llama--Meta-Llama-3-8B-Instruct_bench-858188660/results.bench-858188660.json,results/folktexts/0-variations/model-meta-llama--Meta-Llama-3-8B-Instruct/meta-llama--Meta-Llama-3-8B-Instruct_task-ACSIncome/meta-llama--Meta-Llama-3-8B-Instruct_bench-918052672/ACSIncome_full_seed-42_hash-1998608642.test_predictions.csv
ACSIncome,meta-llama--Meta-Llama-3-8B-Instruct,1,1,0.9626145085417184,0.7503214178431962,1734900862,0,bullet,:,original, reversed,results/folktexts/0-variations/model-meta-llama--Meta-Llama-3-8B-Instruct/meta-llama--Meta-Llama-3-8B-Instruct_task-ACSIncome/meta-llama--Meta-Llama-3-8B-Instruct_bench-1734900862/results.bench-1734900862.json,results/folktexts/0-variations/model-meta-llama--Meta-Llama-3-8B-Instruct/meta-llama--Meta-Llama-3-8B-Instruct_task-ACSIncome/meta-llama--Meta-Llama-3-8B-Instruct_bench-1465294959/ACSIncome_full_seed-42_hash-1998608642.test_predictions.csv
ACSIncome,meta-llama--Meta-Llama-3-8B-Instruct,1,1,0.9324662331165583,0.7629678582156804,3809545059,0,text,=,low,rand 2,results/folktexts/0-variations/model-meta-llama--Meta-Llama-3-8B-Instruct/meta-llama--Meta-Llama-3-8B-Instruct_task-ACSIncome/meta-llama--Meta-Llama-3-8B-Instruct_bench-3809545059/results.bench-3809545059.json,results/folktexts/0-variations/model-meta-llama--Meta-Llama-3-8B-Instruct/meta-llama--Meta-Llama-3-8B-Instruct_task-ACSIncome/meta-llama--Meta-Llama-3-8B-Instruct_bench-1203501721/ACSIncome_full_seed-42_hash-1998608642.test_predictions.csv
ACSIncome,meta-llama--Meta-Llama-3-8B-Instruct,1,1,0.8937007874015748,0.7234544908380895,1676602028,0,bullet,:,low,rand 2,results/folktexts/0-variations/model-meta-llama--Meta-Llama-3-8B-Instruct/meta-llama--Meta-Llama-3-8B-Instruct_task-ACSIncome/meta-llama--Meta-Llama-3-8B-Instruct_bench-1676602028/results.bench-1676602028.json,results/folktexts/0-variations/model-meta-llama--Meta-Llama-3-8B-Instruct/meta-llama--Meta-Llama-3-8B-Instruct_task-ACSIncome/meta-llama--Meta-Llama-3-8B-Instruct_bench-2146382755/ACSIncome_full_seed-42_hash-1998608642.test_predictions.csv
ACSIncome,meta-llama--Meta-Llama-3-8B-Instruct,1,1,0.9526222447428426,0.7503274256533493,2758661470,0,bullet,=,original,rand 1,results/folktexts/0-variations/model-meta-llama--Meta-Llama-3-8B-Instruct/meta-llama--Meta-Llama-3-8B-Instruct_task-ACSIncome/meta-llama--Meta-Llama-3-8B-Instruct_bench-2758661470/results.bench-2758661470.json,results/folktexts/0-variations/model-meta-llama--Meta-Llama-3-8B-Instruct/meta-llama--Meta-Llama-3-8B-Instruct_task-ACSIncome/meta-llama--Meta-Llama-3-8B-Instruct_bench-3523578323/ACSIncome_full_seed-42_hash-1998608642.test_predictions.csv
ACSIncome,meta-llama--Meta-Llama-3-8B-Instruct,1,0,0.5,0.6254791228597176,3613873576,0,text,:,low,rand 2,results/folktexts/0-variations/model-meta-llama--Meta-Llama-3-8B-Instruct/meta-llama--Meta-Llama-3-8B-Instruct_task-ACSIncome/meta-llama--Meta-Llama-3-8B-Instruct_bench-3613873576/results.bench-3613873576.json,results/folktexts/0-variations/model-meta-llama--Meta-Llama-3-8B-Instruct/meta-llama--Meta-Llama-3-8B-Instruct_task-ACSIncome/meta-llama--Meta-Llama-3-8B-Instruct_bench-3613873576/ACSIncome_full_seed-42_hash-1998608642.test_predictions.csv
ACSIncome,meta-llama--Meta-Llama-3-8B-Instruct,1,1,0.9740163325909429,0.7622048663262241,4170072876,0,bullet,:,low,rand 1,results/folktexts/0-variations/model-meta-llama--Meta-Llama-3-8B-Instruct/meta-llama--Meta-Llama-3-8B-Instruct_task-ACSIncome/meta-llama--Meta-Llama-3-8B-Instruct_bench-4170072876/results.bench-4170072876.json,results/folktexts/0-variations/model-meta-llama--Meta-Llama-3-8B-Instruct/meta-llama--Meta-Llama-3-8B-Instruct_task-ACSIncome/meta-llama--Meta-Llama-3-8B-Instruct_bench-1893228932/ACSIncome_full_seed-42_hash-1998608642.test_predictions.csv
ACSIncome,meta-llama--Meta-Llama-3-8B-Instruct,1,0,0.5,0.5924421748272755,2348021505,0,bullet,=,original,default,results/folktexts/0-variations/model-meta-llama--Meta-Llama-3-8B-Instruct/meta-llama--Meta-Llama-3-8B-Instruct_task-ACSIncome/meta-llama--Meta-Llama-3-8B-Instruct_bench-2348021505/results.bench-2348021505.json,results/folktexts/0-variations/model-meta-llama--Meta-Llama-3-8B-Instruct/meta-llama--Meta-Llama-3-8B-Instruct_task-ACSIncome/meta-llama--Meta-Llama-3-8B-Instruct_bench-2348021505/ACSIncome_full_seed-42_hash-1998608642.test_predictions.csv
ACSIncome,meta-llama--Meta-Llama-3-8B-Instruct,1,1,0.9464558898521163,0.7559387203364374,1021874021,0,text,:,low,rand 2,results/folktexts/0-variations/model-meta-llama--Meta-Llama-3-8B-Instruct/meta-llama--Meta-Llama-3-8B-Instruct_task-ACSIncome/meta-llama--Meta-Llama-3-8B-Instruct_bench-1021874021/results.bench-1021874021.json,results/folktexts/0-variations/model-meta-llama--Meta-Llama-3-8B-Instruct/meta-llama--Meta-Llama-3-8B-Instruct_task-ACSIncome/meta-llama--Meta-Llama-3-8B-Instruct_bench-3613873576/ACSIncome_full_seed-42_hash-1998608642.test_predictions.csv
ACSIncome,meta-llama--Meta-Llama-3-8B-Instruct,1,0,0.5,0.6540102132772604,3531151786,0,comma,is,low, reversed,results/folktexts/0-variations/model-meta-llama--Meta-Llama-3-8B-Instruct/meta-llama--Meta-Llama-3-8B-Instruct_task-ACSIncome/meta-llama--Meta-Llama-3-8B-Instruct_bench-3531151786/results.bench-3531151786.json,results/folktexts/0-variations/model-meta-llama--Meta-Llama-3-8B-Instruct/meta-llama--Meta-Llama-3-8B-Instruct_task-ACSIncome/meta-llama--Meta-Llama-3-8B-Instruct_bench-3531151786/ACSIncome_full_seed-42_hash-1998608642.test_predictions.csv
ACSIncome,meta-llama--Meta-Llama-3-8B-Instruct,1,1,0.9467700258397933,0.7586842895764494,2419862572,0,text,is,original, reversed,results/folktexts/0-variations/model-meta-llama--Meta-Llama-3-8B-Instruct/meta-llama--Meta-Llama-3-8B-Instruct_task-ACSIncome/meta-llama--Meta-Llama-3-8B-Instruct_bench-2419862572/results.bench-2419862572.json,results/folktexts/0-variations/model-meta-llama--Meta-Llama-3-8B-Instruct/meta-llama--Meta-Llama-3-8B-Instruct_task-ACSIncome/meta-llama--Meta-Llama-3-8B-Instruct_bench-1707598052/ACSIncome_full_seed-42_hash-1998608642.test_predictions.csv
ACSIncome,meta-llama--Meta-Llama-3-8B-Instruct,1,0,0.5,0.5481225593271253,1465294959,0,bullet,:,original, reversed,results/folktexts/0-variations/model-meta-llama--Meta-Llama-3-8B-Instruct/meta-llama--Meta-Llama-3-8B-Instruct_task-ACSIncome/meta-llama--Meta-Llama-3-8B-Instruct_bench-1465294959/results.bench-1465294959.json,results/folktexts/0-variations/model-meta-llama--Meta-Llama-3-8B-Instruct/meta-llama--Meta-Llama-3-8B-Instruct_task-ACSIncome/meta-llama--Meta-Llama-3-8B-Instruct_bench-1465294959/ACSIncome_full_seed-42_hash-1998608642.test_predictions.csv
ACSIncome,meta-llama--Meta-Llama-3-8B-Instruct,1,1,0.9706733794839522,0.7649624511865425,3784270372,0,text,is,low,rand 1,results/folktexts/0-variations/model-meta-llama--Meta-Llama-3-8B-Instruct/meta-llama--Meta-Llama-3-8B-Instruct_task-ACSIncome/meta-llama--Meta-Llama-3-8B-Instruct_bench-3784270372/results.bench-3784270372.json,results/folktexts/0-variations/model-meta-llama--Meta-Llama-3-8B-Instruct/meta-llama--Meta-Llama-3-8B-Instruct_task-ACSIncome/meta-llama--Meta-Llama-3-8B-Instruct_bench-856629311/ACSIncome_full_seed-42_hash-1998608642.test_predictions.csv
ACSIncome,meta-llama--Meta-Llama-3-8B-Instruct,1,0,0.5,0.6471072394112346,3646051483,0,bullet,=,low,rand 3,results/folktexts/0-variations/model-meta-llama--Meta-Llama-3-8B-Instruct/meta-llama--Meta-Llama-3-8B-Instruct_task-ACSIncome/meta-llama--Meta-Llama-3-8B-Instruct_bench-3646051483/results.bench-3646051483.json,results/folktexts/0-variations/model-meta-llama--Meta-Llama-3-8B-Instruct/meta-llama--Meta-Llama-3-8B-Instruct_task-ACSIncome/meta-llama--Meta-Llama-3-8B-Instruct_bench-3646051483/ACSIncome_full_seed-42_hash-1998608642.test_predictions.csv
ACSIncome,meta-llama--Meta-Llama-3-8B-Instruct,1,1,0.9526329716856312,0.7477380594773205,3649546435,0,comma,:,low,rand 1,results/folktexts/0-variations/model-meta-llama--Meta-Llama-3-8B-Instruct/meta-llama--Meta-Llama-3-8B-Instruct_task-ACSIncome/meta-llama--Meta-Llama-3-8B-Instruct_bench-3649546435/results.bench-3649546435.json,results/folktexts/0-variations/model-meta-llama--Meta-Llama-3-8B-Instruct/meta-llama--Meta-Llama-3-8B-Instruct_task-ACSIncome/meta-llama--Meta-Llama-3-8B-Instruct_bench-625038329/ACSIncome_full_seed-42_hash-1998608642.test_predictions.csv
ACSIncome,meta-llama--Meta-Llama-3-8B-Instruct,1,0,0.5,0.5518474016221088,420120546,0,bullet,=,original, reversed,results/folktexts/0-variations/model-meta-llama--Meta-Llama-3-8B-Instruct/meta-llama--Meta-Llama-3-8B-Instruct_task-ACSIncome/meta-llama--Meta-Llama-3-8B-Instruct_bench-420120546/results.bench-420120546.json,results/folktexts/0-variations/model-meta-llama--Meta-Llama-3-8B-Instruct/meta-llama--Meta-Llama-3-8B-Instruct_task-ACSIncome/meta-llama--Meta-Llama-3-8B-Instruct_bench-420120546/ACSIncome_full_seed-42_hash-1998608642.test_predictions.csv
ACSIncome,meta-llama--Meta-Llama-3-8B-Instruct,1,0,0.5,0.5695404025232803,2954874679,0,text,:,original, reversed,results/folktexts/0-variations/model-meta-llama--Meta-Llama-3-8B-Instruct/meta-llama--Meta-Llama-3-8B-Instruct_task-ACSIncome/meta-llama--Meta-Llama-3-8B-Instruct_bench-2954874679/results.bench-2954874679.json,results/folktexts/0-variations/model-meta-llama--Meta-Llama-3-8B-Instruct/meta-llama--Meta-Llama-3-8B-Instruct_task-ACSIncome/meta-llama--Meta-Llama-3-8B-Instruct_bench-2954874679/ACSIncome_full_seed-42_hash-1998608642.test_predictions.csv
ACSIncome,meta-llama--Meta-Llama-3-8B-Instruct,1,1,0.9049049049049049,0.7423610693902073,1073716181,0,bullet,=,original,rand 3,results/folktexts/0-variations/model-meta-llama--Meta-Llama-3-8B-Instruct/meta-llama--Meta-Llama-3-8B-Instruct_task-ACSIncome/meta-llama--Meta-Llama-3-8B-Instruct_bench-1073716181/results.bench-1073716181.json,results/folktexts/0-variations/model-meta-llama--Meta-Llama-3-8B-Instruct/meta-llama--Meta-Llama-3-8B-Instruct_task-ACSIncome/meta-llama--Meta-Llama-3-8B-Instruct_bench-71446866/ACSIncome_full_seed-42_hash-1998608642.test_predictions.csv
ACSIncome,meta-llama--Meta-Llama-3-8B-Instruct,1,0,0.5,0.6531210573745869,3996761099,0,bullet,:,low,rand 3,results/folktexts/0-variations/model-meta-llama--Meta-Llama-3-8B-Instruct/meta-llama--Meta-Llama-3-8B-Instruct_task-ACSIncome/meta-llama--Meta-Llama-3-8B-Instruct_bench-3996761099/results.bench-3996761099.json,results/folktexts/0-variations/model-meta-llama--Meta-Llama-3-8B-Instruct/meta-llama--Meta-Llama-3-8B-Instruct_task-ACSIncome/meta-llama--Meta-Llama-3-8B-Instruct_bench-3996761099/ACSIncome_full_seed-42_hash-1998608642.test_predictions.csv
ACSIncome,meta-llama--Meta-Llama-3-8B-Instruct,1,1,0.9464190981432361,0.7357825172724541,2386541454,0,text,:,original, reversed,results/folktexts/0-variations/model-meta-llama--Meta-Llama-3-8B-Instruct/meta-llama--Meta-Llama-3-8B-Instruct_task-ACSIncome/meta-llama--Meta-Llama-3-8B-Instruct_bench-2386541454/results.bench-2386541454.json,results/folktexts/0-variations/model-meta-llama--Meta-Llama-3-8B-Instruct/meta-llama--Meta-Llama-3-8B-Instruct_task-ACSIncome/meta-llama--Meta-Llama-3-8B-Instruct_bench-2954874679/ACSIncome_full_seed-42_hash-1998608642.test_predictions.csv
ACSIncome,meta-llama--Meta-Llama-3-8B-Instruct,1,0,0.5,0.6348212676479423,2018634781,0,text,:,original,rand 3,results/folktexts/0-variations/model-meta-llama--Meta-Llama-3-8B-Instruct/meta-llama--Meta-Llama-3-8B-Instruct_task-ACSIncome/meta-llama--Meta-Llama-3-8B-Instruct_bench-2018634781/results.bench-2018634781.json,results/folktexts/0-variations/model-meta-llama--Meta-Llama-3-8B-Instruct/meta-llama--Meta-Llama-3-8B-Instruct_task-ACSIncome/meta-llama--Meta-Llama-3-8B-Instruct_bench-2018634781/ACSIncome_full_seed-42_hash-1998608642.test_predictions.csv
ACSIncome,meta-llama--Meta-Llama-3-8B-Instruct,1,0,0.5,0.599879843796936,3923707390,0,bullet,is,low,rand 2,results/folktexts/0-variations/model-meta-llama--Meta-Llama-3-8B-Instruct/meta-llama--Meta-Llama-3-8B-Instruct_task-ACSIncome/meta-llama--Meta-Llama-3-8B-Instruct_bench-3923707390/results.bench-3923707390.json,results/folktexts/0-variations/model-meta-llama--Meta-Llama-3-8B-Instruct/meta-llama--Meta-Llama-3-8B-Instruct_task-ACSIncome/meta-llama--Meta-Llama-3-8B-Instruct_bench-3923707390/ACSIncome_full_seed-42_hash-1998608642.test_predictions.csv
ACSIncome,meta-llama--Meta-Llama-3-8B-Instruct,1,0,0.5,0.6024391709221989,2725569533,0,bullet,=,low,rand 1,results/folktexts/0-variations/model-meta-llama--Meta-Llama-3-8B-Instruct/meta-llama--Meta-Llama-3-8B-Instruct_task-ACSIncome/meta-llama--Meta-Llama-3-8B-Instruct_bench-2725569533/results.bench-2725569533.json,results/folktexts/0-variations/model-meta-llama--Meta-Llama-3-8B-Instruct/meta-llama--Meta-Llama-3-8B-Instruct_task-ACSIncome/meta-llama--Meta-Llama-3-8B-Instruct_bench-2725569533/ACSIncome_full_seed-42_hash-1998608642.test_predictions.csv
ACSIncome,meta-llama--Meta-Llama-3-8B-Instruct,1,1,0.9148614609571788,0.7536677680985281,3668903555,0,comma,is,original,rand 2,results/folktexts/0-variations/model-meta-llama--Meta-Llama-3-8B-Instruct/meta-llama--Meta-Llama-3-8B-Instruct_task-ACSIncome/meta-llama--Meta-Llama-3-8B-Instruct_bench-3668903555/results.bench-3668903555.json,results/folktexts/0-variations/model-meta-llama--Meta-Llama-3-8B-Instruct/meta-llama--Meta-Llama-3-8B-Instruct_task-ACSIncome/meta-llama--Meta-Llama-3-8B-Instruct_bench-2449883410/ACSIncome_full_seed-42_hash-1998608642.test_predictions.csv
ACSIncome,meta-llama--Meta-Llama-3-8B-Instruct,1,1,0.9397710303633648,0.7537038149594473,1676279695,0,bullet,:,original,rand 3,results/folktexts/0-variations/model-meta-llama--Meta-Llama-3-8B-Instruct/meta-llama--Meta-Llama-3-8B-Instruct_task-ACSIncome/meta-llama--Meta-Llama-3-8B-Instruct_bench-1676279695/results.bench-1676279695.json,results/folktexts/0-variations/model-meta-llama--Meta-Llama-3-8B-Instruct/meta-llama--Meta-Llama-3-8B-Instruct_task-ACSIncome/meta-llama--Meta-Llama-3-8B-Instruct_bench-950682233/ACSIncome_full_seed-42_hash-1998608642.test_predictions.csv
ACSIncome,meta-llama--Meta-Llama-3-8B-Instruct,1,0,0.5,0.5997656954040252,1190864274,0,comma,is,original, reversed,results/folktexts/0-variations/model-meta-llama--Meta-Llama-3-8B-Instruct/meta-llama--Meta-Llama-3-8B-Instruct_task-ACSIncome/meta-llama--Meta-Llama-3-8B-Instruct_bench-1190864274/results.bench-1190864274.json,results/folktexts/0-variations/model-meta-llama--Meta-Llama-3-8B-Instruct/meta-llama--Meta-Llama-3-8B-Instruct_task-ACSIncome/meta-llama--Meta-Llama-3-8B-Instruct_bench-1190864274/ACSIncome_full_seed-42_hash-1998608642.test_predictions.csv
ACSIncome,meta-llama--Meta-Llama-3-8B-Instruct,1,0,0.5,0.63432862721538,1203501721,0,text,=,low,rand 2,results/folktexts/0-variations/model-meta-llama--Meta-Llama-3-8B-Instruct/meta-llama--Meta-Llama-3-8B-Instruct_task-ACSIncome/meta-llama--Meta-Llama-3-8B-Instruct_bench-1203501721/results.bench-1203501721.json,results/folktexts/0-variations/model-meta-llama--Meta-Llama-3-8B-Instruct/meta-llama--Meta-Llama-3-8B-Instruct_task-ACSIncome/meta-llama--Meta-Llama-3-8B-Instruct_bench-1203501721/ACSIncome_full_seed-42_hash-1998608642.test_predictions.csv
ACSIncome,meta-llama--Meta-Llama-3-8B-Instruct,1,0,0.5,0.5738480024031241,3722438463,0,text,:,original,rand 2,results/folktexts/0-variations/model-meta-llama--Meta-Llama-3-8B-Instruct/meta-llama--Meta-Llama-3-8B-Instruct_task-ACSIncome/meta-llama--Meta-Llama-3-8B-Instruct_bench-3722438463/results.bench-3722438463.json,results/folktexts/0-variations/model-meta-llama--Meta-Llama-3-8B-Instruct/meta-llama--Meta-Llama-3-8B-Instruct_task-ACSIncome/meta-llama--Meta-Llama-3-8B-Instruct_bench-3722438463/ACSIncome_full_seed-42_hash-1998608642.test_predictions.csv
ACSIncome,meta-llama--Meta-Llama-3-8B-Instruct,1,1,0.9399796541200407,0.77089215980775,3114307172,0,text,is,original,rand 3,results/folktexts/0-variations/model-meta-llama--Meta-Llama-3-8B-Instruct/meta-llama--Meta-Llama-3-8B-Instruct_task-ACSIncome/meta-llama--Meta-Llama-3-8B-Instruct_bench-3114307172/results.bench-3114307172.json,results/folktexts/0-variations/model-meta-llama--Meta-Llama-3-8B-Instruct/meta-llama--Meta-Llama-3-8B-Instruct_task-ACSIncome/meta-llama--Meta-Llama-3-8B-Instruct_bench-1913228765/ACSIncome_full_seed-42_hash-1998608642.test_predictions.csv
ACSIncome,meta-llama--Meta-Llama-3-8B-Instruct,1,1,0.9670781893004116,0.7582276960048062,544883796,0,text,:,low,rand 1,results/folktexts/0-variations/model-meta-llama--Meta-Llama-3-8B-Instruct/meta-llama--Meta-Llama-3-8B-Instruct_task-ACSIncome/meta-llama--Meta-Llama-3-8B-Instruct_bench-544883796/results.bench-544883796.json,results/folktexts/0-variations/model-meta-llama--Meta-Llama-3-8B-Instruct/meta-llama--Meta-Llama-3-8B-Instruct_task-ACSIncome/meta-llama--Meta-Llama-3-8B-Instruct_bench-1206106513/ACSIncome_full_seed-42_hash-1998608642.test_predictions.csv
ACSIncome,meta-llama--Meta-Llama-3-8B-Instruct,1,0,0.5,0.6142925803544608,2669547141,0,text,=,original,default,results/folktexts/0-variations/model-meta-llama--Meta-Llama-3-8B-Instruct/meta-llama--Meta-Llama-3-8B-Instruct_task-ACSIncome/meta-llama--Meta-Llama-3-8B-Instruct_bench-2669547141/results.bench-2669547141.json,results/folktexts/0-variations/model-meta-llama--Meta-Llama-3-8B-Instruct/meta-llama--Meta-Llama-3-8B-Instruct_task-ACSIncome/meta-llama--Meta-Llama-3-8B-Instruct_bench-2669547141/ACSIncome_full_seed-42_hash-1998608642.test_predictions.csv
ACSIncome,meta-llama--Meta-Llama-3-8B-Instruct,1,0,0.5,0.628927605887654,1206106513,0,text,:,low,rand 1,results/folktexts/0-variations/model-meta-llama--Meta-Llama-3-8B-Instruct/meta-llama--Meta-Llama-3-8B-Instruct_task-ACSIncome/meta-llama--Meta-Llama-3-8B-Instruct_bench-1206106513/results.bench-1206106513.json,results/folktexts/0-variations/model-meta-llama--Meta-Llama-3-8B-Instruct/meta-llama--Meta-Llama-3-8B-Instruct_task-ACSIncome/meta-llama--Meta-Llama-3-8B-Instruct_bench-1206106513/ACSIncome_full_seed-42_hash-1998608642.test_predictions.csv
ACSIncome,meta-llama--Meta-Llama-3-8B-Instruct,1,1,0.9047619047619048,0.7328266746770802,2009843675,0,bullet,=,original,default,results/folktexts/0-variations/model-meta-llama--Meta-Llama-3-8B-Instruct/meta-llama--Meta-Llama-3-8B-Instruct_task-ACSIncome/meta-llama--Meta-Llama-3-8B-Instruct_bench-2009843675/results.bench-2009843675.json,results/folktexts/0-variations/model-meta-llama--Meta-Llama-3-8B-Instruct/meta-llama--Meta-Llama-3-8B-Instruct_task-ACSIncome/meta-llama--Meta-Llama-3-8B-Instruct_bench-2348021505/ACSIncome_full_seed-42_hash-1998608642.test_predictions.csv
ACSIncome,meta-llama--Meta-Llama-3-8B-Instruct,1,1,0.9323456790123457,0.738041453890057,2251533976,0,bullet,=,low,rand 1,results/folktexts/0-variations/model-meta-llama--Meta-Llama-3-8B-Instruct/meta-llama--Meta-Llama-3-8B-Instruct_task-ACSIncome/meta-llama--Meta-Llama-3-8B-Instruct_bench-2251533976/results.bench-2251533976.json,results/folktexts/0-variations/model-meta-llama--Meta-Llama-3-8B-Instruct/meta-llama--Meta-Llama-3-8B-Instruct_task-ACSIncome/meta-llama--Meta-Llama-3-8B-Instruct_bench-2725569533/ACSIncome_full_seed-42_hash-1998608642.test_predictions.csv
ACSIncome,meta-llama--Meta-Llama-3-8B-Instruct,1,0,0.5,0.6006908981676179,1893228932,0,bullet,:,low,rand 1,results/folktexts/0-variations/model-meta-llama--Meta-Llama-3-8B-Instruct/meta-llama--Meta-Llama-3-8B-Instruct_task-ACSIncome/meta-llama--Meta-Llama-3-8B-Instruct_bench-1893228932/results.bench-1893228932.json,results/folktexts/0-variations/model-meta-llama--Meta-Llama-3-8B-Instruct/meta-llama--Meta-Llama-3-8B-Instruct_task-ACSIncome/meta-llama--Meta-Llama-3-8B-Instruct_bench-1893228932/ACSIncome_full_seed-42_hash-1998608642.test_predictions.csv
ACSIncome,meta-llama--Meta-Llama-3-8B-Instruct,1,0,0.5,0.6003784920396515,143938447,0,text,=,original,rand 1,results/folktexts/0-variations/model-meta-llama--Meta-Llama-3-8B-Instruct/meta-llama--Meta-Llama-3-8B-Instruct_task-ACSIncome/meta-llama--Meta-Llama-3-8B-Instruct_bench-143938447/results.bench-143938447.json,results/folktexts/0-variations/model-meta-llama--Meta-Llama-3-8B-Instruct/meta-llama--Meta-Llama-3-8B-Instruct_task-ACSIncome/meta-llama--Meta-Llama-3-8B-Instruct_bench-143938447/ACSIncome_full_seed-42_hash-1998608642.test_predictions.csv
ACSIncome,meta-llama--Meta-Llama-3-8B-Instruct,1,0,0.5,0.6221748272754581,3994050561,0,text,:,low, reversed,results/folktexts/0-variations/model-meta-llama--Meta-Llama-3-8B-Instruct/meta-llama--Meta-Llama-3-8B-Instruct_task-ACSIncome/meta-llama--Meta-Llama-3-8B-Instruct_bench-3994050561/results.bench-3994050561.json,results/folktexts/0-variations/model-meta-llama--Meta-Llama-3-8B-Instruct/meta-llama--Meta-Llama-3-8B-Instruct_task-ACSIncome/meta-llama--Meta-Llama-3-8B-Instruct_bench-3994050561/ACSIncome_full_seed-42_hash-1998608642.test_predictions.csv
ACSIncome,meta-llama--Meta-Llama-3-8B-Instruct,1,1,0.9668152550767708,0.7556683688795434,4105946756,0,bullet,:,low,default,results/folktexts/0-variations/model-meta-llama--Meta-Llama-3-8B-Instruct/meta-llama--Meta-Llama-3-8B-Instruct_task-ACSIncome/meta-llama--Meta-Llama-3-8B-Instruct_bench-4105946756/results.bench-4105946756.json,results/folktexts/0-variations/model-meta-llama--Meta-Llama-3-8B-Instruct/meta-llama--Meta-Llama-3-8B-Instruct_task-ACSIncome/meta-llama--Meta-Llama-3-8B-Instruct_bench-2301170192/ACSIncome_full_seed-42_hash-1998608642.test_predictions.csv
ACSIncome,meta-llama--Meta-Llama-3-8B-Instruct,1,0,0.5,0.5834905376990087,3312978024,0,bullet,is,original,default,results/folktexts/0-variations/model-meta-llama--Meta-Llama-3-8B-Instruct/meta-llama--Meta-Llama-3-8B-Instruct_task-ACSIncome/meta-llama--Meta-Llama-3-8B-Instruct_bench-3312978024/results.bench-3312978024.json,results/folktexts/0-variations/model-meta-llama--Meta-Llama-3-8B-Instruct/meta-llama--Meta-Llama-3-8B-Instruct_task-ACSIncome/meta-llama--Meta-Llama-3-8B-Instruct_bench-3312978024/ACSIncome_full_seed-42_hash-1998608642.test_predictions.csv
ACSIncome,meta-llama--Meta-Llama-3-8B-Instruct,1,0,0.5,0.549534394713127,892025541,0,bullet,:,original,rand 1,results/folktexts/0-variations/model-meta-llama--Meta-Llama-3-8B-Instruct/meta-llama--Meta-Llama-3-8B-Instruct_task-ACSIncome/meta-llama--Meta-Llama-3-8B-Instruct_bench-892025541/results.bench-892025541.json,results/folktexts/0-variations/model-meta-llama--Meta-Llama-3-8B-Instruct/meta-llama--Meta-Llama-3-8B-Instruct_task-ACSIncome/meta-llama--Meta-Llama-3-8B-Instruct_bench-892025541/ACSIncome_full_seed-42_hash-1998608642.test_predictions.csv
ACSIncome,meta-llama--Meta-Llama-3-8B-Instruct,1,1,0.9668295191565955,0.7635686392310003,3129897468,0,text,:,low, reversed,results/folktexts/0-variations/model-meta-llama--Meta-Llama-3-8B-Instruct/meta-llama--Meta-Llama-3-8B-Instruct_task-ACSIncome/meta-llama--Meta-Llama-3-8B-Instruct_bench-3129897468/results.bench-3129897468.json,results/folktexts/0-variations/model-meta-llama--Meta-Llama-3-8B-Instruct/meta-llama--Meta-Llama-3-8B-Instruct_task-ACSIncome/meta-llama--Meta-Llama-3-8B-Instruct_bench-3994050561/ACSIncome_full_seed-42_hash-1998608642.test_predictions.csv
ACSIncome,meta-llama--Meta-Llama-3-8B-Instruct,1,0,0.5,0.5803965154701112,1707598052,0,text,is,original, reversed,results/folktexts/0-variations/model-meta-llama--Meta-Llama-3-8B-Instruct/meta-llama--Meta-Llama-3-8B-Instruct_task-ACSIncome/meta-llama--Meta-Llama-3-8B-Instruct_bench-1707598052/results.bench-1707598052.json,results/folktexts/0-variations/model-meta-llama--Meta-Llama-3-8B-Instruct/meta-llama--Meta-Llama-3-8B-Instruct_task-ACSIncome/meta-llama--Meta-Llama-3-8B-Instruct_bench-1707598052/ACSIncome_full_seed-42_hash-1998608642.test_predictions.csv
ACSIncome,meta-llama--Meta-Llama-3-8B-Instruct,1,0,0.5,0.5887113247221388,1723259774,0,text,is,original,rand 1,results/folktexts/0-variations/model-meta-llama--Meta-Llama-3-8B-Instruct/meta-llama--Meta-Llama-3-8B-Instruct_task-ACSIncome/meta-llama--Meta-Llama-3-8B-Instruct_bench-1723259774/results.bench-1723259774.json,results/folktexts/0-variations/model-meta-llama--Meta-Llama-3-8B-Instruct/meta-llama--Meta-Llama-3-8B-Instruct_task-ACSIncome/meta-llama--Meta-Llama-3-8B-Instruct_bench-1723259774/ACSIncome_full_seed-42_hash-1998608642.test_predictions.csv
ACSIncome,meta-llama--Meta-Llama-3-8B-Instruct,1,1,0.9048330842052816,0.7511444878341844,3814676853,0,comma,is,low,rand 2,results/folktexts/0-variations/model-meta-llama--Meta-Llama-3-8B-Instruct/meta-llama--Meta-Llama-3-8B-Instruct_task-ACSIncome/meta-llama--Meta-Llama-3-8B-Instruct_bench-3814676853/results.bench-3814676853.json,results/folktexts/0-variations/model-meta-llama--Meta-Llama-3-8B-Instruct/meta-llama--Meta-Llama-3-8B-Instruct_task-ACSIncome/meta-llama--Meta-Llama-3-8B-Instruct_bench-1365204625/ACSIncome_full_seed-42_hash-1998608642.test_predictions.csv
ACSIncome,meta-llama--Meta-Llama-3-8B-Instruct,1,1,0.8669354838709677,0.7229918894562932,3944912051,0,text,is,low,rand 2,results/folktexts/0-variations/model-meta-llama--Meta-Llama-3-8B-Instruct/meta-llama--Meta-Llama-3-8B-Instruct_task-ACSIncome/meta-llama--Meta-Llama-3-8B-Instruct_bench-3944912051/results.bench-3944912051.json,results/folktexts/0-variations/model-meta-llama--Meta-Llama-3-8B-Instruct/meta-llama--Meta-Llama-3-8B-Instruct_task-ACSIncome/meta-llama--Meta-Llama-3-8B-Instruct_bench-1519833559/ACSIncome_full_seed-42_hash-1998608642.test_predictions.csv
ACSIncome,meta-llama--Meta-Llama-3-8B-Instruct,1,0,0.5,0.6014238510063082,1491173852,0,bullet,=,low, reversed,results/folktexts/0-variations/model-meta-llama--Meta-Llama-3-8B-Instruct/meta-llama--Meta-Llama-3-8B-Instruct_task-ACSIncome/meta-llama--Meta-Llama-3-8B-Instruct_bench-1491173852/results.bench-1491173852.json,results/folktexts/0-variations/model-meta-llama--Meta-Llama-3-8B-Instruct/meta-llama--Meta-Llama-3-8B-Instruct_task-ACSIncome/meta-llama--Meta-Llama-3-8B-Instruct_bench-1491173852/ACSIncome_full_seed-42_hash-1998608642.test_predictions.csv
ACSIncome,meta-llama--Meta-Llama-3-8B-Instruct,1,1,0.9044914816726898,0.7482907780114149,1482497256,0,comma,=,original,rand 2,results/folktexts/0-variations/model-meta-llama--Meta-Llama-3-8B-Instruct/meta-llama--Meta-Llama-3-8B-Instruct_task-ACSIncome/meta-llama--Meta-Llama-3-8B-Instruct_bench-1482497256/results.bench-1482497256.json,results/folktexts/0-variations/model-meta-llama--Meta-Llama-3-8B-Instruct/meta-llama--Meta-Llama-3-8B-Instruct_task-ACSIncome/meta-llama--Meta-Llama-3-8B-Instruct_bench-281895813/ACSIncome_full_seed-42_hash-1998608642.test_predictions.csv
ACSIncome,meta-llama--Meta-Llama-3-8B-Instruct,1,0,0.5,0.5476359267047162,3523578323,0,bullet,=,original,rand 1,results/folktexts/0-variations/model-meta-llama--Meta-Llama-3-8B-Instruct/meta-llama--Meta-Llama-3-8B-Instruct_task-ACSIncome/meta-llama--Meta-Llama-3-8B-Instruct_bench-3523578323/results.bench-3523578323.json,results/folktexts/0-variations/model-meta-llama--Meta-Llama-3-8B-Instruct/meta-llama--Meta-Llama-3-8B-Instruct_task-ACSIncome/meta-llama--Meta-Llama-3-8B-Instruct_bench-3523578323/ACSIncome_full_seed-42_hash-1998608642.test_predictions.csv
ACSIncome,meta-llama--Meta-Llama-3-8B-Instruct,1,1,0.9244622311155578,0.7583899068789426,2844072589,0,comma,=,low,default,results/folktexts/0-variations/model-meta-llama--Meta-Llama-3-8B-Instruct/meta-llama--Meta-Llama-3-8B-Instruct_task-ACSIncome/meta-llama--Meta-Llama-3-8B-Instruct_bench-2844072589/results.bench-2844072589.json,results/folktexts/0-variations/model-meta-llama--Meta-Llama-3-8B-Instruct/meta-llama--Meta-Llama-3-8B-Instruct_task-ACSIncome/meta-llama--Meta-Llama-3-8B-Instruct_bench-1094457983/ACSIncome_full_seed-42_hash-1998608642.test_predictions.csv
ACSIncome,Qwen--Qwen2.5-7B-Instruct,1,1,0.10657827638959715,0.762595373986182,2047070444,0,comma,is,original,default,results/folktexts/0-variations/model-Qwen--Qwen2.5-7B-Instruct/Qwen--Qwen2.5-7B-Instruct_task-ACSIncome/Qwen--Qwen2.5-7B-Instruct_bench-2047070444/results.bench-2047070444.json,results/folktexts/0-variations/model-Qwen--Qwen2.5-7B-Instruct/Qwen--Qwen2.5-7B-Instruct_task-ACSIncome/Qwen--Qwen2.5-7B-Instruct_bench-3913208594/ACSIncome_full_seed-42_hash-1998608642.test_predictions.csv
ACSIncome,Qwen--Qwen2.5-7B-Instruct,1,1,0.03294989276662117,0.727239411234605,394754651,0,comma,=,low,rand 2,results/folktexts/0-variations/model-Qwen--Qwen2.5-7B-Instruct/Qwen--Qwen2.5-7B-Instruct_task-ACSIncome/Qwen--Qwen2.5-7B-Instruct_bench-394754651/results.bench-394754651.json,results/folktexts/0-variations/model-Qwen--Qwen2.5-7B-Instruct/Qwen--Qwen2.5-7B-Instruct_task-ACSIncome/Qwen--Qwen2.5-7B-Instruct_bench-2276245703/ACSIncome_full_seed-42_hash-1998608642.test_predictions.csv
ACSIncome,Qwen--Qwen2.5-7B-Instruct,1,1,0.02927450148493848,0.7532472213878042,2096907739,0,text,:,original,rand 3,results/folktexts/0-variations/model-Qwen--Qwen2.5-7B-Instruct/Qwen--Qwen2.5-7B-Instruct_task-ACSIncome/Qwen--Qwen2.5-7B-Instruct_bench-2096907739/results.bench-2096907739.json,results/folktexts/0-variations/model-Qwen--Qwen2.5-7B-Instruct/Qwen--Qwen2.5-7B-Instruct_task-ACSIncome/Qwen--Qwen2.5-7B-Instruct_bench-1077320194/ACSIncome_full_seed-42_hash-1998608642.test_predictions.csv
ACSIncome,Qwen--Qwen2.5-7B-Instruct,1,1,0.032945256378498884,0.7370802042655452,4138305511,0,comma,:,original, reversed,results/folktexts/0-variations/model-Qwen--Qwen2.5-7B-Instruct/Qwen--Qwen2.5-7B-Instruct_task-ACSIncome/Qwen--Qwen2.5-7B-Instruct_bench-4138305511/results.bench-4138305511.json,results/folktexts/0-variations/model-Qwen--Qwen2.5-7B-Instruct/Qwen--Qwen2.5-7B-Instruct_task-ACSIncome/Qwen--Qwen2.5-7B-Instruct_bench-1603258827/ACSIncome_full_seed-42_hash-1998608642.test_predictions.csv
ACSIncome,Qwen--Qwen2.5-7B-Instruct,1,1,0.033122629582806574,0.7283808951637128,1050791656,0,comma,=,original,rand 2,results/folktexts/0-variations/model-Qwen--Qwen2.5-7B-Instruct/Qwen--Qwen2.5-7B-Instruct_task-ACSIncome/Qwen--Qwen2.5-7B-Instruct_bench-1050791656/results.bench-1050791656.json,results/folktexts/0-variations/model-Qwen--Qwen2.5-7B-Instruct/Qwen--Qwen2.5-7B-Instruct_task-ACSIncome/Qwen--Qwen2.5-7B-Instruct_bench-326337191/ACSIncome_full_seed-42_hash-1998608642.test_predictions.csv
ACSIncome,Qwen--Qwen2.5-7B-Instruct,1,1,0.033110186357879504,0.7432021628116552,2729351657,0,bullet,is,low,rand 1,results/folktexts/0-variations/model-Qwen--Qwen2.5-7B-Instruct/Qwen--Qwen2.5-7B-Instruct_task-ACSIncome/Qwen--Qwen2.5-7B-Instruct_bench-2729351657/results.bench-2729351657.json,results/folktexts/0-variations/model-Qwen--Qwen2.5-7B-Instruct/Qwen--Qwen2.5-7B-Instruct_task-ACSIncome/Qwen--Qwen2.5-7B-Instruct_bench-2587870091/ACSIncome_full_seed-42_hash-1998608642.test_predictions.csv
ACSIncome,Qwen--Qwen2.5-7B-Instruct,1,1,0.1332694151486098,0.7447882246920997,3990876708,0,bullet,=,low,default,results/folktexts/0-variations/model-Qwen--Qwen2.5-7B-Instruct/Qwen--Qwen2.5-7B-Instruct_task-ACSIncome/Qwen--Qwen2.5-7B-Instruct_bench-3990876708/results.bench-3990876708.json,results/folktexts/0-variations/model-Qwen--Qwen2.5-7B-Instruct/Qwen--Qwen2.5-7B-Instruct_task-ACSIncome/Qwen--Qwen2.5-7B-Instruct_bench-4160943470/ACSIncome_full_seed-42_hash-1998608642.test_predictions.csv
ACSIncome,Qwen--Qwen2.5-7B-Instruct,1,0,0.5,0.7693361369780715,3673075045,0,comma,=,original,default,results/folktexts/0-variations/model-Qwen--Qwen2.5-7B-Instruct/Qwen--Qwen2.5-7B-Instruct_task-ACSIncome/Qwen--Qwen2.5-7B-Instruct_bench-3673075045/results.bench-3673075045.json,results/folktexts/0-variations/model-Qwen--Qwen2.5-7B-Instruct/Qwen--Qwen2.5-7B-Instruct_task-ACSIncome/Qwen--Qwen2.5-7B-Instruct_bench-3673075045/ACSIncome_full_seed-42_hash-1998608642.test_predictions.csv
ACSIncome,Qwen--Qwen2.5-7B-Instruct,1,1,0.012383311106877501,0.7262901772303996,3029123525,0,bullet,:,low,rand 2,results/folktexts/0-variations/model-Qwen--Qwen2.5-7B-Instruct/Qwen--Qwen2.5-7B-Instruct_task-ACSIncome/Qwen--Qwen2.5-7B-Instruct_bench-3029123525/results.bench-3029123525.json,results/folktexts/0-variations/model-Qwen--Qwen2.5-7B-Instruct/Qwen--Qwen2.5-7B-Instruct_task-ACSIncome/Qwen--Qwen2.5-7B-Instruct_bench-1651116146/ACSIncome_full_seed-42_hash-1998608642.test_predictions.csv
ACSIncome,Qwen--Qwen2.5-7B-Instruct,1,1,0.32195121951219513,0.7568098528086512,1979227267,0,text,is,original,rand 1,results/folktexts/0-variations/model-Qwen--Qwen2.5-7B-Instruct/Qwen--Qwen2.5-7B-Instruct_task-ACSIncome/Qwen--Qwen2.5-7B-Instruct_bench-1979227267/results.bench-1979227267.json,results/folktexts/0-variations/model-Qwen--Qwen2.5-7B-Instruct/Qwen--Qwen2.5-7B-Instruct_task-ACSIncome/Qwen--Qwen2.5-7B-Instruct_bench-2005268818/ACSIncome_full_seed-42_hash-1998608642.test_predictions.csv
ACSIncome,Qwen--Qwen2.5-7B-Instruct,1,1,0.01796890773268726,0.7220847101231601,3892747387,0,text,:,low,rand 2,results/folktexts/0-variations/model-Qwen--Qwen2.5-7B-Instruct/Qwen--Qwen2.5-7B-Instruct_task-ACSIncome/Qwen--Qwen2.5-7B-Instruct_bench-3892747387/results.bench-3892747387.json,results/folktexts/0-variations/model-Qwen--Qwen2.5-7B-Instruct/Qwen--Qwen2.5-7B-Instruct_task-ACSIncome/Qwen--Qwen2.5-7B-Instruct_bench-2936137530/ACSIncome_full_seed-42_hash-1998608642.test_predictions.csv
ACSIncome,Qwen--Qwen2.5-7B-Instruct,1,1,0.18229715489989462,0.755896665665365,1843836778,0,comma,=,original,rand 1,results/folktexts/0-variations/model-Qwen--Qwen2.5-7B-Instruct/Qwen--Qwen2.5-7B-Instruct_task-ACSIncome/Qwen--Qwen2.5-7B-Instruct_bench-1843836778/results.bench-1843836778.json,results/folktexts/0-variations/model-Qwen--Qwen2.5-7B-Instruct/Qwen--Qwen2.5-7B-Instruct_task-ACSIncome/Qwen--Qwen2.5-7B-Instruct_bench-1927618596/ACSIncome_full_seed-42_hash-1998608642.test_predictions.csv
ACSIncome,Qwen--Qwen2.5-7B-Instruct,1,1,0.0374331550802139,0.7335896665665365,1058965935,0,text,is,original,rand 2,results/folktexts/0-variations/model-Qwen--Qwen2.5-7B-Instruct/Qwen--Qwen2.5-7B-Instruct_task-ACSIncome/Qwen--Qwen2.5-7B-Instruct_bench-1058965935/results.bench-1058965935.json,results/folktexts/0-variations/model-Qwen--Qwen2.5-7B-Instruct/Qwen--Qwen2.5-7B-Instruct_task-ACSIncome/Qwen--Qwen2.5-7B-Instruct_bench-1082097096/ACSIncome_full_seed-42_hash-1998608642.test_predictions.csv
ACSIncome,Qwen--Qwen2.5-7B-Instruct,1,1,0.047292330311198234,0.7636587563832983,4099134734,0,comma,:,original,rand 3,results/folktexts/0-variations/model-Qwen--Qwen2.5-7B-Instruct/Qwen--Qwen2.5-7B-Instruct_task-ACSIncome/Qwen--Qwen2.5-7B-Instruct_bench-4099134734/results.bench-4099134734.json,results/folktexts/0-variations/model-Qwen--Qwen2.5-7B-Instruct/Qwen--Qwen2.5-7B-Instruct_task-ACSIncome/Qwen--Qwen2.5-7B-Instruct_bench-2149679586/ACSIncome_full_seed-42_hash-1998608642.test_predictions.csv
ACSIncome,Qwen--Qwen2.5-7B-Instruct,1,1,0.04752760441670667,0.7439591468909582,3459405488,0,text,=,low, reversed,results/folktexts/0-variations/model-Qwen--Qwen2.5-7B-Instruct/Qwen--Qwen2.5-7B-Instruct_task-ACSIncome/Qwen--Qwen2.5-7B-Instruct_bench-3459405488/results.bench-3459405488.json,results/folktexts/0-variations/model-Qwen--Qwen2.5-7B-Instruct/Qwen--Qwen2.5-7B-Instruct_task-ACSIncome/Qwen--Qwen2.5-7B-Instruct_bench-2535370650/ACSIncome_full_seed-42_hash-1998608642.test_predictions.csv
ACSIncome,Qwen--Qwen2.5-7B-Instruct,1,1,0.03732187287943904,0.7514508861519976,3750765646,0,comma,is,original,rand 3,results/folktexts/0-variations/model-Qwen--Qwen2.5-7B-Instruct/Qwen--Qwen2.5-7B-Instruct_task-ACSIncome/Qwen--Qwen2.5-7B-Instruct_bench-3750765646/results.bench-3750765646.json,results/folktexts/0-variations/model-Qwen--Qwen2.5-7B-Instruct/Qwen--Qwen2.5-7B-Instruct_task-ACSIncome/Qwen--Qwen2.5-7B-Instruct_bench-1094853320/ACSIncome_full_seed-42_hash-1998608642.test_predictions.csv
ACSIncome,Qwen--Qwen2.5-7B-Instruct,1,1,0.06771073238139107,0.7494202463202163,1261821035,0,text,is,low,rand 1,results/folktexts/0-variations/model-Qwen--Qwen2.5-7B-Instruct/Qwen--Qwen2.5-7B-Instruct_task-ACSIncome/Qwen--Qwen2.5-7B-Instruct_bench-1261821035/results.bench-1261821035.json,results/folktexts/0-variations/model-Qwen--Qwen2.5-7B-Instruct/Qwen--Qwen2.5-7B-Instruct_task-ACSIncome/Qwen--Qwen2.5-7B-Instruct_bench-3811280684/ACSIncome_full_seed-42_hash-1998608642.test_predictions.csv
ACSIncome,Qwen--Qwen2.5-7B-Instruct,1,1,0.03730445246690734,0.7438870531691198,2639671315,0,bullet,:,original,rand 2,results/folktexts/0-variations/model-Qwen--Qwen2.5-7B-Instruct/Qwen--Qwen2.5-7B-Instruct_task-ACSIncome/Qwen--Qwen2.5-7B-Instruct_bench-2639671315/results.bench-2639671315.json,results/folktexts/0-variations/model-Qwen--Qwen2.5-7B-Instruct/Qwen--Qwen2.5-7B-Instruct_task-ACSIncome/Qwen--Qwen2.5-7B-Instruct_bench-727592602/ACSIncome_full_seed-42_hash-1998608642.test_predictions.csv
ACSIncome,Qwen--Qwen2.5-7B-Instruct,1,0,0.5,0.7679303094022228,1927618596,0,comma,=,original,rand 1,results/folktexts/0-variations/model-Qwen--Qwen2.5-7B-Instruct/Qwen--Qwen2.5-7B-Instruct_task-ACSIncome/Qwen--Qwen2.5-7B-Instruct_bench-1927618596/results.bench-1927618596.json,results/folktexts/0-variations/model-Qwen--Qwen2.5-7B-Instruct/Qwen--Qwen2.5-7B-Instruct_task-ACSIncome/Qwen--Qwen2.5-7B-Instruct_bench-1927618596/ACSIncome_full_seed-42_hash-1998608642.test_predictions.csv
ACSIncome,Qwen--Qwen2.5-7B-Instruct,1,0,0.5,0.7661760288374887,4289075861,0,bullet,is,original,default,results/folktexts/0-variations/model-Qwen--Qwen2.5-7B-Instruct/Qwen--Qwen2.5-7B-Instruct_task-ACSIncome/Qwen--Qwen2.5-7B-Instruct_bench-4289075861/results.bench-4289075861.json,results/folktexts/0-variations/model-Qwen--Qwen2.5-7B-Instruct/Qwen--Qwen2.5-7B-Instruct_task-ACSIncome/Qwen--Qwen2.5-7B-Instruct_bench-4289075861/ACSIncome_full_seed-42_hash-1998608642.test_predictions.csv
ACSIncome,Qwen--Qwen2.5-7B-Instruct,1,1,0.02300154718927282,0.7384259537398619,2424443479,0,bullet,=,original,default,results/folktexts/0-variations/model-Qwen--Qwen2.5-7B-Instruct/Qwen--Qwen2.5-7B-Instruct_task-ACSIncome/Qwen--Qwen2.5-7B-Instruct_bench-2424443479/results.bench-2424443479.json,results/folktexts/0-variations/model-Qwen--Qwen2.5-7B-Instruct/Qwen--Qwen2.5-7B-Instruct_task-ACSIncome/Qwen--Qwen2.5-7B-Instruct_bench-2205006597/ACSIncome_full_seed-42_hash-1998608642.test_predictions.csv
ACSIncome,Qwen--Qwen2.5-7B-Instruct,1,1,0.02603990530943524,0.7280684890357465,978264866,0,text,:,original,rand 2,results/folktexts/0-variations/model-Qwen--Qwen2.5-7B-Instruct/Qwen--Qwen2.5-7B-Instruct_task-ACSIncome/Qwen--Qwen2.5-7B-Instruct_bench-978264866/results.bench-978264866.json,results/folktexts/0-variations/model-Qwen--Qwen2.5-7B-Instruct/Qwen--Qwen2.5-7B-Instruct_task-ACSIncome/Qwen--Qwen2.5-7B-Instruct_bench-1342435772/ACSIncome_full_seed-42_hash-1998608642.test_predictions.csv
ACSIncome,Qwen--Qwen2.5-7B-Instruct,1,1,0.0420886788206167,0.7474857314508861,1717318797,0,comma,:,low, reversed,results/folktexts/0-variations/model-Qwen--Qwen2.5-7B-Instruct/Qwen--Qwen2.5-7B-Instruct_task-ACSIncome/Qwen--Qwen2.5-7B-Instruct_bench-1717318797/results.bench-1717318797.json,results/folktexts/0-variations/model-Qwen--Qwen2.5-7B-Instruct/Qwen--Qwen2.5-7B-Instruct_task-ACSIncome/Qwen--Qwen2.5-7B-Instruct_bench-2398972262/ACSIncome_full_seed-42_hash-1998608642.test_predictions.csv
ACSIncome,Qwen--Qwen2.5-7B-Instruct,1,0,0.5,0.7654310603784921,1591504317,0,comma,=,original, reversed,results/folktexts/0-variations/model-Qwen--Qwen2.5-7B-Instruct/Qwen--Qwen2.5-7B-Instruct_task-ACSIncome/Qwen--Qwen2.5-7B-Instruct_bench-1591504317/results.bench-1591504317.json,results/folktexts/0-variations/model-Qwen--Qwen2.5-7B-Instruct/Qwen--Qwen2.5-7B-Instruct_task-ACSIncome/Qwen--Qwen2.5-7B-Instruct_bench-1591504317/ACSIncome_full_seed-42_hash-1998608642.test_predictions.csv
ACSIncome,Qwen--Qwen2.5-7B-Instruct,1,1,0.14760508308895406,0.7627515770501652,824303993,0,comma,=,low,rand 3,results/folktexts/0-variations/model-Qwen--Qwen2.5-7B-Instruct/Qwen--Qwen2.5-7B-Instruct_task-ACSIncome/Qwen--Qwen2.5-7B-Instruct_bench-824303993/results.bench-824303993.json,results/folktexts/0-variations/model-Qwen--Qwen2.5-7B-Instruct/Qwen--Qwen2.5-7B-Instruct_task-ACSIncome/Qwen--Qwen2.5-7B-Instruct_bench-723667755/ACSIncome_full_seed-42_hash-1998608642.test_predictions.csv
ACSIncome,Qwen--Qwen2.5-7B-Instruct,1,1,0.03722943722943723,0.7354641033343347,2665589328,0,comma,=,low, reversed,results/folktexts/0-variations/model-Qwen--Qwen2.5-7B-Instruct/Qwen--Qwen2.5-7B-Instruct_task-ACSIncome/Qwen--Qwen2.5-7B-Instruct_bench-2665589328/results.bench-2665589328.json,results/folktexts/0-variations/model-Qwen--Qwen2.5-7B-Instruct/Qwen--Qwen2.5-7B-Instruct_task-ACSIncome/Qwen--Qwen2.5-7B-Instruct_bench-120390913/ACSIncome_full_seed-42_hash-1998608642.test_predictions.csv
ACSIncome,Qwen--Qwen2.5-7B-Instruct,1,1,0.023038022101517137,0.7503875037548814,4147144149,0,text,is,original,rand 3,results/folktexts/0-variations/model-Qwen--Qwen2.5-7B-Instruct/Qwen--Qwen2.5-7B-Instruct_task-ACSIncome/Qwen--Qwen2.5-7B-Instruct_bench-4147144149/results.bench-4147144149.json,results/folktexts/0-variations/model-Qwen--Qwen2.5-7B-Instruct/Qwen--Qwen2.5-7B-Instruct_task-ACSIncome/Qwen--Qwen2.5-7B-Instruct_bench-1886904410/ACSIncome_full_seed-42_hash-1998608642.test_predictions.csv
ACSIncome,Qwen--Qwen2.5-7B-Instruct,1,1,0.042101197373503284,0.751703214178432,2551025209,0,bullet,:,low,rand 3,results/folktexts/0-variations/model-Qwen--Qwen2.5-7B-Instruct/Qwen--Qwen2.5-7B-Instruct_task-ACSIncome/Qwen--Qwen2.5-7B-Instruct_bench-2551025209/results.bench-2551025209.json,results/folktexts/0-variations/model-Qwen--Qwen2.5-7B-Instruct/Qwen--Qwen2.5-7B-Instruct_task-ACSIncome/Qwen--Qwen2.5-7B-Instruct_bench-3428435808/ACSIncome_full_seed-42_hash-1998608642.test_predictions.csv
ACSIncome,Qwen--Qwen2.5-7B-Instruct,1,1,0.02300434644333722,0.7273415440072094,4223317016,0,bullet,:,low, reversed,results/folktexts/0-variations/model-Qwen--Qwen2.5-7B-Instruct/Qwen--Qwen2.5-7B-Instruct_task-ACSIncome/Qwen--Qwen2.5-7B-Instruct_bench-4223317016/results.bench-4223317016.json,results/folktexts/0-variations/model-Qwen--Qwen2.5-7B-Instruct/Qwen--Qwen2.5-7B-Instruct_task-ACSIncome/Qwen--Qwen2.5-7B-Instruct_bench-3116459343/ACSIncome_full_seed-42_hash-1998608642.test_predictions.csv
ACSIncome,Qwen--Qwen2.5-7B-Instruct,1,1,0.015900751354184867,0.727720036046861,3390630680,0,bullet,is,low,rand 2,results/folktexts/0-variations/model-Qwen--Qwen2.5-7B-Instruct/Qwen--Qwen2.5-7B-Instruct_task-ACSIncome/Qwen--Qwen2.5-7B-Instruct_bench-3390630680/results.bench-3390630680.json,results/folktexts/0-variations/model-Qwen--Qwen2.5-7B-Instruct/Qwen--Qwen2.5-7B-Instruct_task-ACSIncome/Qwen--Qwen2.5-7B-Instruct_bench-2316859694/ACSIncome_full_seed-42_hash-1998608642.test_predictions.csv
ACSIncome,Qwen--Qwen2.5-7B-Instruct,1,1,0.03722943722943723,0.7308380895163713,2227270330,0,bullet,=,low, reversed,results/folktexts/0-variations/model-Qwen--Qwen2.5-7B-Instruct/Qwen--Qwen2.5-7B-Instruct_task-ACSIncome/Qwen--Qwen2.5-7B-Instruct_bench-2227270330/results.bench-2227270330.json,results/folktexts/0-variations/model-Qwen--Qwen2.5-7B-Instruct/Qwen--Qwen2.5-7B-Instruct_task-ACSIncome/Qwen--Qwen2.5-7B-Instruct_bench-3714170828/ACSIncome_full_seed-42_hash-1998608642.test_predictions.csv
ACSIncome,Qwen--Qwen2.5-7B-Instruct,1,0,0.5,0.761267647942325,326337191,0,comma,=,original,rand 2,results/folktexts/0-variations/model-Qwen--Qwen2.5-7B-Instruct/Qwen--Qwen2.5-7B-Instruct_task-ACSIncome/Qwen--Qwen2.5-7B-Instruct_bench-326337191/results.bench-326337191.json,results/folktexts/0-variations/model-Qwen--Qwen2.5-7B-Instruct/Qwen--Qwen2.5-7B-Instruct_task-ACSIncome/Qwen--Qwen2.5-7B-Instruct_bench-326337191/ACSIncome_full_seed-42_hash-1998608642.test_predictions.csv
ACSIncome,Qwen--Qwen2.5-7B-Instruct,1,1,0.3487394957983193,0.7489876839891859,1244074915,0,text,=,low,default,results/folktexts/0-variations/model-Qwen--Qwen2.5-7B-Instruct/Qwen--Qwen2.5-7B-Instruct_task-ACSIncome/Qwen--Qwen2.5-7B-Instruct_bench-1244074915/results.bench-1244074915.json,results/folktexts/0-variations/model-Qwen--Qwen2.5-7B-Instruct/Qwen--Qwen2.5-7B-Instruct_task-ACSIncome/Qwen--Qwen2.5-7B-Instruct_bench-3093637875/ACSIncome_full_seed-42_hash-1998608642.test_predictions.csv
ACSIncome,Qwen--Qwen2.5-7B-Instruct,1,1,0.18262268704746581,0.7671072394112346,1746037009,0,bullet,is,original,default,results/folktexts/0-variations/model-Qwen--Qwen2.5-7B-Instruct/Qwen--Qwen2.5-7B-Instruct_task-ACSIncome/Qwen--Qwen2.5-7B-Instruct_bench-1746037009/results.bench-1746037009.json,results/folktexts/0-variations/model-Qwen--Qwen2.5-7B-Instruct/Qwen--Qwen2.5-7B-Instruct_task-ACSIncome/Qwen--Qwen2.5-7B-Instruct_bench-1116756713/ACSIncome_full_seed-42_hash-1998608642.test_predictions.csv
ACSIncome,Qwen--Qwen2.5-7B-Instruct,1,1,0.033050047214353166,0.7431120456593572,86931417,0,text,:,low, reversed,results/folktexts/0-variations/model-Qwen--Qwen2.5-7B-Instruct/Qwen--Qwen2.5-7B-Instruct_task-ACSIncome/Qwen--Qwen2.5-7B-Instruct_bench-86931417/results.bench-86931417.json,results/folktexts/0-variations/model-Qwen--Qwen2.5-7B-Instruct/Qwen--Qwen2.5-7B-Instruct_task-ACSIncome/Qwen--Qwen2.5-7B-Instruct_bench-1319709097/ACSIncome_full_seed-42_hash-1998608642.test_predictions.csv
ACSIncome,Qwen--Qwen2.5-7B-Instruct,1,1,0.03323262839879154,0.7430940222288975,2007182139,0,comma,is,original, reversed,results/folktexts/0-variations/model-Qwen--Qwen2.5-7B-Instruct/Qwen--Qwen2.5-7B-Instruct_task-ACSIncome/Qwen--Qwen2.5-7B-Instruct_bench-2007182139/results.bench-2007182139.json,results/folktexts/0-variations/model-Qwen--Qwen2.5-7B-Instruct/Qwen--Qwen2.5-7B-Instruct_task-ACSIncome/Qwen--Qwen2.5-7B-Instruct_bench-4230085417/ACSIncome_full_seed-42_hash-1998608642.test_predictions.csv
ACSIncome,Qwen--Qwen2.5-7B-Instruct,1,1,0.03729057827418483,0.7528627215379994,2209726303,0,bullet,is,low,rand 3,results/folktexts/0-variations/model-Qwen--Qwen2.5-7B-Instruct/Qwen--Qwen2.5-7B-Instruct_task-ACSIncome/Qwen--Qwen2.5-7B-Instruct_bench-2209726303/results.bench-2209726303.json,results/folktexts/0-variations/model-Qwen--Qwen2.5-7B-Instruct/Qwen--Qwen2.5-7B-Instruct_task-ACSIncome/Qwen--Qwen2.5-7B-Instruct_bench-2779553952/ACSIncome_full_seed-42_hash-1998608642.test_predictions.csv
ACSIncome,Qwen--Qwen2.5-7B-Instruct,1,1,0.04195519348268839,0.7412316010814058,3169745669,0,bullet,is,original, reversed,results/folktexts/0-variations/model-Qwen--Qwen2.5-7B-Instruct/Qwen--Qwen2.5-7B-Instruct_task-ACSIncome/Qwen--Qwen2.5-7B-Instruct_bench-3169745669/results.bench-3169745669.json,results/folktexts/0-variations/model-Qwen--Qwen2.5-7B-Instruct/Qwen--Qwen2.5-7B-Instruct_task-ACSIncome/Qwen--Qwen2.5-7B-Instruct_bench-1237198044/ACSIncome_full_seed-42_hash-1998608642.test_predictions.csv
ACSIncome,Qwen--Qwen2.5-7B-Instruct,1,1,0.033037872683319904,0.7359627515770502,2918932434,0,comma,:,original,rand 2,results/folktexts/0-variations/model-Qwen--Qwen2.5-7B-Instruct/Qwen--Qwen2.5-7B-Instruct_task-ACSIncome/Qwen--Qwen2.5-7B-Instruct_bench-2918932434/results.bench-2918932434.json,results/folktexts/0-variations/model-Qwen--Qwen2.5-7B-Instruct/Qwen--Qwen2.5-7B-Instruct_task-ACSIncome/Qwen--Qwen2.5-7B-Instruct_bench-2270663991/ACSIncome_full_seed-42_hash-1998608642.test_predictions.csv
ACSIncome,Qwen--Qwen2.5-7B-Instruct,1,1,0.04738760631834751,0.7498107539801743,963998159,0,bullet,is,original,rand 1,results/folktexts/0-variations/model-Qwen--Qwen2.5-7B-Instruct/Qwen--Qwen2.5-7B-Instruct_task-ACSIncome/Qwen--Qwen2.5-7B-Instruct_bench-963998159/results.bench-963998159.json,results/folktexts/0-variations/model-Qwen--Qwen2.5-7B-Instruct/Qwen--Qwen2.5-7B-Instruct_task-ACSIncome/Qwen--Qwen2.5-7B-Instruct_bench-1892169930/ACSIncome_full_seed-42_hash-1998608642.test_predictions.csv
ACSIncome,Qwen--Qwen2.5-7B-Instruct,1,1,0.20185614849187936,0.755866626614599,2105759693,0,text,is,original,default,results/folktexts/0-variations/model-Qwen--Qwen2.5-7B-Instruct/Qwen--Qwen2.5-7B-Instruct_task-ACSIncome/Qwen--Qwen2.5-7B-Instruct_bench-2105759693/results.bench-2105759693.json,results/folktexts/0-variations/model-Qwen--Qwen2.5-7B-Instruct/Qwen--Qwen2.5-7B-Instruct_task-ACSIncome/Qwen--Qwen2.5-7B-Instruct_bench-2226870854/ACSIncome_full_seed-42_hash-1998608642.test_predictions.csv
ACSIncome,Qwen--Qwen2.5-7B-Instruct,1,1,0.32075471698113206,0.7574406728747372,1533978832,0,text,:,original,rand 1,results/folktexts/0-variations/model-Qwen--Qwen2.5-7B-Instruct/Qwen--Qwen2.5-7B-Instruct_task-ACSIncome/Qwen--Qwen2.5-7B-Instruct_bench-1533978832/results.bench-1533978832.json,results/folktexts/0-variations/model-Qwen--Qwen2.5-7B-Instruct/Qwen--Qwen2.5-7B-Instruct_task-ACSIncome/Qwen--Qwen2.5-7B-Instruct_bench-1879047395/ACSIncome_full_seed-42_hash-1998608642.test_predictions.csv
ACSIncome,Qwen--Qwen2.5-7B-Instruct,1,1,0.02034366976101126,0.727479723640733,923607675,0,comma,:,low,rand 2,results/folktexts/0-variations/model-Qwen--Qwen2.5-7B-Instruct/Qwen--Qwen2.5-7B-Instruct_task-ACSIncome/Qwen--Qwen2.5-7B-Instruct_bench-923607675/results.bench-923607675.json,results/folktexts/0-variations/model-Qwen--Qwen2.5-7B-Instruct/Qwen--Qwen2.5-7B-Instruct_task-ACSIncome/Qwen--Qwen2.5-7B-Instruct_bench-1617508382/ACSIncome_full_seed-42_hash-1998608642.test_predictions.csv
ACSIncome,Qwen--Qwen2.5-7B-Instruct,1,1,0.0202854996243426,0.7277981375788525,3195720629,0,comma,is,low,rand 2,results/folktexts/0-variations/model-Qwen--Qwen2.5-7B-Instruct/Qwen--Qwen2.5-7B-Instruct_task-ACSIncome/Qwen--Qwen2.5-7B-Instruct_bench-3195720629/results.bench-3195720629.json,results/folktexts/0-variations/model-Qwen--Qwen2.5-7B-Instruct/Qwen--Qwen2.5-7B-Instruct_task-ACSIncome/Qwen--Qwen2.5-7B-Instruct_bench-1871390019/ACSIncome_full_seed-42_hash-1998608642.test_predictions.csv
ACSIncome,Qwen--Qwen2.5-7B-Instruct,1,1,0.3203463203463203,0.7563893060979273,1970461996,0,text,=,original,rand 1,results/folktexts/0-variations/model-Qwen--Qwen2.5-7B-Instruct/Qwen--Qwen2.5-7B-Instruct_task-ACSIncome/Qwen--Qwen2.5-7B-Instruct_bench-1970461996/results.bench-1970461996.json,results/folktexts/0-variations/model-Qwen--Qwen2.5-7B-Instruct/Qwen--Qwen2.5-7B-Instruct_task-ACSIncome/Qwen--Qwen2.5-7B-Instruct_bench-395767250/ACSIncome_full_seed-42_hash-1998608642.test_predictions.csv
ACSIncome,Qwen--Qwen2.5-7B-Instruct,1,1,0.11916110581506197,0.752940823069991,1101005798,0,comma,is,original,rand 1,results/folktexts/0-variations/model-Qwen--Qwen2.5-7B-Instruct/Qwen--Qwen2.5-7B-Instruct_task-ACSIncome/Qwen--Qwen2.5-7B-Instruct_bench-1101005798/results.bench-1101005798.json,results/folktexts/0-variations/model-Qwen--Qwen2.5-7B-Instruct/Qwen--Qwen2.5-7B-Instruct_task-ACSIncome/Qwen--Qwen2.5-7B-Instruct_bench-2608699157/ACSIncome_full_seed-42_hash-1998608642.test_predictions.csv
ACSIncome,Qwen--Qwen2.5-7B-Instruct,1,1,0.14795383001049317,0.7576569540402524,788898928,0,comma,:,original,rand 1,results/folktexts/0-variations/model-Qwen--Qwen2.5-7B-Instruct/Qwen--Qwen2.5-7B-Instruct_task-ACSIncome/Qwen--Qwen2.5-7B-Instruct_bench-788898928/results.bench-788898928.json,results/folktexts/0-variations/model-Qwen--Qwen2.5-7B-Instruct/Qwen--Qwen2.5-7B-Instruct_task-ACSIncome/Qwen--Qwen2.5-7B-Instruct_bench-3274878/ACSIncome_full_seed-42_hash-1998608642.test_predictions.csv
ACSIncome,Qwen--Qwen2.5-7B-Instruct,1,1,0.09511568123393316,0.7594953439471313,357725139,0,comma,is,low,rand 3,results/folktexts/0-variations/model-Qwen--Qwen2.5-7B-Instruct/Qwen--Qwen2.5-7B-Instruct_task-ACSIncome/Qwen--Qwen2.5-7B-Instruct_bench-357725139/results.bench-357725139.json,results/folktexts/0-variations/model-Qwen--Qwen2.5-7B-Instruct/Qwen--Qwen2.5-7B-Instruct_task-ACSIncome/Qwen--Qwen2.5-7B-Instruct_bench-6595744/ACSIncome_full_seed-42_hash-1998608642.test_predictions.csv
ACSIncome,Qwen--Qwen2.5-7B-Instruct,1,0,0.5,0.7720156203063984,3233995434,0,comma,=,original,rand 3,results/folktexts/0-variations/model-Qwen--Qwen2.5-7B-Instruct/Qwen--Qwen2.5-7B-Instruct_task-ACSIncome/Qwen--Qwen2.5-7B-Instruct_bench-3233995434/results.bench-3233995434.json,results/folktexts/0-variations/model-Qwen--Qwen2.5-7B-Instruct/Qwen--Qwen2.5-7B-Instruct_task-ACSIncome/Qwen--Qwen2.5-7B-Instruct_bench-3233995434/ACSIncome_full_seed-42_hash-1998608642.test_predictions.csv
ACSIncome,Qwen--Qwen2.5-7B-Instruct,1,1,0.24521739130434783,0.7551997596875939,1833429651,0,bullet,:,low,default,results/folktexts/0-variations/model-Qwen--Qwen2.5-7B-Instruct/Qwen--Qwen2.5-7B-Instruct_task-ACSIncome/Qwen--Qwen2.5-7B-Instruct_bench-1833429651/results.bench-1833429651.json,results/folktexts/0-variations/model-Qwen--Qwen2.5-7B-Instruct/Qwen--Qwen2.5-7B-Instruct_task-ACSIncome/Qwen--Qwen2.5-7B-Instruct_bench-1159042394/ACSIncome_full_seed-42_hash-1998608642.test_predictions.csv
ACSIncome,Qwen--Qwen2.5-7B-Instruct,1,1,0.05345687811831789,0.75417843196155,2167643793,0,bullet,:,original,rand 1,results/folktexts/0-variations/model-Qwen--Qwen2.5-7B-Instruct/Qwen--Qwen2.5-7B-Instruct_task-ACSIncome/Qwen--Qwen2.5-7B-Instruct_bench-2167643793/results.bench-2167643793.json,results/folktexts/0-variations/model-Qwen--Qwen2.5-7B-Instruct/Qwen--Qwen2.5-7B-Instruct_task-ACSIncome/Qwen--Qwen2.5-7B-Instruct_bench-26788198/ACSIncome_full_seed-42_hash-1998608642.test_predictions.csv
ACSIncome,Qwen--Qwen2.5-7B-Instruct,1,0,0.5,0.7637608891559027,1603258827,0,comma,:,original, reversed,results/folktexts/0-variations/model-Qwen--Qwen2.5-7B-Instruct/Qwen--Qwen2.5-7B-Instruct_task-ACSIncome/Qwen--Qwen2.5-7B-Instruct_bench-1603258827/results.bench-1603258827.json,results/folktexts/0-variations/model-Qwen--Qwen2.5-7B-Instruct/Qwen--Qwen2.5-7B-Instruct_task-ACSIncome/Qwen--Qwen2.5-7B-Instruct_bench-1603258827/ACSIncome_full_seed-42_hash-1998608642.test_predictions.csv
ACSIncome,Qwen--Qwen2.5-7B-Instruct,1,1,0.06753006475485661,0.7448963652748574,1787507376,0,comma,is,low,default,results/folktexts/0-variations/model-Qwen--Qwen2.5-7B-Instruct/Qwen--Qwen2.5-7B-Instruct_task-ACSIncome/Qwen--Qwen2.5-7B-Instruct_bench-1787507376/results.bench-1787507376.json,results/folktexts/0-variations/model-Qwen--Qwen2.5-7B-Instruct/Qwen--Qwen2.5-7B-Instruct_task-ACSIncome/Qwen--Qwen2.5-7B-Instruct_bench-3065693084/ACSIncome_full_seed-42_hash-1998608642.test_predictions.csv
ACSIncome,Qwen--Qwen2.5-7B-Instruct,1,1,0.03325364051293197,0.7362150796034845,507793254,0,text,:,low,rand 1,results/folktexts/0-variations/model-Qwen--Qwen2.5-7B-Instruct/Qwen--Qwen2.5-7B-Instruct_task-ACSIncome/Qwen--Qwen2.5-7B-Instruct_bench-507793254/results.bench-507793254.json,results/folktexts/0-variations/model-Qwen--Qwen2.5-7B-Instruct/Qwen--Qwen2.5-7B-Instruct_task-ACSIncome/Qwen--Qwen2.5-7B-Instruct_bench-865974249/ACSIncome_full_seed-42_hash-1998608642.test_predictions.csv
ACSIncome,Qwen--Qwen2.5-7B-Instruct,1,0,0.5,0.770135175728447,4085164979,0,comma,:,original,default,results/folktexts/0-variations/model-Qwen--Qwen2.5-7B-Instruct/Qwen--Qwen2.5-7B-Instruct_task-ACSIncome/Qwen--Qwen2.5-7B-Instruct_bench-4085164979/results.bench-4085164979.json,results/folktexts/0-variations/model-Qwen--Qwen2.5-7B-Instruct/Qwen--Qwen2.5-7B-Instruct_task-ACSIncome/Qwen--Qwen2.5-7B-Instruct_bench-4085164979/ACSIncome_full_seed-42_hash-1998608642.test_predictions.csv
ACSIncome,Qwen--Qwen2.5-7B-Instruct,1,1,0.06769825918762089,0.7372664463802944,1942914949,0,text,:,low,default,results/folktexts/0-variations/model-Qwen--Qwen2.5-7B-Instruct/Qwen--Qwen2.5-7B-Instruct_task-ACSIncome/Qwen--Qwen2.5-7B-Instruct_bench-1942914949/results.bench-1942914949.json,results/folktexts/0-variations/model-Qwen--Qwen2.5-7B-Instruct/Qwen--Qwen2.5-7B-Instruct_task-ACSIncome/Qwen--Qwen2.5-7B-Instruct_bench-137600154/ACSIncome_full_seed-42_hash-1998608642.test_predictions.csv
ACSIncome,Qwen--Qwen2.5-7B-Instruct,1,1,0.020344894400310017,0.7401081405827575,2720610729,0,bullet,:,original,default,results/folktexts/0-variations/model-Qwen--Qwen2.5-7B-Instruct/Qwen--Qwen2.5-7B-Instruct_task-ACSIncome/Qwen--Qwen2.5-7B-Instruct_bench-2720610729/results.bench-2720610729.json,results/folktexts/0-variations/model-Qwen--Qwen2.5-7B-Instruct/Qwen--Qwen2.5-7B-Instruct_task-ACSIncome/Qwen--Qwen2.5-7B-Instruct_bench-2992435190/ACSIncome_full_seed-42_hash-1998608642.test_predictions.csv
ACSIncome,Qwen--Qwen2.5-7B-Instruct,1,1,0.03727926749509483,0.7346710723941123,4096188033,0,comma,is,original,rand 2,results/folktexts/0-variations/model-Qwen--Qwen2.5-7B-Instruct/Qwen--Qwen2.5-7B-Instruct_task-ACSIncome/Qwen--Qwen2.5-7B-Instruct_bench-4096188033/results.bench-4096188033.json,results/folktexts/0-variations/model-Qwen--Qwen2.5-7B-Instruct/Qwen--Qwen2.5-7B-Instruct_task-ACSIncome/Qwen--Qwen2.5-7B-Instruct_bench-3740120247/ACSIncome_full_seed-42_hash-1998608642.test_predictions.csv
ACSIncome,Qwen--Qwen2.5-7B-Instruct,1,1,0.022948882103811682,0.7362451186542506,1145752962,0,bullet,:,low,rand 1,results/folktexts/0-variations/model-Qwen--Qwen2.5-7B-Instruct/Qwen--Qwen2.5-7B-Instruct_task-ACSIncome/Qwen--Qwen2.5-7B-Instruct_bench-1145752962/results.bench-1145752962.json,results/folktexts/0-variations/model-Qwen--Qwen2.5-7B-Instruct/Qwen--Qwen2.5-7B-Instruct_task-ACSIncome/Qwen--Qwen2.5-7B-Instruct_bench-2380657834/ACSIncome_full_seed-42_hash-1998608642.test_predictions.csv
ACSIncome,Qwen--Qwen2.5-7B-Instruct,1,1,0.07593582887700535,0.7469029738660259,2582078819,0,bullet,:,original, reversed,results/folktexts/0-variations/model-Qwen--Qwen2.5-7B-Instruct/Qwen--Qwen2.5-7B-Instruct_task-ACSIncome/Qwen--Qwen2.5-7B-Instruct_bench-2582078819/results.bench-2582078819.json,results/folktexts/0-variations/model-Qwen--Qwen2.5-7B-Instruct/Qwen--Qwen2.5-7B-Instruct_task-ACSIncome/Qwen--Qwen2.5-7B-Instruct_bench-3867832548/ACSIncome_full_seed-42_hash-1998608642.test_predictions.csv
ACSIncome,Qwen--Qwen2.5-7B-Instruct,1,1,0.09528795811518324,0.7469209972964854,2811838920,0,text,=,original,default,results/folktexts/0-variations/model-Qwen--Qwen2.5-7B-Instruct/Qwen--Qwen2.5-7B-Instruct_task-ACSIncome/Qwen--Qwen2.5-7B-Instruct_bench-2811838920/results.bench-2811838920.json,results/folktexts/0-variations/model-Qwen--Qwen2.5-7B-Instruct/Qwen--Qwen2.5-7B-Instruct_task-ACSIncome/Qwen--Qwen2.5-7B-Instruct_bench-352608008/ACSIncome_full_seed-42_hash-1998608642.test_predictions.csv
ACSIncome,Qwen--Qwen2.5-7B-Instruct,1,1,0.015909696915829705,0.7449384199459297,2001530318,0,bullet,is,original,rand 3,results/folktexts/0-variations/model-Qwen--Qwen2.5-7B-Instruct/Qwen--Qwen2.5-7B-Instruct_task-ACSIncome/Qwen--Qwen2.5-7B-Instruct_bench-2001530318/results.bench-2001530318.json,results/folktexts/0-variations/model-Qwen--Qwen2.5-7B-Instruct/Qwen--Qwen2.5-7B-Instruct_task-ACSIncome/Qwen--Qwen2.5-7B-Instruct_bench-2619528942/ACSIncome_full_seed-42_hash-1998608642.test_predictions.csv
ACSIncome,Qwen--Qwen2.5-7B-Instruct,1,1,0.01591030432461292,0.7394953439471312,3169025512,0,bullet,=,original,rand 3,results/folktexts/0-variations/model-Qwen--Qwen2.5-7B-Instruct/Qwen--Qwen2.5-7B-Instruct_task-ACSIncome/Qwen--Qwen2.5-7B-Instruct_bench-3169025512/results.bench-3169025512.json,results/folktexts/0-variations/model-Qwen--Qwen2.5-7B-Instruct/Qwen--Qwen2.5-7B-Instruct_task-ACSIncome/Qwen--Qwen2.5-7B-Instruct_bench-494243107/ACSIncome_full_seed-42_hash-1998608642.test_predictions.csv
ACSIncome,Qwen--Qwen2.5-7B-Instruct,1,0,0.5,0.7640672874737159,2270663991,0,comma,:,original,rand 2,results/folktexts/0-variations/model-Qwen--Qwen2.5-7B-Instruct/Qwen--Qwen2.5-7B-Instruct_task-ACSIncome/Qwen--Qwen2.5-7B-Instruct_bench-2270663991/results.bench-2270663991.json,results/folktexts/0-variations/model-Qwen--Qwen2.5-7B-Instruct/Qwen--Qwen2.5-7B-Instruct_task-ACSIncome/Qwen--Qwen2.5-7B-Instruct_bench-2270663991/ACSIncome_full_seed-42_hash-1998608642.test_predictions.csv
ACSIncome,Qwen--Qwen2.5-7B-Instruct,1,1,0.060089686098654706,0.7593451486933013,1762798581,0,comma,:,low,rand 3,results/folktexts/0-variations/model-Qwen--Qwen2.5-7B-Instruct/Qwen--Qwen2.5-7B-Instruct_task-ACSIncome/Qwen--Qwen2.5-7B-Instruct_bench-1762798581/results.bench-1762798581.json,results/folktexts/0-variations/model-Qwen--Qwen2.5-7B-Instruct/Qwen--Qwen2.5-7B-Instruct_task-ACSIncome/Qwen--Qwen2.5-7B-Instruct_bench-3135514679/ACSIncome_full_seed-42_hash-1998608642.test_predictions.csv
ACSIncome,Qwen--Qwen2.5-7B-Instruct,1,1,0.03723963812329055,0.7553139080805047,3169352432,0,text,=,original,rand 3,results/folktexts/0-variations/model-Qwen--Qwen2.5-7B-Instruct/Qwen--Qwen2.5-7B-Instruct_task-ACSIncome/Qwen--Qwen2.5-7B-Instruct_bench-3169352432/results.bench-3169352432.json,results/folktexts/0-variations/model-Qwen--Qwen2.5-7B-Instruct/Qwen--Qwen2.5-7B-Instruct_task-ACSIncome/Qwen--Qwen2.5-7B-Instruct_bench-1194967460/ACSIncome_full_seed-42_hash-1998608642.test_predictions.csv
ACSIncome,Qwen--Qwen2.5-7B-Instruct,1,1,0.02595121951219512,0.7360708921598077,3393137931,0,bullet,is,original,rand 2,results/folktexts/0-variations/model-Qwen--Qwen2.5-7B-Instruct/Qwen--Qwen2.5-7B-Instruct_task-ACSIncome/Qwen--Qwen2.5-7B-Instruct_bench-3393137931/results.bench-3393137931.json,results/folktexts/0-variations/model-Qwen--Qwen2.5-7B-Instruct/Qwen--Qwen2.5-7B-Instruct_task-ACSIncome/Qwen--Qwen2.5-7B-Instruct_bench-3346591341/ACSIncome_full_seed-42_hash-1998608642.test_predictions.csv
ACSIncome,Qwen--Qwen2.5-7B-Instruct,1,1,0.14844649021864212,0.7556142985881646,1938993572,0,text,:,original,default,results/folktexts/0-variations/model-Qwen--Qwen2.5-7B-Instruct/Qwen--Qwen2.5-7B-Instruct_task-ACSIncome/Qwen--Qwen2.5-7B-Instruct_bench-1938993572/results.bench-1938993572.json,results/folktexts/0-variations/model-Qwen--Qwen2.5-7B-Instruct/Qwen--Qwen2.5-7B-Instruct_task-ACSIncome/Qwen--Qwen2.5-7B-Instruct_bench-308869380/ACSIncome_full_seed-42_hash-1998608642.test_predictions.csv
ACSIncome,Qwen--Qwen2.5-7B-Instruct,1,1,0.042113955408753095,0.7429738660258336,1629649008,0,text,=,low,rand 3,results/folktexts/0-variations/model-Qwen--Qwen2.5-7B-Instruct/Qwen--Qwen2.5-7B-Instruct_task-ACSIncome/Qwen--Qwen2.5-7B-Instruct_bench-1629649008/results.bench-1629649008.json,results/folktexts/0-variations/model-Qwen--Qwen2.5-7B-Instruct/Qwen--Qwen2.5-7B-Instruct_task-ACSIncome/Qwen--Qwen2.5-7B-Instruct_bench-3861198371/ACSIncome_full_seed-42_hash-1998608642.test_predictions.csv
ACSIncome,Qwen--Qwen2.5-7B-Instruct,1,1,0.014105419450631032,0.7246139981976569,963881498,0,bullet,=,low,rand 2,results/folktexts/0-variations/model-Qwen--Qwen2.5-7B-Instruct/Qwen--Qwen2.5-7B-Instruct_task-ACSIncome/Qwen--Qwen2.5-7B-Instruct_bench-963881498/results.bench-963881498.json,results/folktexts/0-variations/model-Qwen--Qwen2.5-7B-Instruct/Qwen--Qwen2.5-7B-Instruct_task-ACSIncome/Qwen--Qwen2.5-7B-Instruct_bench-879424015/ACSIncome_full_seed-42_hash-1998608642.test_predictions.csv
ACSIncome,Qwen--Qwen2.5-7B-Instruct,1,1,0.07598784194528875,0.7503514568939621,467566332,0,comma,is,low, reversed,results/folktexts/0-variations/model-Qwen--Qwen2.5-7B-Instruct/Qwen--Qwen2.5-7B-Instruct_task-ACSIncome/Qwen--Qwen2.5-7B-Instruct_bench-467566332/results.bench-467566332.json,results/folktexts/0-variations/model-Qwen--Qwen2.5-7B-Instruct/Qwen--Qwen2.5-7B-Instruct_task-ACSIncome/Qwen--Qwen2.5-7B-Instruct_bench-4277996382/ACSIncome_full_seed-42_hash-1998608642.test_predictions.csv
ACSIncome,Qwen--Qwen2.5-7B-Instruct,1,1,0.01585192216421452,0.7141604085310904,1380119448,0,text,=,low,rand 2,results/folktexts/0-variations/model-Qwen--Qwen2.5-7B-Instruct/Qwen--Qwen2.5-7B-Instruct_task-ACSIncome/Qwen--Qwen2.5-7B-Instruct_bench-1380119448/results.bench-1380119448.json,results/folktexts/0-variations/model-Qwen--Qwen2.5-7B-Instruct/Qwen--Qwen2.5-7B-Instruct_task-ACSIncome/Qwen--Qwen2.5-7B-Instruct_bench-601662526/ACSIncome_full_seed-42_hash-1998608642.test_predictions.csv
ACSIncome,Qwen--Qwen2.5-7B-Instruct,1,1,0.3495575221238938,0.7481646139981977,3940247055,0,text,is,low,default,results/folktexts/0-variations/model-Qwen--Qwen2.5-7B-Instruct/Qwen--Qwen2.5-7B-Instruct_task-ACSIncome/Qwen--Qwen2.5-7B-Instruct_bench-3940247055/results.bench-3940247055.json,results/folktexts/0-variations/model-Qwen--Qwen2.5-7B-Instruct/Qwen--Qwen2.5-7B-Instruct_task-ACSIncome/Qwen--Qwen2.5-7B-Instruct_bench-772825678/ACSIncome_full_seed-42_hash-1998608642.test_predictions.csv
ACSIncome,Qwen--Qwen2.5-7B-Instruct,1,1,0.03753957485300769,0.7388044457795133,1508249310,0,bullet,=,original,rand 2,results/folktexts/0-variations/model-Qwen--Qwen2.5-7B-Instruct/Qwen--Qwen2.5-7B-Instruct_task-ACSIncome/Qwen--Qwen2.5-7B-Instruct_bench-1508249310/results.bench-1508249310.json,results/folktexts/0-variations/model-Qwen--Qwen2.5-7B-Instruct/Qwen--Qwen2.5-7B-Instruct_task-ACSIncome/Qwen--Qwen2.5-7B-Instruct_bench-3568146641/ACSIncome_full_seed-42_hash-1998608642.test_predictions.csv
ACSIncome,Qwen--Qwen2.5-7B-Instruct,1,1,0.05344757241942064,0.739759687593872,2097281108,0,comma,=,low,default,results/folktexts/0-variations/model-Qwen--Qwen2.5-7B-Instruct/Qwen--Qwen2.5-7B-Instruct_task-ACSIncome/Qwen--Qwen2.5-7B-Instruct_bench-2097281108/results.bench-2097281108.json,results/folktexts/0-variations/model-Qwen--Qwen2.5-7B-Instruct/Qwen--Qwen2.5-7B-Instruct_task-ACSIncome/Qwen--Qwen2.5-7B-Instruct_bench-2700823978/ACSIncome_full_seed-42_hash-1998608642.test_predictions.csv
ACSIncome,Qwen--Qwen2.5-7B-Instruct,1,1,0.06761957119296316,0.7498287774106338,89563907,0,text,=,original, reversed,results/folktexts/0-variations/model-Qwen--Qwen2.5-7B-Instruct/Qwen--Qwen2.5-7B-Instruct_task-ACSIncome/Qwen--Qwen2.5-7B-Instruct_bench-89563907/results.bench-89563907.json,results/folktexts/0-variations/model-Qwen--Qwen2.5-7B-Instruct/Qwen--Qwen2.5-7B-Instruct_task-ACSIncome/Qwen--Qwen2.5-7B-Instruct_bench-3352439867/ACSIncome_full_seed-42_hash-1998608642.test_predictions.csv
ACSIncome,Qwen--Qwen2.5-7B-Instruct,1,1,0.042215769488496764,0.7458275758486032,623900430,0,text,:,original, reversed,results/folktexts/0-variations/model-Qwen--Qwen2.5-7B-Instruct/Qwen--Qwen2.5-7B-Instruct_task-ACSIncome/Qwen--Qwen2.5-7B-Instruct_bench-623900430/results.bench-623900430.json,results/folktexts/0-variations/model-Qwen--Qwen2.5-7B-Instruct/Qwen--Qwen2.5-7B-Instruct_task-ACSIncome/Qwen--Qwen2.5-7B-Instruct_bench-3347411277/ACSIncome_full_seed-42_hash-1998608642.test_predictions.csv
ACSIncome,Qwen--Qwen2.5-7B-Instruct,1,1,0.08509680324178298,0.7556683688795434,3159500237,0,bullet,=,original,rand 1,results/folktexts/0-variations/model-Qwen--Qwen2.5-7B-Instruct/Qwen--Qwen2.5-7B-Instruct_task-ACSIncome/Qwen--Qwen2.5-7B-Instruct_bench-3159500237/results.bench-3159500237.json,results/folktexts/0-variations/model-Qwen--Qwen2.5-7B-Instruct/Qwen--Qwen2.5-7B-Instruct_task-ACSIncome/Qwen--Qwen2.5-7B-Instruct_bench-4060049835/ACSIncome_full_seed-42_hash-1998608642.test_predictions.csv
ACSIncome,Qwen--Qwen2.5-7B-Instruct,1,0,0.5,0.760180234304596,352608008,0,text,=,original,default,results/folktexts/0-variations/model-Qwen--Qwen2.5-7B-Instruct/Qwen--Qwen2.5-7B-Instruct_task-ACSIncome/Qwen--Qwen2.5-7B-Instruct_bench-352608008/results.bench-352608008.json,results/folktexts/0-variations/model-Qwen--Qwen2.5-7B-Instruct/Qwen--Qwen2.5-7B-Instruct_task-ACSIncome/Qwen--Qwen2.5-7B-Instruct_bench-352608008/ACSIncome_full_seed-42_hash-1998608642.test_predictions.csv
ACSIncome,Qwen--Qwen2.5-7B-Instruct,1,1,0.08525576730190572,0.7456112946830881,2983378476,0,comma,:,low,rand 1,results/folktexts/0-variations/model-Qwen--Qwen2.5-7B-Instruct/Qwen--Qwen2.5-7B-Instruct_task-ACSIncome/Qwen--Qwen2.5-7B-Instruct_bench-2983378476/results.bench-2983378476.json,results/folktexts/0-variations/model-Qwen--Qwen2.5-7B-Instruct/Qwen--Qwen2.5-7B-Instruct_task-ACSIncome/Qwen--Qwen2.5-7B-Instruct_bench-3564642055/ACSIncome_full_seed-42_hash-1998608642.test_predictions.csv
ACSIncome,Qwen--Qwen2.5-7B-Instruct,1,1,0.02930928468948555,0.7559927906278162,812359905,0,bullet,:,original,rand 3,results/folktexts/0-variations/model-Qwen--Qwen2.5-7B-Instruct/Qwen--Qwen2.5-7B-Instruct_task-ACSIncome/Qwen--Qwen2.5-7B-Instruct_bench-812359905/results.bench-812359905.json,results/folktexts/0-variations/model-Qwen--Qwen2.5-7B-Instruct/Qwen--Qwen2.5-7B-Instruct_task-ACSIncome/Qwen--Qwen2.5-7B-Instruct_bench-2860759791/ACSIncome_full_seed-42_hash-1998608642.test_predictions.csv
ACSIncome,Qwen--Qwen2.5-7B-Instruct,1,0,0.5,0.7677080204265545,3274878,0,comma,:,original,rand 1,results/folktexts/0-variations/model-Qwen--Qwen2.5-7B-Instruct/Qwen--Qwen2.5-7B-Instruct_task-ACSIncome/Qwen--Qwen2.5-7B-Instruct_bench-3274878/results.bench-3274878.json,results/folktexts/0-variations/model-Qwen--Qwen2.5-7B-Instruct/Qwen--Qwen2.5-7B-Instruct_task-ACSIncome/Qwen--Qwen2.5-7B-Instruct_bench-3274878/ACSIncome_full_seed-42_hash-1998608642.test_predictions.csv
ACSIncome,Qwen--Qwen2.5-7B-Instruct,1,1,0.04213677181671655,0.7422709522379093,3961004407,0,comma,=,original, reversed,results/folktexts/0-variations/model-Qwen--Qwen2.5-7B-Instruct/Qwen--Qwen2.5-7B-Instruct_task-ACSIncome/Qwen--Qwen2.5-7B-Instruct_bench-3961004407/results.bench-3961004407.json,results/folktexts/0-variations/model-Qwen--Qwen2.5-7B-Instruct/Qwen--Qwen2.5-7B-Instruct_task-ACSIncome/Qwen--Qwen2.5-7B-Instruct_bench-1591504317/ACSIncome_full_seed-42_hash-1998608642.test_predictions.csv
ACSIncome,Qwen--Qwen2.5-7B-Instruct,1,1,0.05314009661835749,0.7554821267647942,1834823242,0,text,:,low,rand 3,results/folktexts/0-variations/model-Qwen--Qwen2.5-7B-Instruct/Qwen--Qwen2.5-7B-Instruct_task-ACSIncome/Qwen--Qwen2.5-7B-Instruct_bench-1834823242/results.bench-1834823242.json,results/folktexts/0-variations/model-Qwen--Qwen2.5-7B-Instruct/Qwen--Qwen2.5-7B-Instruct_task-ACSIncome/Qwen--Qwen2.5-7B-Instruct_bench-2707364000/ACSIncome_full_seed-42_hash-1998608642.test_predictions.csv
ACSIncome,Qwen--Qwen2.5-7B-Instruct,1,1,0.06005221932114883,0.7424031240612796,744137062,0,comma,is,low,rand 1,results/folktexts/0-variations/model-Qwen--Qwen2.5-7B-Instruct/Qwen--Qwen2.5-7B-Instruct_task-ACSIncome/Qwen--Qwen2.5-7B-Instruct_bench-744137062/results.bench-744137062.json,results/folktexts/0-variations/model-Qwen--Qwen2.5-7B-Instruct/Qwen--Qwen2.5-7B-Instruct_task-ACSIncome/Qwen--Qwen2.5-7B-Instruct_bench-1457105740/ACSIncome_full_seed-42_hash-1998608642.test_predictions.csv
ACSIncome,Qwen--Qwen2.5-7B-Instruct,1,1,0.22232558139534883,0.7518293781916492,4107939915,0,bullet,is,low,default,results/folktexts/0-variations/model-Qwen--Qwen2.5-7B-Instruct/Qwen--Qwen2.5-7B-Instruct_task-ACSIncome/Qwen--Qwen2.5-7B-Instruct_bench-4107939915/results.bench-4107939915.json,results/folktexts/0-variations/model-Qwen--Qwen2.5-7B-Instruct/Qwen--Qwen2.5-7B-Instruct_task-ACSIncome/Qwen--Qwen2.5-7B-Instruct_bench-2151205222/ACSIncome_full_seed-42_hash-1998608642.test_predictions.csv
ACSIncome,Qwen--Qwen2.5-7B-Instruct,1,1,0.0373811103738111,0.747389606488435,4226684636,0,comma,=,original,rand 3,results/folktexts/0-variations/model-Qwen--Qwen2.5-7B-Instruct/Qwen--Qwen2.5-7B-Instruct_task-ACSIncome/Qwen--Qwen2.5-7B-Instruct_bench-4226684636/results.bench-4226684636.json,results/folktexts/0-variations/model-Qwen--Qwen2.5-7B-Instruct/Qwen--Qwen2.5-7B-Instruct_task-ACSIncome/Qwen--Qwen2.5-7B-Instruct_bench-3233995434/ACSIncome_full_seed-42_hash-1998608642.test_predictions.csv
ACSIncome,Qwen--Qwen2.5-7B-Instruct,1,1,0.03728813559322034,0.7456954040252328,408079988,0,bullet,=,low,rand 3,results/folktexts/0-variations/model-Qwen--Qwen2.5-7B-Instruct/Qwen--Qwen2.5-7B-Instruct_task-ACSIncome/Qwen--Qwen2.5-7B-Instruct_bench-408079988/results.bench-408079988.json,results/folktexts/0-variations/model-Qwen--Qwen2.5-7B-Instruct/Qwen--Qwen2.5-7B-Instruct_task-ACSIncome/Qwen--Qwen2.5-7B-Instruct_bench-3189935726/ACSIncome_full_seed-42_hash-1998608642.test_predictions.csv
ACSIncome,Qwen--Qwen2.5-7B-Instruct,1,1,0.0599950211600697,0.762805647341544,114645248,0,comma,:,original,default,results/folktexts/0-variations/model-Qwen--Qwen2.5-7B-Instruct/Qwen--Qwen2.5-7B-Instruct_task-ACSIncome/Qwen--Qwen2.5-7B-Instruct_bench-114645248/results.bench-114645248.json,results/folktexts/0-variations/model-Qwen--Qwen2.5-7B-Instruct/Qwen--Qwen2.5-7B-Instruct_task-ACSIncome/Qwen--Qwen2.5-7B-Instruct_bench-4085164979/ACSIncome_full_seed-42_hash-1998608642.test_predictions.csv
ACSIncome,Qwen--Qwen2.5-7B-Instruct,1,0,0.5,0.7693661760288375,2149679586,0,comma,:,original,rand 3,results/folktexts/0-variations/model-Qwen--Qwen2.5-7B-Instruct/Qwen--Qwen2.5-7B-Instruct_task-ACSIncome/Qwen--Qwen2.5-7B-Instruct_bench-2149679586/results.bench-2149679586.json,results/folktexts/0-variations/model-Qwen--Qwen2.5-7B-Instruct/Qwen--Qwen2.5-7B-Instruct_task-ACSIncome/Qwen--Qwen2.5-7B-Instruct_bench-2149679586/ACSIncome_full_seed-42_hash-1998608642.test_predictions.csv
ACSIncome,Qwen--Qwen2.5-7B-Instruct,1,1,0.05346187554776512,0.7419645539200961,2955141003,0,text,=,low,rand 1,results/folktexts/0-variations/model-Qwen--Qwen2.5-7B-Instruct/Qwen--Qwen2.5-7B-Instruct_task-ACSIncome/Qwen--Qwen2.5-7B-Instruct_bench-2955141003/results.bench-2955141003.json,results/folktexts/0-variations/model-Qwen--Qwen2.5-7B-Instruct/Qwen--Qwen2.5-7B-Instruct_task-ACSIncome/Qwen--Qwen2.5-7B-Instruct_bench-3767599738/ACSIncome_full_seed-42_hash-1998608642.test_predictions.csv
ACSIncome,Qwen--Qwen2.5-7B-Instruct,1,1,0.060109289617486336,0.7381255632322019,1040842209,0,comma,=,low,rand 1,results/folktexts/0-variations/model-Qwen--Qwen2.5-7B-Instruct/Qwen--Qwen2.5-7B-Instruct_task-ACSIncome/Qwen--Qwen2.5-7B-Instruct_bench-1040842209/results.bench-1040842209.json,results/folktexts/0-variations/model-Qwen--Qwen2.5-7B-Instruct/Qwen--Qwen2.5-7B-Instruct_task-ACSIncome/Qwen--Qwen2.5-7B-Instruct_bench-988109882/ACSIncome_full_seed-42_hash-1998608642.test_predictions.csv
ACSIncome,Qwen--Qwen2.5-7B-Instruct,1,1,0.047285464098073555,0.743682787623911,2486452769,0,comma,:,low,default,results/folktexts/0-variations/model-Qwen--Qwen2.5-7B-Instruct/Qwen--Qwen2.5-7B-Instruct_task-ACSIncome/Qwen--Qwen2.5-7B-Instruct_bench-2486452769/results.bench-2486452769.json,results/folktexts/0-variations/model-Qwen--Qwen2.5-7B-Instruct/Qwen--Qwen2.5-7B-Instruct_task-ACSIncome/Qwen--Qwen2.5-7B-Instruct_bench-1110002562/ACSIncome_full_seed-42_hash-1998608642.test_predictions.csv
ACSIncome,Qwen--Qwen2.5-7B-Instruct,1,1,0.03300790330079033,0.746031841393812,243967267,0,text,is,original, reversed,results/folktexts/0-variations/model-Qwen--Qwen2.5-7B-Instruct/Qwen--Qwen2.5-7B-Instruct_task-ACSIncome/Qwen--Qwen2.5-7B-Instruct_bench-243967267/results.bench-243967267.json,results/folktexts/0-variations/model-Qwen--Qwen2.5-7B-Instruct/Qwen--Qwen2.5-7B-Instruct_task-ACSIncome/Qwen--Qwen2.5-7B-Instruct_bench-417683909/ACSIncome_full_seed-42_hash-1998608642.test_predictions.csv
ACSIncome,Qwen--Qwen2.5-7B-Instruct,1,1,0.04746044962531224,0.7309462300991288,249960748,0,text,=,original,rand 2,results/folktexts/0-variations/model-Qwen--Qwen2.5-7B-Instruct/Qwen--Qwen2.5-7B-Instruct_task-ACSIncome/Qwen--Qwen2.5-7B-Instruct_bench-249960748/results.bench-249960748.json,results/folktexts/0-variations/model-Qwen--Qwen2.5-7B-Instruct/Qwen--Qwen2.5-7B-Instruct_task-ACSIncome/Qwen--Qwen2.5-7B-Instruct_bench-1123931894/ACSIncome_full_seed-42_hash-1998608642.test_predictions.csv
ACSIncome,Qwen--Qwen2.5-7B-Instruct,1,1,0.04226491405460061,0.7419405226794833,2222879040,0,bullet,is,low, reversed,results/folktexts/0-variations/model-Qwen--Qwen2.5-7B-Instruct/Qwen--Qwen2.5-7B-Instruct_task-ACSIncome/Qwen--Qwen2.5-7B-Instruct_bench-2222879040/results.bench-2222879040.json,results/folktexts/0-variations/model-Qwen--Qwen2.5-7B-Instruct/Qwen--Qwen2.5-7B-Instruct_task-ACSIncome/Qwen--Qwen2.5-7B-Instruct_bench-1976402440/ACSIncome_full_seed-42_hash-1998608642.test_predictions.csv
ACSIncome,Qwen--Qwen2.5-7B-Instruct,1,1,0.02586482171367749,0.7355241814358666,976881989,0,text,is,low, reversed,results/folktexts/0-variations/model-Qwen--Qwen2.5-7B-Instruct/Qwen--Qwen2.5-7B-Instruct_task-ACSIncome/Qwen--Qwen2.5-7B-Instruct_bench-976881989/results.bench-976881989.json,results/folktexts/0-variations/model-Qwen--Qwen2.5-7B-Instruct/Qwen--Qwen2.5-7B-Instruct_task-ACSIncome/Qwen--Qwen2.5-7B-Instruct_bench-979865517/ACSIncome_full_seed-42_hash-1998608642.test_predictions.csv
ACSIncome,Qwen--Qwen2.5-7B-Instruct,1,1,0.11926605504587157,0.7611835386001803,1036131669,0,comma,=,original,default,results/folktexts/0-variations/model-Qwen--Qwen2.5-7B-Instruct/Qwen--Qwen2.5-7B-Instruct_task-ACSIncome/Qwen--Qwen2.5-7B-Instruct_bench-1036131669/results.bench-1036131669.json,results/folktexts/0-variations/model-Qwen--Qwen2.5-7B-Instruct/Qwen--Qwen2.5-7B-Instruct_task-ACSIncome/Qwen--Qwen2.5-7B-Instruct_bench-3673075045/ACSIncome_full_seed-42_hash-1998608642.test_predictions.csv
ACSIncome,Qwen--Qwen2.5-7B-Instruct,1,1,0.03732981993851559,0.7345148693301292,3938087874,0,bullet,=,original, reversed,results/folktexts/0-variations/model-Qwen--Qwen2.5-7B-Instruct/Qwen--Qwen2.5-7B-Instruct_task-ACSIncome/Qwen--Qwen2.5-7B-Instruct_bench-3938087874/results.bench-3938087874.json,results/folktexts/0-variations/model-Qwen--Qwen2.5-7B-Instruct/Qwen--Qwen2.5-7B-Instruct_task-ACSIncome/Qwen--Qwen2.5-7B-Instruct_bench-63802898/ACSIncome_full_seed-42_hash-1998608642.test_predictions.csv
ACSIncome,Qwen--Qwen2.5-7B-Instruct,1,1,0.04210736379964079,0.7459477320516672,349385457,0,bullet,=,low,rand 1,results/folktexts/0-variations/model-Qwen--Qwen2.5-7B-Instruct/Qwen--Qwen2.5-7B-Instruct_task-ACSIncome/Qwen--Qwen2.5-7B-Instruct_bench-349385457/results.bench-349385457.json,results/folktexts/0-variations/model-Qwen--Qwen2.5-7B-Instruct/Qwen--Qwen2.5-7B-Instruct_task-ACSIncome/Qwen--Qwen2.5-7B-Instruct_bench-4132382233/ACSIncome_full_seed-42_hash-1998608642.test_predictions.csv
ACSIncome,Qwen--Qwen2.5-7B-Instruct,1,1,0.06006137658921526,0.7536136978071493,3604163708,0,text,is,low,rand 3,results/folktexts/0-variations/model-Qwen--Qwen2.5-7B-Instruct/Qwen--Qwen2.5-7B-Instruct_task-ACSIncome/Qwen--Qwen2.5-7B-Instruct_bench-3604163708/results.bench-3604163708.json,results/folktexts/0-variations/model-Qwen--Qwen2.5-7B-Instruct/Qwen--Qwen2.5-7B-Instruct_task-ACSIncome/Qwen--Qwen2.5-7B-Instruct_bench-1749794492/ACSIncome_full_seed-42_hash-1998608642.test_predictions.csv
ACSIncome,Qwen--Qwen2.5-7B-Instruct,1,1,0.015900751354184867,0.7185401021327726,1980483731,0,text,is,low,rand 2,results/folktexts/0-variations/model-Qwen--Qwen2.5-7B-Instruct/Qwen--Qwen2.5-7B-Instruct_task-ACSIncome/Qwen--Qwen2.5-7B-Instruct_bench-1980483731/results.bench-1980483731.json,results/folktexts/0-variations/model-Qwen--Qwen2.5-7B-Instruct/Qwen--Qwen2.5-7B-Instruct_task-ACSIncome/Qwen--Qwen2.5-7B-Instruct_bench-1411688870/ACSIncome_full_seed-42_hash-1998608642.test_predictions.csv
ACSIncome,Qwen--Qwen2-7B-Instruct,1,1,0.3484848484848485,0.7444878341844398,2580169462,0,bullet,is,low, reversed,results/folktexts/0-variations/model-Qwen--Qwen2-7B-Instruct/Qwen--Qwen2-7B-Instruct_task-ACSIncome/Qwen--Qwen2-7B-Instruct_bench-2580169462/results.bench-2580169462.json,results/folktexts/0-variations/model-Qwen--Qwen2-7B-Instruct/Qwen--Qwen2-7B-Instruct_task-ACSIncome/Qwen--Qwen2-7B-Instruct_bench-3758812351/ACSIncome_full_seed-42_hash-1998608642.test_predictions.csv
ACSIncome,Qwen--Qwen2-7B-Instruct,1,1,0.4083129584352078,0.7454430759987984,3172186420,0,comma,is,original,rand 2,results/folktexts/0-variations/model-Qwen--Qwen2-7B-Instruct/Qwen--Qwen2-7B-Instruct_task-ACSIncome/Qwen--Qwen2-7B-Instruct_bench-3172186420/results.bench-3172186420.json,results/folktexts/0-variations/model-Qwen--Qwen2-7B-Instruct/Qwen--Qwen2-7B-Instruct_task-ACSIncome/Qwen--Qwen2-7B-Instruct_bench-3915214134/ACSIncome_full_seed-42_hash-1998608642.test_predictions.csv
ACSIncome,Qwen--Qwen2-7B-Instruct,1,1,0.4076923076923077,0.7334574947431661,480687611,0,text,=,low, reversed,results/folktexts/0-variations/model-Qwen--Qwen2-7B-Instruct/Qwen--Qwen2-7B-Instruct_task-ACSIncome/Qwen--Qwen2-7B-Instruct_bench-480687611/results.bench-480687611.json,results/folktexts/0-variations/model-Qwen--Qwen2-7B-Instruct/Qwen--Qwen2-7B-Instruct_task-ACSIncome/Qwen--Qwen2-7B-Instruct_bench-661845775/ACSIncome_full_seed-42_hash-1998608642.test_predictions.csv
ACSIncome,Qwen--Qwen2-7B-Instruct,1,1,0.4680365296803653,0.7243676779813758,1412148593,0,comma,is,low,rand 2,results/folktexts/0-variations/model-Qwen--Qwen2-7B-Instruct/Qwen--Qwen2-7B-Instruct_task-ACSIncome/Qwen--Qwen2-7B-Instruct_bench-1412148593/results.bench-1412148593.json,results/folktexts/0-variations/model-Qwen--Qwen2-7B-Instruct/Qwen--Qwen2-7B-Instruct_task-ACSIncome/Qwen--Qwen2-7B-Instruct_bench-611526814/ACSIncome_full_seed-42_hash-1998608642.test_predictions.csv
ACSIncome,Qwen--Qwen2-7B-Instruct,1,1,0.46946564885496184,0.7667407629918894,2484700704,0,bullet,=,low,default,results/folktexts/0-variations/model-Qwen--Qwen2-7B-Instruct/Qwen--Qwen2-7B-Instruct_task-ACSIncome/Qwen--Qwen2-7B-Instruct_bench-2484700704/results.bench-2484700704.json,results/folktexts/0-variations/model-Qwen--Qwen2-7B-Instruct/Qwen--Qwen2-7B-Instruct_task-ACSIncome/Qwen--Qwen2-7B-Instruct_bench-1025001846/ACSIncome_full_seed-42_hash-1998608642.test_predictions.csv
ACSIncome,Qwen--Qwen2-7B-Instruct,1,1,0.09546666666666667,0.7531691198558126,1061106485,0,text,is,original,default,results/folktexts/0-variations/model-Qwen--Qwen2-7B-Instruct/Qwen--Qwen2-7B-Instruct_task-ACSIncome/Qwen--Qwen2-7B-Instruct_bench-1061106485/results.bench-1061106485.json,results/folktexts/0-variations/model-Qwen--Qwen2-7B-Instruct/Qwen--Qwen2-7B-Instruct_task-ACSIncome/Qwen--Qwen2-7B-Instruct_bench-2427307741/ACSIncome_full_seed-42_hash-1998608642.test_predictions.csv
ACSIncome,Qwen--Qwen2-7B-Instruct,1,1,0.29457364341085274,0.747209372183839,164752820,0,bullet,is,original,rand 2,results/folktexts/0-variations/model-Qwen--Qwen2-7B-Instruct/Qwen--Qwen2-7B-Instruct_task-ACSIncome/Qwen--Qwen2-7B-Instruct_bench-164752820/results.bench-164752820.json,results/folktexts/0-variations/model-Qwen--Qwen2-7B-Instruct/Qwen--Qwen2-7B-Instruct_task-ACSIncome/Qwen--Qwen2-7B-Instruct_bench-3573376914/ACSIncome_full_seed-42_hash-1998608642.test_predictions.csv
ACSIncome,Qwen--Qwen2-7B-Instruct,1,1,0.592274678111588,0.7347431661159507,1298431362,0,comma,is,low, reversed,results/folktexts/0-variations/model-Qwen--Qwen2-7B-Instruct/Qwen--Qwen2-7B-Instruct_task-ACSIncome/Qwen--Qwen2-7B-Instruct_bench-1298431362/results.bench-1298431362.json,results/folktexts/0-variations/model-Qwen--Qwen2-7B-Instruct/Qwen--Qwen2-7B-Instruct_task-ACSIncome/Qwen--Qwen2-7B-Instruct_bench-212733752/ACSIncome_full_seed-42_hash-1998608642.test_predictions.csv
ACSIncome,Qwen--Qwen2-7B-Instruct,1,1,0.2448512585812357,0.7567918293781917,828555677,0,text,is,original,rand 1,results/folktexts/0-variations/model-Qwen--Qwen2-7B-Instruct/Qwen--Qwen2-7B-Instruct_task-ACSIncome/Qwen--Qwen2-7B-Instruct_bench-828555677/results.bench-828555677.json,results/folktexts/0-variations/model-Qwen--Qwen2-7B-Instruct/Qwen--Qwen2-7B-Instruct_task-ACSIncome/Qwen--Qwen2-7B-Instruct_bench-657425833/ACSIncome_full_seed-42_hash-1998608642.test_predictions.csv
ACSIncome,Qwen--Qwen2-7B-Instruct,1,1,0.2692867540029112,0.7513247221387804,3759160864,0,bullet,is,low,default,results/folktexts/0-variations/model-Qwen--Qwen2-7B-Instruct/Qwen--Qwen2-7B-Instruct_task-ACSIncome/Qwen--Qwen2-7B-Instruct_bench-3759160864/results.bench-3759160864.json,results/folktexts/0-variations/model-Qwen--Qwen2-7B-Instruct/Qwen--Qwen2-7B-Instruct_task-ACSIncome/Qwen--Qwen2-7B-Instruct_bench-1987573235/ACSIncome_full_seed-42_hash-1998608642.test_predictions.csv
ACSIncome,Qwen--Qwen2-7B-Instruct,1,1,0.3211009174311927,0.7682427155301892,2735561230,0,comma,is,original,default,results/folktexts/0-variations/model-Qwen--Qwen2-7B-Instruct/Qwen--Qwen2-7B-Instruct_task-ACSIncome/Qwen--Qwen2-7B-Instruct_bench-2735561230/results.bench-2735561230.json,results/folktexts/0-variations/model-Qwen--Qwen2-7B-Instruct/Qwen--Qwen2-7B-Instruct_task-ACSIncome/Qwen--Qwen2-7B-Instruct_bench-1246527328/ACSIncome_full_seed-42_hash-1998608642.test_predictions.csv
ACSIncome,Qwen--Qwen2-7B-Instruct,1,1,0.6227848101265823,0.7647521778311805,2222173530,0,comma,is,original,rand 1,results/folktexts/0-variations/model-Qwen--Qwen2-7B-Instruct/Qwen--Qwen2-7B-Instruct_task-ACSIncome/Qwen--Qwen2-7B-Instruct_bench-2222173530/results.bench-2222173530.json,results/folktexts/0-variations/model-Qwen--Qwen2-7B-Instruct/Qwen--Qwen2-7B-Instruct_task-ACSIncome/Qwen--Qwen2-7B-Instruct_bench-2177889967/ACSIncome_full_seed-42_hash-1998608642.test_predictions.csv
ACSIncome,Qwen--Qwen2-7B-Instruct,1,1,0.1485148514851485,0.71372784620006,1859073168,0,bullet,:,low,rand 2,results/folktexts/0-variations/model-Qwen--Qwen2-7B-Instruct/Qwen--Qwen2-7B-Instruct_task-ACSIncome/Qwen--Qwen2-7B-Instruct_bench-1859073168/results.bench-1859073168.json,results/folktexts/0-variations/model-Qwen--Qwen2-7B-Instruct/Qwen--Qwen2-7B-Instruct_task-ACSIncome/Qwen--Qwen2-7B-Instruct_bench-1804640018/ACSIncome_full_seed-42_hash-1998608642.test_predictions.csv
ACSIncome,Qwen--Qwen2-7B-Instruct,1,1,0.5923217550274223,0.757554821267648,1261595427,0,text,:,original,rand 1,results/folktexts/0-variations/model-Qwen--Qwen2-7B-Instruct/Qwen--Qwen2-7B-Instruct_task-ACSIncome/Qwen--Qwen2-7B-Instruct_bench-1261595427/results.bench-1261595427.json,results/folktexts/0-variations/model-Qwen--Qwen2-7B-Instruct/Qwen--Qwen2-7B-Instruct_task-ACSIncome/Qwen--Qwen2-7B-Instruct_bench-2344017325/ACSIncome_full_seed-42_hash-1998608642.test_predictions.csv
ACSIncome,Qwen--Qwen2-7B-Instruct,1,1,0.18219749652294853,0.764253529588465,777369373,0,bullet,:,original,rand 3,results/folktexts/0-variations/model-Qwen--Qwen2-7B-Instruct/Qwen--Qwen2-7B-Instruct_task-ACSIncome/Qwen--Qwen2-7B-Instruct_bench-777369373/results.bench-777369373.json,results/folktexts/0-variations/model-Qwen--Qwen2-7B-Instruct/Qwen--Qwen2-7B-Instruct_task-ACSIncome/Qwen--Qwen2-7B-Instruct_bench-1615433143/ACSIncome_full_seed-42_hash-1998608642.test_predictions.csv
ACSIncome,Qwen--Qwen2-7B-Instruct,1,1,0.6226912928759895,0.7660078101531992,2341646380,0,text,=,low,default,results/folktexts/0-variations/model-Qwen--Qwen2-7B-Instruct/Qwen--Qwen2-7B-Instruct_task-ACSIncome/Qwen--Qwen2-7B-Instruct_bench-2341646380/results.bench-2341646380.json,results/folktexts/0-variations/model-Qwen--Qwen2-7B-Instruct/Qwen--Qwen2-7B-Instruct_task-ACSIncome/Qwen--Qwen2-7B-Instruct_bench-1829600386/ACSIncome_full_seed-42_hash-1998608642.test_predictions.csv
ACSIncome,Qwen--Qwen2-7B-Instruct,1,1,0.29475100942126514,0.7598137578852509,4264270682,0,bullet,:,low,rand 3,results/folktexts/0-variations/model-Qwen--Qwen2-7B-Instruct/Qwen--Qwen2-7B-Instruct_task-ACSIncome/Qwen--Qwen2-7B-Instruct_bench-4264270682/results.bench-4264270682.json,results/folktexts/0-variations/model-Qwen--Qwen2-7B-Instruct/Qwen--Qwen2-7B-Instruct_task-ACSIncome/Qwen--Qwen2-7B-Instruct_bench-2292547007/ACSIncome_full_seed-42_hash-1998608642.test_predictions.csv
ACSIncome,Qwen--Qwen2-7B-Instruct,1,1,0.7307692307692307,0.7580955241814359,959047533,0,comma,=,low,default,results/folktexts/0-variations/model-Qwen--Qwen2-7B-Instruct/Qwen--Qwen2-7B-Instruct_task-ACSIncome/Qwen--Qwen2-7B-Instruct_bench-959047533/results.bench-959047533.json,results/folktexts/0-variations/model-Qwen--Qwen2-7B-Instruct/Qwen--Qwen2-7B-Instruct_task-ACSIncome/Qwen--Qwen2-7B-Instruct_bench-1932192289/ACSIncome_full_seed-42_hash-1998608642.test_predictions.csv
ACSIncome,Qwen--Qwen2-7B-Instruct,1,1,0.43769968051118213,0.7526945028537099,1545445525,0,text,is,low,rand 2,results/folktexts/0-variations/model-Qwen--Qwen2-7B-Instruct/Qwen--Qwen2-7B-Instruct_task-ACSIncome/Qwen--Qwen2-7B-Instruct_bench-1545445525/results.bench-1545445525.json,results/folktexts/0-variations/model-Qwen--Qwen2-7B-Instruct/Qwen--Qwen2-7B-Instruct_task-ACSIncome/Qwen--Qwen2-7B-Instruct_bench-3548565112/ACSIncome_full_seed-42_hash-1998608642.test_predictions.csv
ACSIncome,Qwen--Qwen2-7B-Instruct,1,1,0.22255192878338279,0.7308501051366777,639918629,0,bullet,is,low,rand 2,results/folktexts/0-variations/model-Qwen--Qwen2-7B-Instruct/Qwen--Qwen2-7B-Instruct_task-ACSIncome/Qwen--Qwen2-7B-Instruct_bench-639918629/results.bench-639918629.json,results/folktexts/0-variations/model-Qwen--Qwen2-7B-Instruct/Qwen--Qwen2-7B-Instruct_task-ACSIncome/Qwen--Qwen2-7B-Instruct_bench-3965056759/ACSIncome_full_seed-42_hash-1998608642.test_predictions.csv
ACSIncome,Qwen--Qwen2-7B-Instruct,1,1,0.2692867540029112,0.7391228597176329,2022513542,0,text,=,original,rand 2,results/folktexts/0-variations/model-Qwen--Qwen2-7B-Instruct/Qwen--Qwen2-7B-Instruct_task-ACSIncome/Qwen--Qwen2-7B-Instruct_bench-2022513542/results.bench-2022513542.json,results/folktexts/0-variations/model-Qwen--Qwen2-7B-Instruct/Qwen--Qwen2-7B-Instruct_task-ACSIncome/Qwen--Qwen2-7B-Instruct_bench-1026428354/ACSIncome_full_seed-42_hash-1998608642.test_predictions.csv
ACSIncome,Qwen--Qwen2-7B-Instruct,1,1,0.5927710843373494,0.7541664163412436,2647695559,0,text,:,low,default,results/folktexts/0-variations/model-Qwen--Qwen2-7B-Instruct/Qwen--Qwen2-7B-Instruct_task-ACSIncome/Qwen--Qwen2-7B-Instruct_bench-2647695559/results.bench-2647695559.json,results/folktexts/0-variations/model-Qwen--Qwen2-7B-Instruct/Qwen--Qwen2-7B-Instruct_task-ACSIncome/Qwen--Qwen2-7B-Instruct_bench-3876507556/ACSIncome_full_seed-42_hash-1998608642.test_predictions.csv
ACSIncome,Qwen--Qwen2-7B-Instruct,1,1,0.3772455089820359,0.7605166716731752,1275757831,0,bullet,is,original, reversed,results/folktexts/0-variations/model-Qwen--Qwen2-7B-Instruct/Qwen--Qwen2-7B-Instruct_task-ACSIncome/Qwen--Qwen2-7B-Instruct_bench-1275757831/results.bench-1275757831.json,results/folktexts/0-variations/model-Qwen--Qwen2-7B-Instruct/Qwen--Qwen2-7B-Instruct_task-ACSIncome/Qwen--Qwen2-7B-Instruct_bench-1772775504/ACSIncome_full_seed-42_hash-1998608642.test_predictions.csv
ACSIncome,Qwen--Qwen2-7B-Instruct,1,1,0.43844492440604754,0.7420066085911685,1912427462,0,text,:,original,rand 2,results/folktexts/0-variations/model-Qwen--Qwen2-7B-Instruct/Qwen--Qwen2-7B-Instruct_task-ACSIncome/Qwen--Qwen2-7B-Instruct_bench-1912427462/results.bench-1912427462.json,results/folktexts/0-variations/model-Qwen--Qwen2-7B-Instruct/Qwen--Qwen2-7B-Instruct_task-ACSIncome/Qwen--Qwen2-7B-Instruct_bench-1577603106/ACSIncome_full_seed-42_hash-1998608642.test_predictions.csv
ACSIncome,Qwen--Qwen2-7B-Instruct,1,1,0.4064039408866995,0.7583478522078703,845721972,0,bullet,=,original, reversed,results/folktexts/0-variations/model-Qwen--Qwen2-7B-Instruct/Qwen--Qwen2-7B-Instruct_task-ACSIncome/Qwen--Qwen2-7B-Instruct_bench-845721972/results.bench-845721972.json,results/folktexts/0-variations/model-Qwen--Qwen2-7B-Instruct/Qwen--Qwen2-7B-Instruct_task-ACSIncome/Qwen--Qwen2-7B-Instruct_bench-72859385/ACSIncome_full_seed-42_hash-1998608642.test_predictions.csv
ACSIncome,Qwen--Qwen2-7B-Instruct,1,1,0.26956521739130435,0.7266326224091318,3587992091,0,text,=,low,rand 2,results/folktexts/0-variations/model-Qwen--Qwen2-7B-Instruct/Qwen--Qwen2-7B-Instruct_task-ACSIncome/Qwen--Qwen2-7B-Instruct_bench-3587992091/results.bench-3587992091.json,results/folktexts/0-variations/model-Qwen--Qwen2-7B-Instruct/Qwen--Qwen2-7B-Instruct_task-ACSIncome/Qwen--Qwen2-7B-Instruct_bench-2047289309/ACSIncome_full_seed-42_hash-1998608642.test_predictions.csv
ACSIncome,Qwen--Qwen2-7B-Instruct,1,1,0.14838709677419354,0.7441093421447882,1753195463,0,text,:,original,default,results/folktexts/0-variations/model-Qwen--Qwen2-7B-Instruct/Qwen--Qwen2-7B-Instruct_task-ACSIncome/Qwen--Qwen2-7B-Instruct_bench-1753195463/results.bench-1753195463.json,results/folktexts/0-variations/model-Qwen--Qwen2-7B-Instruct/Qwen--Qwen2-7B-Instruct_task-ACSIncome/Qwen--Qwen2-7B-Instruct_bench-3175451272/ACSIncome_full_seed-42_hash-1998608642.test_predictions.csv
ACSIncome,Qwen--Qwen2-7B-Instruct,1,1,0.05337620578778135,0.7367017122258936,3279121827,0,bullet,is,original,rand 3,results/folktexts/0-variations/model-Qwen--Qwen2-7B-Instruct/Qwen--Qwen2-7B-Instruct_task-ACSIncome/Qwen--Qwen2-7B-Instruct_bench-3279121827/results.bench-3279121827.json,results/folktexts/0-variations/model-Qwen--Qwen2-7B-Instruct/Qwen--Qwen2-7B-Instruct_task-ACSIncome/Qwen--Qwen2-7B-Instruct_bench-793516017/ACSIncome_full_seed-42_hash-1998608642.test_predictions.csv
ACSIncome,Qwen--Qwen2-7B-Instruct,1,1,0.40683229813664595,0.7525923700811055,3454028760,0,bullet,=,original,rand 2,results/folktexts/0-variations/model-Qwen--Qwen2-7B-Instruct/Qwen--Qwen2-7B-Instruct_task-ACSIncome/Qwen--Qwen2-7B-Instruct_bench-3454028760/results.bench-3454028760.json,results/folktexts/0-variations/model-Qwen--Qwen2-7B-Instruct/Qwen--Qwen2-7B-Instruct_task-ACSIncome/Qwen--Qwen2-7B-Instruct_bench-3803591266/ACSIncome_full_seed-42_hash-1998608642.test_predictions.csv
ACSIncome,Qwen--Qwen2-7B-Instruct,1,1,0.5311203319502075,0.7426434364674076,726439469,0,comma,is,low,rand 1,results/folktexts/0-variations/model-Qwen--Qwen2-7B-Instruct/Qwen--Qwen2-7B-Instruct_task-ACSIncome/Qwen--Qwen2-7B-Instruct_bench-726439469/results.bench-726439469.json,results/folktexts/0-variations/model-Qwen--Qwen2-7B-Instruct/Qwen--Qwen2-7B-Instruct_task-ACSIncome/Qwen--Qwen2-7B-Instruct_bench-115733810/ACSIncome_full_seed-42_hash-1998608642.test_predictions.csv
ACSIncome,Qwen--Qwen2-7B-Instruct,1,1,0.24475524475524477,0.7615019525382998,4256355896,0,comma,is,original,rand 3,results/folktexts/0-variations/model-Qwen--Qwen2-7B-Instruct/Qwen--Qwen2-7B-Instruct_task-ACSIncome/Qwen--Qwen2-7B-Instruct_bench-4256355896/results.bench-4256355896.json,results/folktexts/0-variations/model-Qwen--Qwen2-7B-Instruct/Qwen--Qwen2-7B-Instruct_task-ACSIncome/Qwen--Qwen2-7B-Instruct_bench-1859243362/ACSIncome_full_seed-42_hash-1998608642.test_predictions.csv
ACSIncome,Qwen--Qwen2-7B-Instruct,1,1,0.1479028697571744,0.7146951036347251,4198116324,0,text,is,low, reversed,results/folktexts/0-variations/model-Qwen--Qwen2-7B-Instruct/Qwen--Qwen2-7B-Instruct_task-ACSIncome/Qwen--Qwen2-7B-Instruct_bench-4198116324/results.bench-4198116324.json,results/folktexts/0-variations/model-Qwen--Qwen2-7B-Instruct/Qwen--Qwen2-7B-Instruct_task-ACSIncome/Qwen--Qwen2-7B-Instruct_bench-233590055/ACSIncome_full_seed-42_hash-1998608642.test_predictions.csv
ACSIncome,Qwen--Qwen2-7B-Instruct,1,1,0.4081237911025145,0.7461940522679483,3128775650,0,bullet,=,low, reversed,results/folktexts/0-variations/model-Qwen--Qwen2-7B-Instruct/Qwen--Qwen2-7B-Instruct_task-ACSIncome/Qwen--Qwen2-7B-Instruct_bench-3128775650/results.bench-3128775650.json,results/folktexts/0-variations/model-Qwen--Qwen2-7B-Instruct/Qwen--Qwen2-7B-Instruct_task-ACSIncome/Qwen--Qwen2-7B-Instruct_bench-4217094053/ACSIncome_full_seed-42_hash-1998608642.test_predictions.csv
ACSIncome,Qwen--Qwen2-7B-Instruct,1,1,0.2938775510204082,0.7565154701111445,1820090967,0,text,=,original,rand 1,results/folktexts/0-variations/model-Qwen--Qwen2-7B-Instruct/Qwen--Qwen2-7B-Instruct_task-ACSIncome/Qwen--Qwen2-7B-Instruct_bench-1820090967/results.bench-1820090967.json,results/folktexts/0-variations/model-Qwen--Qwen2-7B-Instruct/Qwen--Qwen2-7B-Instruct_task-ACSIncome/Qwen--Qwen2-7B-Instruct_bench-2603095495/ACSIncome_full_seed-42_hash-1998608642.test_predictions.csv
ACSIncome,Qwen--Qwen2-7B-Instruct,1,1,0.22324966974900926,0.7250826073896065,3007294933,0,text,:,original, reversed,results/folktexts/0-variations/model-Qwen--Qwen2-7B-Instruct/Qwen--Qwen2-7B-Instruct_task-ACSIncome/Qwen--Qwen2-7B-Instruct_bench-3007294933/results.bench-3007294933.json,results/folktexts/0-variations/model-Qwen--Qwen2-7B-Instruct/Qwen--Qwen2-7B-Instruct_task-ACSIncome/Qwen--Qwen2-7B-Instruct_bench-2993944892/ACSIncome_full_seed-42_hash-1998608642.test_predictions.csv
ACSIncome,Qwen--Qwen2-7B-Instruct,1,1,0.7061923583662714,0.7462361069390208,636510540,0,comma,:,low,rand 2,results/folktexts/0-variations/model-Qwen--Qwen2-7B-Instruct/Qwen--Qwen2-7B-Instruct_task-ACSIncome/Qwen--Qwen2-7B-Instruct_bench-636510540/results.bench-636510540.json,results/folktexts/0-variations/model-Qwen--Qwen2-7B-Instruct/Qwen--Qwen2-7B-Instruct_task-ACSIncome/Qwen--Qwen2-7B-Instruct_bench-2541110047/ACSIncome_full_seed-42_hash-1998608642.test_predictions.csv
ACSIncome,Qwen--Qwen2-7B-Instruct,1,1,0.3489278752436647,0.7202523280264344,860159487,0,text,:,low, reversed,results/folktexts/0-variations/model-Qwen--Qwen2-7B-Instruct/Qwen--Qwen2-7B-Instruct_task-ACSIncome/Qwen--Qwen2-7B-Instruct_bench-860159487/results.bench-860159487.json,results/folktexts/0-variations/model-Qwen--Qwen2-7B-Instruct/Qwen--Qwen2-7B-Instruct_task-ACSIncome/Qwen--Qwen2-7B-Instruct_bench-3995087100/ACSIncome_full_seed-42_hash-1998608642.test_predictions.csv
ACSIncome,Qwen--Qwen2-7B-Instruct,1,1,0.2023121387283237,0.7179693601682187,1515082867,0,text,is,low,default,results/folktexts/0-variations/model-Qwen--Qwen2-7B-Instruct/Qwen--Qwen2-7B-Instruct_task-ACSIncome/Qwen--Qwen2-7B-Instruct_bench-1515082867/results.bench-1515082867.json,results/folktexts/0-variations/model-Qwen--Qwen2-7B-Instruct/Qwen--Qwen2-7B-Instruct_task-ACSIncome/Qwen--Qwen2-7B-Instruct_bench-2642619111/ACSIncome_full_seed-42_hash-1998608642.test_predictions.csv
ACSIncome,Qwen--Qwen2-7B-Instruct,1,1,0.4691358024691358,0.7570621808350856,2873511435,0,bullet,:,low,default,results/folktexts/0-variations/model-Qwen--Qwen2-7B-Instruct/Qwen--Qwen2-7B-Instruct_task-ACSIncome/Qwen--Qwen2-7B-Instruct_bench-2873511435/results.bench-2873511435.json,results/folktexts/0-variations/model-Qwen--Qwen2-7B-Instruct/Qwen--Qwen2-7B-Instruct_task-ACSIncome/Qwen--Qwen2-7B-Instruct_bench-279260069/ACSIncome_full_seed-42_hash-1998608642.test_predictions.csv
ACSIncome,Qwen--Qwen2-7B-Instruct,1,1,0.20121028744326777,0.7240913187143286,4161331174,0,text,=,low,rand 1,results/folktexts/0-variations/model-Qwen--Qwen2-7B-Instruct/Qwen--Qwen2-7B-Instruct_task-ACSIncome/Qwen--Qwen2-7B-Instruct_bench-4161331174/results.bench-4161331174.json,results/folktexts/0-variations/model-Qwen--Qwen2-7B-Instruct/Qwen--Qwen2-7B-Instruct_task-ACSIncome/Qwen--Qwen2-7B-Instruct_bench-875204806/ACSIncome_full_seed-42_hash-1998608642.test_predictions.csv
ACSIncome,Qwen--Qwen2-7B-Instruct,1,1,0.22197802197802197,0.7731450886151997,219529730,0,bullet,=,original,rand 3,results/folktexts/0-variations/model-Qwen--Qwen2-7B-Instruct/Qwen--Qwen2-7B-Instruct_task-ACSIncome/Qwen--Qwen2-7B-Instruct_bench-219529730/results.bench-219529730.json,results/folktexts/0-variations/model-Qwen--Qwen2-7B-Instruct/Qwen--Qwen2-7B-Instruct_task-ACSIncome/Qwen--Qwen2-7B-Instruct_bench-2071556174/ACSIncome_full_seed-42_hash-1998608642.test_predictions.csv
ACSIncome,Qwen--Qwen2-7B-Instruct,1,1,0.37662337662337664,0.7478041453890057,2782507462,0,bullet,:,original, reversed,results/folktexts/0-variations/model-Qwen--Qwen2-7B-Instruct/Qwen--Qwen2-7B-Instruct_task-ACSIncome/Qwen--Qwen2-7B-Instruct_bench-2782507462/results.bench-2782507462.json,results/folktexts/0-variations/model-Qwen--Qwen2-7B-Instruct/Qwen--Qwen2-7B-Instruct_task-ACSIncome/Qwen--Qwen2-7B-Instruct_bench-3766557213/ACSIncome_full_seed-42_hash-1998608642.test_predictions.csv
ACSIncome,Qwen--Qwen2-7B-Instruct,1,1,0.2690863579474343,0.7496425352958846,3641826738,0,text,is,original,rand 2,results/folktexts/0-variations/model-Qwen--Qwen2-7B-Instruct/Qwen--Qwen2-7B-Instruct_task-ACSIncome/Qwen--Qwen2-7B-Instruct_bench-3641826738/results.bench-3641826738.json,results/folktexts/0-variations/model-Qwen--Qwen2-7B-Instruct/Qwen--Qwen2-7B-Instruct_task-ACSIncome/Qwen--Qwen2-7B-Instruct_bench-3350055201/ACSIncome_full_seed-42_hash-1998608642.test_predictions.csv
ACSIncome,Qwen--Qwen2-7B-Instruct,1,1,0.2686230248306998,0.7633343346350255,1218396625,0,bullet,is,original,rand 1,results/folktexts/0-variations/model-Qwen--Qwen2-7B-Instruct/Qwen--Qwen2-7B-Instruct_task-ACSIncome/Qwen--Qwen2-7B-Instruct_bench-1218396625/results.bench-1218396625.json,results/folktexts/0-variations/model-Qwen--Qwen2-7B-Instruct/Qwen--Qwen2-7B-Instruct_task-ACSIncome/Qwen--Qwen2-7B-Instruct_bench-105752399/ACSIncome_full_seed-42_hash-1998608642.test_predictions.csv
ACSIncome,Qwen--Qwen2-7B-Instruct,1,1,0.6794625719769674,0.7406728747371583,3181152708,0,comma,:,low,rand 1,results/folktexts/0-variations/model-Qwen--Qwen2-7B-Instruct/Qwen--Qwen2-7B-Instruct_task-ACSIncome/Qwen--Qwen2-7B-Instruct_bench-3181152708/results.bench-3181152708.json,results/folktexts/0-variations/model-Qwen--Qwen2-7B-Instruct/Qwen--Qwen2-7B-Instruct_task-ACSIncome/Qwen--Qwen2-7B-Instruct_bench-3448634673/ACSIncome_full_seed-42_hash-1998608642.test_predictions.csv
ACSIncome,Qwen--Qwen2-7B-Instruct,1,1,0.13291139240506328,0.7248483027936318,3058768049,0,text,is,low,rand 1,results/folktexts/0-variations/model-Qwen--Qwen2-7B-Instruct/Qwen--Qwen2-7B-Instruct_task-ACSIncome/Qwen--Qwen2-7B-Instruct_bench-3058768049/results.bench-3058768049.json,results/folktexts/0-variations/model-Qwen--Qwen2-7B-Instruct/Qwen--Qwen2-7B-Instruct_task-ACSIncome/Qwen--Qwen2-7B-Instruct_bench-3997259473/ACSIncome_full_seed-42_hash-1998608642.test_predictions.csv
ACSIncome,Qwen--Qwen2-7B-Instruct,1,1,0.1645813282001925,0.7493721838389907,2196661175,0,bullet,:,original,default,results/folktexts/0-variations/model-Qwen--Qwen2-7B-Instruct/Qwen--Qwen2-7B-Instruct_task-ACSIncome/Qwen--Qwen2-7B-Instruct_bench-2196661175/results.bench-2196661175.json,results/folktexts/0-variations/model-Qwen--Qwen2-7B-Instruct/Qwen--Qwen2-7B-Instruct_task-ACSIncome/Qwen--Qwen2-7B-Instruct_bench-536395808/ACSIncome_full_seed-42_hash-1998608642.test_predictions.csv
ACSIncome,Qwen--Qwen2-7B-Instruct,1,1,0.22267206477732793,0.7338720336437369,371944166,0,bullet,:,low,rand 1,results/folktexts/0-variations/model-Qwen--Qwen2-7B-Instruct/Qwen--Qwen2-7B-Instruct_task-ACSIncome/Qwen--Qwen2-7B-Instruct_bench-371944166/results.bench-371944166.json,results/folktexts/0-variations/model-Qwen--Qwen2-7B-Instruct/Qwen--Qwen2-7B-Instruct_task-ACSIncome/Qwen--Qwen2-7B-Instruct_bench-1849470850/ACSIncome_full_seed-42_hash-1998608642.test_predictions.csv
ACSIncome,Qwen--Qwen2-7B-Instruct,1,1,0.705718270571827,0.7440913187143287,1498039627,0,comma,=,low,rand 2,results/folktexts/0-variations/model-Qwen--Qwen2-7B-Instruct/Qwen--Qwen2-7B-Instruct_task-ACSIncome/Qwen--Qwen2-7B-Instruct_bench-1498039627/results.bench-1498039627.json,results/folktexts/0-variations/model-Qwen--Qwen2-7B-Instruct/Qwen--Qwen2-7B-Instruct_task-ACSIncome/Qwen--Qwen2-7B-Instruct_bench-567775355/ACSIncome_full_seed-42_hash-1998608642.test_predictions.csv
ACSIncome,Qwen--Qwen2-7B-Instruct,1,1,0.29444444444444445,0.7177470711925503,1858752345,0,text,:,low,rand 2,results/folktexts/0-variations/model-Qwen--Qwen2-7B-Instruct/Qwen--Qwen2-7B-Instruct_task-ACSIncome/Qwen--Qwen2-7B-Instruct_bench-1858752345/results.bench-1858752345.json,results/folktexts/0-variations/model-Qwen--Qwen2-7B-Instruct/Qwen--Qwen2-7B-Instruct_task-ACSIncome/Qwen--Qwen2-7B-Instruct_bench-1358590410/ACSIncome_full_seed-42_hash-1998608642.test_predictions.csv
ACSIncome,Qwen--Qwen2-7B-Instruct,1,1,0.651252408477842,0.7522799639531391,1749895587,0,comma,:,low,default,results/folktexts/0-variations/model-Qwen--Qwen2-7B-Instruct/Qwen--Qwen2-7B-Instruct_task-ACSIncome/Qwen--Qwen2-7B-Instruct_bench-1749895587/results.bench-1749895587.json,results/folktexts/0-variations/model-Qwen--Qwen2-7B-Instruct/Qwen--Qwen2-7B-Instruct_task-ACSIncome/Qwen--Qwen2-7B-Instruct_bench-26506828/ACSIncome_full_seed-42_hash-1998608642.test_predictions.csv
ACSIncome,Qwen--Qwen2-7B-Instruct,1,1,0.20192307692307693,0.7244157404626014,393672504,0,bullet,=,low,rand 2,results/folktexts/0-variations/model-Qwen--Qwen2-7B-Instruct/Qwen--Qwen2-7B-Instruct_task-ACSIncome/Qwen--Qwen2-7B-Instruct_bench-393672504/results.bench-393672504.json,results/folktexts/0-variations/model-Qwen--Qwen2-7B-Instruct/Qwen--Qwen2-7B-Instruct_task-ACSIncome/Qwen--Qwen2-7B-Instruct_bench-1083154157/ACSIncome_full_seed-42_hash-1998608642.test_predictions.csv
ACSIncome,Qwen--Qwen2-7B-Instruct,1,1,0.562200956937799,0.7513487533793932,1944957259,0,text,:,low,rand 1,results/folktexts/0-variations/model-Qwen--Qwen2-7B-Instruct/Qwen--Qwen2-7B-Instruct_task-ACSIncome/Qwen--Qwen2-7B-Instruct_bench-1944957259/results.bench-1944957259.json,results/folktexts/0-variations/model-Qwen--Qwen2-7B-Instruct/Qwen--Qwen2-7B-Instruct_task-ACSIncome/Qwen--Qwen2-7B-Instruct_bench-986230526/ACSIncome_full_seed-42_hash-1998608642.test_predictions.csv
ACSIncome,Qwen--Qwen2-7B-Instruct,1,1,0.7307692307692307,0.758251727245419,1022485077,0,comma,=,low,rand 3,results/folktexts/0-variations/model-Qwen--Qwen2-7B-Instruct/Qwen--Qwen2-7B-Instruct_task-ACSIncome/Qwen--Qwen2-7B-Instruct_bench-1022485077/results.bench-1022485077.json,results/folktexts/0-variations/model-Qwen--Qwen2-7B-Instruct/Qwen--Qwen2-7B-Instruct_task-ACSIncome/Qwen--Qwen2-7B-Instruct_bench-2305405046/ACSIncome_full_seed-42_hash-1998608642.test_predictions.csv
ACSIncome,Qwen--Qwen2-7B-Instruct,1,1,0.20121951219512196,0.7294562931811355,3637998294,0,text,=,original, reversed,results/folktexts/0-variations/model-Qwen--Qwen2-7B-Instruct/Qwen--Qwen2-7B-Instruct_task-ACSIncome/Qwen--Qwen2-7B-Instruct_bench-3637998294/results.bench-3637998294.json,results/folktexts/0-variations/model-Qwen--Qwen2-7B-Instruct/Qwen--Qwen2-7B-Instruct_task-ACSIncome/Qwen--Qwen2-7B-Instruct_bench-3070640740/ACSIncome_full_seed-42_hash-1998608642.test_predictions.csv
ACSIncome,Qwen--Qwen2-7B-Instruct,1,1,0.5622119815668203,0.7596335235806548,3363617267,0,comma,is,original, reversed,results/folktexts/0-variations/model-Qwen--Qwen2-7B-Instruct/Qwen--Qwen2-7B-Instruct_task-ACSIncome/Qwen--Qwen2-7B-Instruct_bench-3363617267/results.bench-3363617267.json,results/folktexts/0-variations/model-Qwen--Qwen2-7B-Instruct/Qwen--Qwen2-7B-Instruct_task-ACSIncome/Qwen--Qwen2-7B-Instruct_bench-3629565120/ACSIncome_full_seed-42_hash-1998608642.test_predictions.csv
ACSIncome,Qwen--Qwen2-7B-Instruct,1,1,0.6513911620294599,0.7551697206368279,774188024,0,comma,:,low,rand 3,results/folktexts/0-variations/model-Qwen--Qwen2-7B-Instruct/Qwen--Qwen2-7B-Instruct_task-ACSIncome/Qwen--Qwen2-7B-Instruct_bench-774188024/results.bench-774188024.json,results/folktexts/0-variations/model-Qwen--Qwen2-7B-Instruct/Qwen--Qwen2-7B-Instruct_task-ACSIncome/Qwen--Qwen2-7B-Instruct_bench-1661402150/ACSIncome_full_seed-42_hash-1998608642.test_predictions.csv
ACSIncome,Qwen--Qwen2-7B-Instruct,1,1,0.133428981348637,0.7679002703514569,3386609856,0,bullet,is,original,default,results/folktexts/0-variations/model-Qwen--Qwen2-7B-Instruct/Qwen--Qwen2-7B-Instruct_task-ACSIncome/Qwen--Qwen2-7B-Instruct_bench-3386609856/results.bench-3386609856.json,results/folktexts/0-variations/model-Qwen--Qwen2-7B-Instruct/Qwen--Qwen2-7B-Instruct_task-ACSIncome/Qwen--Qwen2-7B-Instruct_bench-1026912722/ACSIncome_full_seed-42_hash-1998608642.test_predictions.csv
ACSIncome,Qwen--Qwen2-7B-Instruct,1,1,0.1827956989247312,0.7415379993992189,85888627,0,bullet,=,low,rand 1,results/folktexts/0-variations/model-Qwen--Qwen2-7B-Instruct/Qwen--Qwen2-7B-Instruct_task-ACSIncome/Qwen--Qwen2-7B-Instruct_bench-85888627/results.bench-85888627.json,results/folktexts/0-variations/model-Qwen--Qwen2-7B-Instruct/Qwen--Qwen2-7B-Instruct_task-ACSIncome/Qwen--Qwen2-7B-Instruct_bench-1886794711/ACSIncome_full_seed-42_hash-1998608642.test_predictions.csv
ACSIncome,Qwen--Qwen2-7B-Instruct,1,1,0.1483050847457627,0.7604025232802644,2204375762,0,text,is,original,rand 3,results/folktexts/0-variations/model-Qwen--Qwen2-7B-Instruct/Qwen--Qwen2-7B-Instruct_task-ACSIncome/Qwen--Qwen2-7B-Instruct_bench-2204375762/results.bench-2204375762.json,results/folktexts/0-variations/model-Qwen--Qwen2-7B-Instruct/Qwen--Qwen2-7B-Instruct_task-ACSIncome/Qwen--Qwen2-7B-Instruct_bench-1865386343/ACSIncome_full_seed-42_hash-1998608642.test_predictions.csv
ACSIncome,Qwen--Qwen2-7B-Instruct,1,1,0.32057416267942584,0.7637008110543707,365742691,0,text,:,original,rand 3,results/folktexts/0-variations/model-Qwen--Qwen2-7B-Instruct/Qwen--Qwen2-7B-Instruct_task-ACSIncome/Qwen--Qwen2-7B-Instruct_bench-365742691/results.bench-365742691.json,results/folktexts/0-variations/model-Qwen--Qwen2-7B-Instruct/Qwen--Qwen2-7B-Instruct_task-ACSIncome/Qwen--Qwen2-7B-Instruct_bench-3941290308/ACSIncome_full_seed-42_hash-1998608642.test_predictions.csv
ACSIncome,Qwen--Qwen2-7B-Instruct,1,1,0.24472049689440994,0.7595253829978973,2754531518,0,bullet,=,original,rand 1,results/folktexts/0-variations/model-Qwen--Qwen2-7B-Instruct/Qwen--Qwen2-7B-Instruct_task-ACSIncome/Qwen--Qwen2-7B-Instruct_bench-2754531518/results.bench-2754531518.json,results/folktexts/0-variations/model-Qwen--Qwen2-7B-Instruct/Qwen--Qwen2-7B-Instruct_task-ACSIncome/Qwen--Qwen2-7B-Instruct_bench-2865243917/ACSIncome_full_seed-42_hash-1998608642.test_predictions.csv
ACSIncome,Qwen--Qwen2-7B-Instruct,1,1,0.2935672514619883,0.7717392610393512,3241703712,0,text,=,original,rand 3,results/folktexts/0-variations/model-Qwen--Qwen2-7B-Instruct/Qwen--Qwen2-7B-Instruct_task-ACSIncome/Qwen--Qwen2-7B-Instruct_bench-3241703712/results.bench-3241703712.json,results/folktexts/0-variations/model-Qwen--Qwen2-7B-Instruct/Qwen--Qwen2-7B-Instruct_task-ACSIncome/Qwen--Qwen2-7B-Instruct_bench-926550782/ACSIncome_full_seed-42_hash-1998608642.test_predictions.csv
ACSIncome,Qwen--Qwen2-7B-Instruct,1,1,0.6793103448275862,0.741658155602283,2315393801,0,comma,=,low,rand 1,results/folktexts/0-variations/model-Qwen--Qwen2-7B-Instruct/Qwen--Qwen2-7B-Instruct_task-ACSIncome/Qwen--Qwen2-7B-Instruct_bench-2315393801/results.bench-2315393801.json,results/folktexts/0-variations/model-Qwen--Qwen2-7B-Instruct/Qwen--Qwen2-7B-Instruct_task-ACSIncome/Qwen--Qwen2-7B-Instruct_bench-861324675/ACSIncome_full_seed-42_hash-1998608642.test_predictions.csv
ACSIncome,Qwen--Qwen2-7B-Instruct,1,1,0.20156555772994128,0.7562391108440973,2144919311,0,text,is,original, reversed,results/folktexts/0-variations/model-Qwen--Qwen2-7B-Instruct/Qwen--Qwen2-7B-Instruct_task-ACSIncome/Qwen--Qwen2-7B-Instruct_bench-2144919311/results.bench-2144919311.json,results/folktexts/0-variations/model-Qwen--Qwen2-7B-Instruct/Qwen--Qwen2-7B-Instruct_task-ACSIncome/Qwen--Qwen2-7B-Instruct_bench-3811814182/ACSIncome_full_seed-42_hash-1998608642.test_predictions.csv
ACSIncome,Qwen--Qwen2-7B-Instruct,1,1,0.7977369165487977,0.7321838389906878,8875200,0,comma,=,low, reversed,results/folktexts/0-variations/model-Qwen--Qwen2-7B-Instruct/Qwen--Qwen2-7B-Instruct_task-ACSIncome/Qwen--Qwen2-7B-Instruct_bench-8875200/results.bench-8875200.json,results/folktexts/0-variations/model-Qwen--Qwen2-7B-Instruct/Qwen--Qwen2-7B-Instruct_task-ACSIncome/Qwen--Qwen2-7B-Instruct_bench-4206403408/ACSIncome_full_seed-42_hash-1998608642.test_predictions.csv
ACSIncome,Qwen--Qwen2-7B-Instruct,1,1,0.2018348623853211,0.7661099429258036,3505927491,0,bullet,=,original,default,results/folktexts/0-variations/model-Qwen--Qwen2-7B-Instruct/Qwen--Qwen2-7B-Instruct_task-ACSIncome/Qwen--Qwen2-7B-Instruct_bench-3505927491/results.bench-3505927491.json,results/folktexts/0-variations/model-Qwen--Qwen2-7B-Instruct/Qwen--Qwen2-7B-Instruct_task-ACSIncome/Qwen--Qwen2-7B-Instruct_bench-1352975379/ACSIncome_full_seed-42_hash-1998608642.test_predictions.csv
ACSIncome,Qwen--Qwen2-7B-Instruct,1,1,0.43884892086330934,0.7462841694202463,1503085542,0,bullet,:,original,rand 2,results/folktexts/0-variations/model-Qwen--Qwen2-7B-Instruct/Qwen--Qwen2-7B-Instruct_task-ACSIncome/Qwen--Qwen2-7B-Instruct_bench-1503085542/results.bench-1503085542.json,results/folktexts/0-variations/model-Qwen--Qwen2-7B-Instruct/Qwen--Qwen2-7B-Instruct_task-ACSIncome/Qwen--Qwen2-7B-Instruct_bench-4165786289/ACSIncome_full_seed-42_hash-1998608642.test_predictions.csv
ACSIncome,Qwen--Qwen2-7B-Instruct,1,1,0.5920826161790017,0.754238510063082,537895833,0,comma,is,low,default,results/folktexts/0-variations/model-Qwen--Qwen2-7B-Instruct/Qwen--Qwen2-7B-Instruct_task-ACSIncome/Qwen--Qwen2-7B-Instruct_bench-537895833/results.bench-537895833.json,results/folktexts/0-variations/model-Qwen--Qwen2-7B-Instruct/Qwen--Qwen2-7B-Instruct_task-ACSIncome/Qwen--Qwen2-7B-Instruct_bench-3500656989/ACSIncome_full_seed-42_hash-1998608642.test_predictions.csv
ACSIncome,Qwen--Qwen2-7B-Instruct,1,1,0.29328621908127206,0.7269029738660259,4121240463,0,text,:,low,rand 3,results/folktexts/0-variations/model-Qwen--Qwen2-7B-Instruct/Qwen--Qwen2-7B-Instruct_task-ACSIncome/Qwen--Qwen2-7B-Instruct_bench-4121240463/results.bench-4121240463.json,results/folktexts/0-variations/model-Qwen--Qwen2-7B-Instruct/Qwen--Qwen2-7B-Instruct_task-ACSIncome/Qwen--Qwen2-7B-Instruct_bench-3745238945/ACSIncome_full_seed-42_hash-1998608642.test_predictions.csv
ACSIncome,Qwen--Qwen2-7B-Instruct,1,1,0.148,0.7313607689996996,10796471,0,bullet,is,low,rand 1,results/folktexts/0-variations/model-Qwen--Qwen2-7B-Instruct/Qwen--Qwen2-7B-Instruct_task-ACSIncome/Qwen--Qwen2-7B-Instruct_bench-10796471/results.bench-10796471.json,results/folktexts/0-variations/model-Qwen--Qwen2-7B-Instruct/Qwen--Qwen2-7B-Instruct_task-ACSIncome/Qwen--Qwen2-7B-Instruct_bench-2379154644/ACSIncome_full_seed-42_hash-1998608642.test_predictions.csv
ACSIncome,Qwen--Qwen2-7B-Instruct,1,1,0.5929203539823009,0.7215740462601382,1091386526,0,comma,:,low, reversed,results/folktexts/0-variations/model-Qwen--Qwen2-7B-Instruct/Qwen--Qwen2-7B-Instruct_task-ACSIncome/Qwen--Qwen2-7B-Instruct_bench-1091386526/results.bench-1091386526.json,results/folktexts/0-variations/model-Qwen--Qwen2-7B-Instruct/Qwen--Qwen2-7B-Instruct_task-ACSIncome/Qwen--Qwen2-7B-Instruct_bench-4133927264/ACSIncome_full_seed-42_hash-1998608642.test_predictions.csv
ACSIncome,Qwen--Qwen2-7B-Instruct,1,1,0.14811849479583666,0.7521778311805347,4104767498,0,bullet,is,low,rand 3,results/folktexts/0-variations/model-Qwen--Qwen2-7B-Instruct/Qwen--Qwen2-7B-Instruct_task-ACSIncome/Qwen--Qwen2-7B-Instruct_bench-4104767498/results.bench-4104767498.json,results/folktexts/0-variations/model-Qwen--Qwen2-7B-Instruct/Qwen--Qwen2-7B-Instruct_task-ACSIncome/Qwen--Qwen2-7B-Instruct_bench-3347341842/ACSIncome_full_seed-42_hash-1998608642.test_predictions.csv
ACSIncome,Qwen--Qwen2-7B-Instruct,1,1,0.377431906614786,0.764433763893061,2285788069,0,bullet,:,original,rand 1,results/folktexts/0-variations/model-Qwen--Qwen2-7B-Instruct/Qwen--Qwen2-7B-Instruct_task-ACSIncome/Qwen--Qwen2-7B-Instruct_bench-2285788069/results.bench-2285788069.json,results/folktexts/0-variations/model-Qwen--Qwen2-7B-Instruct/Qwen--Qwen2-7B-Instruct_task-ACSIncome/Qwen--Qwen2-7B-Instruct_bench-84970711/ACSIncome_full_seed-42_hash-1998608642.test_predictions.csv
ACSIncome,Qwen--Qwen2-7B-Instruct,1,1,0.2689075630252101,0.7384980474617002,2326166158,0,text,=,low,rand 3,results/folktexts/0-variations/model-Qwen--Qwen2-7B-Instruct/Qwen--Qwen2-7B-Instruct_task-ACSIncome/Qwen--Qwen2-7B-Instruct_bench-2326166158/results.bench-2326166158.json,results/folktexts/0-variations/model-Qwen--Qwen2-7B-Instruct/Qwen--Qwen2-7B-Instruct_task-ACSIncome/Qwen--Qwen2-7B-Instruct_bench-3485353314/ACSIncome_full_seed-42_hash-1998608642.test_predictions.csv
ACSIncome,Qwen--Qwen2-7B-Instruct,1,1,0.20160481444332998,0.7365635325923701,617292198,0,text,is,low,rand 3,results/folktexts/0-variations/model-Qwen--Qwen2-7B-Instruct/Qwen--Qwen2-7B-Instruct_task-ACSIncome/Qwen--Qwen2-7B-Instruct_bench-617292198/results.bench-617292198.json,results/folktexts/0-variations/model-Qwen--Qwen2-7B-Instruct/Qwen--Qwen2-7B-Instruct_task-ACSIncome/Qwen--Qwen2-7B-Instruct_bench-1542071849/ACSIncome_full_seed-42_hash-1998608642.test_predictions.csv
ACSIncome,Qwen--Qwen2-7B-Instruct,1,1,0.40711462450592883,0.7397957344547912,3103135745,0,bullet,:,low, reversed,results/folktexts/0-variations/model-Qwen--Qwen2-7B-Instruct/Qwen--Qwen2-7B-Instruct_task-ACSIncome/Qwen--Qwen2-7B-Instruct_bench-3103135745/results.bench-3103135745.json,results/folktexts/0-variations/model-Qwen--Qwen2-7B-Instruct/Qwen--Qwen2-7B-Instruct_task-ACSIncome/Qwen--Qwen2-7B-Instruct_bench-1433540716/ACSIncome_full_seed-42_hash-1998608642.test_predictions.csv
ACSIncome,Qwen--Qwen2-7B-Instruct,1,1,0.46875,0.7537278462000601,1704583193,0,comma,is,low,rand 3,results/folktexts/0-variations/model-Qwen--Qwen2-7B-Instruct/Qwen--Qwen2-7B-Instruct_task-ACSIncome/Qwen--Qwen2-7B-Instruct_bench-1704583193/results.bench-1704583193.json,results/folktexts/0-variations/model-Qwen--Qwen2-7B-Instruct/Qwen--Qwen2-7B-Instruct_task-ACSIncome/Qwen--Qwen2-7B-Instruct_bench-2668452413/ACSIncome_full_seed-42_hash-1998608642.test_predictions.csv
ACSIncome,Qwen--Qwen2-7B-Instruct,1,1,0.24563445867287545,0.7634665064583959,3929218180,0,bullet,=,low,rand 3,results/folktexts/0-variations/model-Qwen--Qwen2-7B-Instruct/Qwen--Qwen2-7B-Instruct_task-ACSIncome/Qwen--Qwen2-7B-Instruct_bench-3929218180/results.bench-3929218180.json,results/folktexts/0-variations/model-Qwen--Qwen2-7B-Instruct/Qwen--Qwen2-7B-Instruct_task-ACSIncome/Qwen--Qwen2-7B-Instruct_bench-3268069541/ACSIncome_full_seed-42_hash-1998608642.test_predictions.csv
ACSIncome,Qwen--Qwen2.5-72B,0,1,0.4065040650406504,0.7607329528386902,2418803486,0,text,:,low,default,results/folktexts/0-variations/model-Qwen--Qwen2.5-72B/Qwen--Qwen2.5-72B_task-ACSIncome/Qwen--Qwen2.5-72B_bench-2418803486/results.bench-2418803486.json,results/folktexts/0-variations/model-Qwen--Qwen2.5-72B/Qwen--Qwen2.5-72B_task-ACSIncome/Qwen--Qwen2.5-72B_bench-494516374/ACSIncome_full_seed-42_hash-1998608642.test_predictions.csv
ACSIncome,Qwen--Qwen2.5-72B,0,1,0.4677871148459384,0.7805226794833283,3075548122,0,text,:,original, reversed,results/folktexts/0-variations/model-Qwen--Qwen2.5-72B/Qwen--Qwen2.5-72B_task-ACSIncome/Qwen--Qwen2.5-72B_bench-3075548122/results.bench-3075548122.json,results/folktexts/0-variations/model-Qwen--Qwen2.5-72B/Qwen--Qwen2.5-72B_task-ACSIncome/Qwen--Qwen2.5-72B_bench-3115435245/ACSIncome_full_seed-42_hash-1998608642.test_predictions.csv
ACSIncome,Qwen--Qwen2.5-72B,0,1,0.29444444444444445,0.7470111144487834,1586964208,0,text,:,original,rand 1,results/folktexts/0-variations/model-Qwen--Qwen2.5-72B/Qwen--Qwen2.5-72B_task-ACSIncome/Qwen--Qwen2.5-72B_bench-1586964208/results.bench-1586964208.json,results/folktexts/0-variations/model-Qwen--Qwen2.5-72B/Qwen--Qwen2.5-72B_task-ACSIncome/Qwen--Qwen2.5-72B_bench-4162856917/ACSIncome_full_seed-42_hash-1998608642.test_predictions.csv
ACSIncome,Qwen--Qwen2.5-72B,0,1,0.436950146627566,0.7854791228597177,162675388,0,text,=,original,rand 2,results/folktexts/0-variations/model-Qwen--Qwen2.5-72B/Qwen--Qwen2.5-72B_task-ACSIncome/Qwen--Qwen2.5-72B_bench-162675388/results.bench-162675388.json,results/folktexts/0-variations/model-Qwen--Qwen2.5-72B/Qwen--Qwen2.5-72B_task-ACSIncome/Qwen--Qwen2.5-72B_bench-4174824564/ACSIncome_full_seed-42_hash-1998608642.test_predictions.csv
ACSIncome,Qwen--Qwen2.5-72B,0,1,0.3489827856025039,0.7659957945328928,3634866330,0,bullet,=,original, reversed,results/folktexts/0-variations/model-Qwen--Qwen2.5-72B/Qwen--Qwen2.5-72B_task-ACSIncome/Qwen--Qwen2.5-72B_bench-3634866330/results.bench-3634866330.json,results/folktexts/0-variations/model-Qwen--Qwen2.5-72B/Qwen--Qwen2.5-72B_task-ACSIncome/Qwen--Qwen2.5-72B_bench-2553207657/ACSIncome_full_seed-42_hash-1998608642.test_predictions.csv
ACSIncome,Qwen--Qwen2.5-72B,0,1,0.40607734806629836,0.7679903875037549,2529694792,0,comma,is,original,rand 1,results/folktexts/0-variations/model-Qwen--Qwen2.5-72B/Qwen--Qwen2.5-72B_task-ACSIncome/Qwen--Qwen2.5-72B_bench-2529694792/results.bench-2529694792.json,results/folktexts/0-variations/model-Qwen--Qwen2.5-72B/Qwen--Qwen2.5-72B_task-ACSIncome/Qwen--Qwen2.5-72B_bench-3923980881/ACSIncome_full_seed-42_hash-1998608642.test_predictions.csv
ACSIncome,Qwen--Qwen2.5-72B,0,1,0.3767123287671233,0.7488254731150495,1873887772,0,bullet,is,low, reversed,results/folktexts/0-variations/model-Qwen--Qwen2.5-72B/Qwen--Qwen2.5-72B_task-ACSIncome/Qwen--Qwen2.5-72B_bench-1873887772/results.bench-1873887772.json,results/folktexts/0-variations/model-Qwen--Qwen2.5-72B/Qwen--Qwen2.5-72B_task-ACSIncome/Qwen--Qwen2.5-72B_bench-2383857988/ACSIncome_full_seed-42_hash-1998608642.test_predictions.csv
ACSIncome,Qwen--Qwen2.5-72B,0,1,0.3779264214046823,0.7585401021327726,3093273291,0,bullet,is,low,rand 1,results/folktexts/0-variations/model-Qwen--Qwen2.5-72B/Qwen--Qwen2.5-72B_task-ACSIncome/Qwen--Qwen2.5-72B_bench-3093273291/results.bench-3093273291.json,results/folktexts/0-variations/model-Qwen--Qwen2.5-72B/Qwen--Qwen2.5-72B_task-ACSIncome/Qwen--Qwen2.5-72B_bench-3569948830/ACSIncome_full_seed-42_hash-1998608642.test_predictions.csv
ACSIncome,Qwen--Qwen2.5-72B,0,1,0.4068767908309456,0.7608050465605287,1442133679,0,text,:,low,rand 2,results/folktexts/0-variations/model-Qwen--Qwen2.5-72B/Qwen--Qwen2.5-72B_task-ACSIncome/Qwen--Qwen2.5-72B_bench-1442133679/results.bench-1442133679.json,results/folktexts/0-variations/model-Qwen--Qwen2.5-72B/Qwen--Qwen2.5-72B_task-ACSIncome/Qwen--Qwen2.5-72B_bench-74068217/ACSIncome_full_seed-42_hash-1998608642.test_predictions.csv
ACSIncome,Qwen--Qwen2.5-72B,0,1,0.46866485013623976,0.7689876839891859,3007069597,0,comma,=,low,default,results/folktexts/0-variations/model-Qwen--Qwen2.5-72B/Qwen--Qwen2.5-72B_task-ACSIncome/Qwen--Qwen2.5-72B_bench-3007069597/results.bench-3007069597.json,results/folktexts/0-variations/model-Qwen--Qwen2.5-72B/Qwen--Qwen2.5-72B_task-ACSIncome/Qwen--Qwen2.5-72B_bench-1933070244/ACSIncome_full_seed-42_hash-1998608642.test_predictions.csv
ACSIncome,Qwen--Qwen2.5-72B,0,1,0.4378531073446328,0.7829918894562932,3847894169,0,text,is,original, reversed,results/folktexts/0-variations/model-Qwen--Qwen2.5-72B/Qwen--Qwen2.5-72B_task-ACSIncome/Qwen--Qwen2.5-72B_bench-3847894169/results.bench-3847894169.json,results/folktexts/0-variations/model-Qwen--Qwen2.5-72B/Qwen--Qwen2.5-72B_task-ACSIncome/Qwen--Qwen2.5-72B_bench-3444258828/ACSIncome_full_seed-42_hash-1998608642.test_predictions.csv
ACSIncome,Qwen--Qwen2.5-72B,0,1,0.4386422976501306,0.7623670772003605,371308452,0,comma,:,low,default,results/folktexts/0-variations/model-Qwen--Qwen2.5-72B/Qwen--Qwen2.5-72B_task-ACSIncome/Qwen--Qwen2.5-72B_bench-371308452/results.bench-371308452.json,results/folktexts/0-variations/model-Qwen--Qwen2.5-72B/Qwen--Qwen2.5-72B_task-ACSIncome/Qwen--Qwen2.5-72B_bench-2800417027/ACSIncome_full_seed-42_hash-1998608642.test_predictions.csv
ACSIncome,Qwen--Qwen2.5-72B,0,1,0.26988265971316816,0.7433703814959447,511093327,0,text,=,original,rand 1,results/folktexts/0-variations/model-Qwen--Qwen2.5-72B/Qwen--Qwen2.5-72B_task-ACSIncome/Qwen--Qwen2.5-72B_bench-511093327/results.bench-511093327.json,results/folktexts/0-variations/model-Qwen--Qwen2.5-72B/Qwen--Qwen2.5-72B_task-ACSIncome/Qwen--Qwen2.5-72B_bench-2023642918/ACSIncome_full_seed-42_hash-1998608642.test_predictions.csv
ACSIncome,Qwen--Qwen2.5-72B,0,1,0.3768352365415987,0.7738960648843497,1980195982,0,bullet,:,original,rand 2,results/folktexts/0-variations/model-Qwen--Qwen2.5-72B/Qwen--Qwen2.5-72B_task-ACSIncome/Qwen--Qwen2.5-72B_bench-1980195982/results.bench-1980195982.json,results/folktexts/0-variations/model-Qwen--Qwen2.5-72B/Qwen--Qwen2.5-72B_task-ACSIncome/Qwen--Qwen2.5-72B_bench-579026058/ACSIncome_full_seed-42_hash-1998608642.test_predictions.csv
ACSIncome,Qwen--Qwen2.5-72B,0,1,0.2690513219284603,0.7713066987083208,3432214296,0,bullet,is,original,rand 3,results/folktexts/0-variations/model-Qwen--Qwen2.5-72B/Qwen--Qwen2.5-72B_task-ACSIncome/Qwen--Qwen2.5-72B_bench-3432214296/results.bench-3432214296.json,results/folktexts/0-variations/model-Qwen--Qwen2.5-72B/Qwen--Qwen2.5-72B_task-ACSIncome/Qwen--Qwen2.5-72B_bench-2388659029/ACSIncome_full_seed-42_hash-1998608642.test_predictions.csv
ACSIncome,Qwen--Qwen2.5-72B,0,1,0.34824281150159747,0.7543766896966055,942932316,0,bullet,=,low,rand 3,results/folktexts/0-variations/model-Qwen--Qwen2.5-72B/Qwen--Qwen2.5-72B_task-ACSIncome/Qwen--Qwen2.5-72B_bench-942932316/results.bench-942932316.json,results/folktexts/0-variations/model-Qwen--Qwen2.5-72B/Qwen--Qwen2.5-72B_task-ACSIncome/Qwen--Qwen2.5-72B_bench-3622976897/ACSIncome_full_seed-42_hash-1998608642.test_predictions.csv
ACSIncome,Qwen--Qwen2.5-72B,0,1,0.3205574912891986,0.7547431661159507,1343828020,0,bullet,=,original,rand 1,results/folktexts/0-variations/model-Qwen--Qwen2.5-72B/Qwen--Qwen2.5-72B_task-ACSIncome/Qwen--Qwen2.5-72B_bench-1343828020/results.bench-1343828020.json,results/folktexts/0-variations/model-Qwen--Qwen2.5-72B/Qwen--Qwen2.5-72B_task-ACSIncome/Qwen--Qwen2.5-72B_bench-4039990174/ACSIncome_full_seed-42_hash-1998608642.test_predictions.csv
ACSIncome,Qwen--Qwen2.5-72B,0,1,0.3490304709141274,0.7503334334635026,658078863,0,text,=,low,default,results/folktexts/0-variations/model-Qwen--Qwen2.5-72B/Qwen--Qwen2.5-72B_task-ACSIncome/Qwen--Qwen2.5-72B_bench-658078863/results.bench-658078863.json,results/folktexts/0-variations/model-Qwen--Qwen2.5-72B/Qwen--Qwen2.5-72B_task-ACSIncome/Qwen--Qwen2.5-72B_bench-2302378979/ACSIncome_full_seed-42_hash-1998608642.test_predictions.csv
ACSIncome,Qwen--Qwen2.5-72B,0,1,0.4376731301939058,0.7555842595373986,1955908166,0,comma,=,low,rand 2,results/folktexts/0-variations/model-Qwen--Qwen2.5-72B/Qwen--Qwen2.5-72B_task-ACSIncome/Qwen--Qwen2.5-72B_bench-1955908166/results.bench-1955908166.json,results/folktexts/0-variations/model-Qwen--Qwen2.5-72B/Qwen--Qwen2.5-72B_task-ACSIncome/Qwen--Qwen2.5-72B_bench-1840255657/ACSIncome_full_seed-42_hash-1998608642.test_predictions.csv
ACSIncome,Qwen--Qwen2.5-72B,0,1,0.4376657824933687,0.7811354761189546,349342013,0,text,=,original, reversed,results/folktexts/0-variations/model-Qwen--Qwen2.5-72B/Qwen--Qwen2.5-72B_task-ACSIncome/Qwen--Qwen2.5-72B_bench-349342013/results.bench-349342013.json,results/folktexts/0-variations/model-Qwen--Qwen2.5-72B/Qwen--Qwen2.5-72B_task-ACSIncome/Qwen--Qwen2.5-72B_bench-3011179657/ACSIncome_full_seed-42_hash-1998608642.test_predictions.csv
ACSIncome,Qwen--Qwen2.5-72B,0,1,0.37669376693766937,0.7810213277260438,3563938836,0,text,:,original,default,results/folktexts/0-variations/model-Qwen--Qwen2.5-72B/Qwen--Qwen2.5-72B_task-ACSIncome/Qwen--Qwen2.5-72B_bench-3563938836/results.bench-3563938836.json,results/folktexts/0-variations/model-Qwen--Qwen2.5-72B/Qwen--Qwen2.5-72B_task-ACSIncome/Qwen--Qwen2.5-72B_bench-3506487689/ACSIncome_full_seed-42_hash-1998608642.test_predictions.csv
ACSIncome,Qwen--Qwen2.5-72B,0,1,0.37799043062200954,0.7749053769900871,1330870942,0,bullet,:,original, reversed,results/folktexts/0-variations/model-Qwen--Qwen2.5-72B/Qwen--Qwen2.5-72B_task-ACSIncome/Qwen--Qwen2.5-72B_bench-1330870942/results.bench-1330870942.json,results/folktexts/0-variations/model-Qwen--Qwen2.5-72B/Qwen--Qwen2.5-72B_task-ACSIncome/Qwen--Qwen2.5-72B_bench-722176765/ACSIncome_full_seed-42_hash-1998608642.test_predictions.csv
ACSIncome,Qwen--Qwen2.5-72B,0,1,0.3776223776223776,0.7541664163412436,826502468,0,bullet,=,low, reversed,results/folktexts/0-variations/model-Qwen--Qwen2.5-72B/Qwen--Qwen2.5-72B_task-ACSIncome/Qwen--Qwen2.5-72B_bench-826502468/results.bench-826502468.json,results/folktexts/0-variations/model-Qwen--Qwen2.5-72B/Qwen--Qwen2.5-72B_task-ACSIncome/Qwen--Qwen2.5-72B_bench-1842561414/ACSIncome_full_seed-42_hash-1998608642.test_predictions.csv
ACSIncome,Qwen--Qwen2.5-72B,0,1,0.24538258575197888,0.7350195253829979,353802216,0,text,is,original,rand 1,results/folktexts/0-variations/model-Qwen--Qwen2.5-72B/Qwen--Qwen2.5-72B_task-ACSIncome/Qwen--Qwen2.5-72B_bench-353802216/results.bench-353802216.json,results/folktexts/0-variations/model-Qwen--Qwen2.5-72B/Qwen--Qwen2.5-72B_task-ACSIncome/Qwen--Qwen2.5-72B_bench-1210762012/ACSIncome_full_seed-42_hash-1998608642.test_predictions.csv
ACSIncome,Qwen--Qwen2.5-72B,0,1,0.4068767908309456,0.7642475217783118,2045895740,0,text,is,low,default,results/folktexts/0-variations/model-Qwen--Qwen2.5-72B/Qwen--Qwen2.5-72B_task-ACSIncome/Qwen--Qwen2.5-72B_bench-2045895740/results.bench-2045895740.json,results/folktexts/0-variations/model-Qwen--Qwen2.5-72B/Qwen--Qwen2.5-72B_task-ACSIncome/Qwen--Qwen2.5-72B_bench-4093592973/ACSIncome_full_seed-42_hash-1998608642.test_predictions.csv
ACSIncome,Qwen--Qwen2.5-72B,0,1,0.3489655172413793,0.7542264944427756,2690995962,0,comma,is,low,rand 3,results/folktexts/0-variations/model-Qwen--Qwen2.5-72B/Qwen--Qwen2.5-72B_task-ACSIncome/Qwen--Qwen2.5-72B_bench-2690995962/results.bench-2690995962.json,results/folktexts/0-variations/model-Qwen--Qwen2.5-72B/Qwen--Qwen2.5-72B_task-ACSIncome/Qwen--Qwen2.5-72B_bench-2022546745/ACSIncome_full_seed-42_hash-1998608642.test_predictions.csv
ACSIncome,Qwen--Qwen2.5-72B,0,1,0.46839080459770116,0.7514929408230699,2247758278,0,comma,=,low, reversed,results/folktexts/0-variations/model-Qwen--Qwen2.5-72B/Qwen--Qwen2.5-72B_task-ACSIncome/Qwen--Qwen2.5-72B_bench-2247758278/results.bench-2247758278.json,results/folktexts/0-variations/model-Qwen--Qwen2.5-72B/Qwen--Qwen2.5-72B_task-ACSIncome/Qwen--Qwen2.5-72B_bench-1490273755/ACSIncome_full_seed-42_hash-1998608642.test_predictions.csv
ACSIncome,Qwen--Qwen2.5-72B,0,1,0.4072727272727273,0.7693000901171523,4197308044,0,bullet,=,low,rand 2,results/folktexts/0-variations/model-Qwen--Qwen2.5-72B/Qwen--Qwen2.5-72B_task-ACSIncome/Qwen--Qwen2.5-72B_bench-4197308044/results.bench-4197308044.json,results/folktexts/0-variations/model-Qwen--Qwen2.5-72B/Qwen--Qwen2.5-72B_task-ACSIncome/Qwen--Qwen2.5-72B_bench-2626745327/ACSIncome_full_seed-42_hash-1998608642.test_predictions.csv
ACSIncome,Qwen--Qwen2.5-72B,0,1,0.3496143958868895,0.7558846500450586,623170834,0,text,is,low,rand 3,results/folktexts/0-variations/model-Qwen--Qwen2.5-72B/Qwen--Qwen2.5-72B_task-ACSIncome/Qwen--Qwen2.5-72B_bench-623170834/results.bench-623170834.json,results/folktexts/0-variations/model-Qwen--Qwen2.5-72B/Qwen--Qwen2.5-72B_task-ACSIncome/Qwen--Qwen2.5-72B_bench-2750825370/ACSIncome_full_seed-42_hash-1998608642.test_predictions.csv
ACSIncome,Qwen--Qwen2.5-72B,0,1,0.40668523676880225,0.7619104836287174,1548497545,0,text,is,low,rand 1,results/folktexts/0-variations/model-Qwen--Qwen2.5-72B/Qwen--Qwen2.5-72B_task-ACSIncome/Qwen--Qwen2.5-72B_bench-1548497545/results.bench-1548497545.json,results/folktexts/0-variations/model-Qwen--Qwen2.5-72B/Qwen--Qwen2.5-72B_task-ACSIncome/Qwen--Qwen2.5-72B_bench-1432894106/ACSIncome_full_seed-42_hash-1998608642.test_predictions.csv
ACSIncome,Qwen--Qwen2.5-72B,0,1,0.4679144385026738,0.7608591168519074,2595321563,0,comma,=,low,rand 1,results/folktexts/0-variations/model-Qwen--Qwen2.5-72B/Qwen--Qwen2.5-72B_task-ACSIncome/Qwen--Qwen2.5-72B_bench-2595321563/results.bench-2595321563.json,results/folktexts/0-variations/model-Qwen--Qwen2.5-72B/Qwen--Qwen2.5-72B_task-ACSIncome/Qwen--Qwen2.5-72B_bench-2115152961/ACSIncome_full_seed-42_hash-1998608642.test_predictions.csv
ACSIncome,Qwen--Qwen2.5-72B,0,1,0.2683578104138852,0.7547551817362571,2009079280,0,text,is,original,default,results/folktexts/0-variations/model-Qwen--Qwen2.5-72B/Qwen--Qwen2.5-72B_task-ACSIncome/Qwen--Qwen2.5-72B_bench-2009079280/results.bench-2009079280.json,results/folktexts/0-variations/model-Qwen--Qwen2.5-72B/Qwen--Qwen2.5-72B_task-ACSIncome/Qwen--Qwen2.5-72B_bench-1134772922/ACSIncome_full_seed-42_hash-1998608642.test_predictions.csv
ACSIncome,Qwen--Qwen2.5-72B,0,1,0.3485342019543974,0.7806908981676179,1847135271,0,bullet,=,original,default,results/folktexts/0-variations/model-Qwen--Qwen2.5-72B/Qwen--Qwen2.5-72B_task-ACSIncome/Qwen--Qwen2.5-72B_bench-1847135271/results.bench-1847135271.json,results/folktexts/0-variations/model-Qwen--Qwen2.5-72B/Qwen--Qwen2.5-72B_task-ACSIncome/Qwen--Qwen2.5-72B_bench-1172980708/ACSIncome_full_seed-42_hash-1998608642.test_predictions.csv
ACSIncome,Qwen--Qwen2.5-72B,0,1,0.29411764705882354,0.7669810753980174,816677089,0,text,is,original,rand 3,results/folktexts/0-variations/model-Qwen--Qwen2.5-72B/Qwen--Qwen2.5-72B_task-ACSIncome/Qwen--Qwen2.5-72B_bench-816677089/results.bench-816677089.json,results/folktexts/0-variations/model-Qwen--Qwen2.5-72B/Qwen--Qwen2.5-72B_task-ACSIncome/Qwen--Qwen2.5-72B_bench-2071372529/ACSIncome_full_seed-42_hash-1998608642.test_predictions.csv
ACSIncome,Qwen--Qwen2.5-72B,0,1,0.3212121212121212,0.7439591468909582,1791277442,0,bullet,:,low,default,results/folktexts/0-variations/model-Qwen--Qwen2.5-72B/Qwen--Qwen2.5-72B_task-ACSIncome/Qwen--Qwen2.5-72B_bench-1791277442/results.bench-1791277442.json,results/folktexts/0-variations/model-Qwen--Qwen2.5-72B/Qwen--Qwen2.5-72B_task-ACSIncome/Qwen--Qwen2.5-72B_bench-2490935582/ACSIncome_full_seed-42_hash-1998608642.test_predictions.csv
ACSIncome,Qwen--Qwen2.5-72B,0,1,0.4678362573099415,0.7658455992790628,1442646154,0,text,=,low, reversed,results/folktexts/0-variations/model-Qwen--Qwen2.5-72B/Qwen--Qwen2.5-72B_task-ACSIncome/Qwen--Qwen2.5-72B_bench-1442646154/results.bench-1442646154.json,results/folktexts/0-variations/model-Qwen--Qwen2.5-72B/Qwen--Qwen2.5-72B_task-ACSIncome/Qwen--Qwen2.5-72B_bench-962184170/ACSIncome_full_seed-42_hash-1998608642.test_predictions.csv
ACSIncome,Qwen--Qwen2.5-72B,0,1,0.4674922600619195,0.7618564133373386,310891593,0,comma,is,low,rand 2,results/folktexts/0-variations/model-Qwen--Qwen2.5-72B/Qwen--Qwen2.5-72B_task-ACSIncome/Qwen--Qwen2.5-72B_bench-310891593/results.bench-310891593.json,results/folktexts/0-variations/model-Qwen--Qwen2.5-72B/Qwen--Qwen2.5-72B_task-ACSIncome/Qwen--Qwen2.5-72B_bench-970125185/ACSIncome_full_seed-42_hash-1998608642.test_predictions.csv
ACSIncome,Qwen--Qwen2.5-72B,0,1,0.3776041666666667,0.7592189846800841,2262104041,0,text,:,low,rand 3,results/folktexts/0-variations/model-Qwen--Qwen2.5-72B/Qwen--Qwen2.5-72B_task-ACSIncome/Qwen--Qwen2.5-72B_bench-2262104041/results.bench-2262104041.json,results/folktexts/0-variations/model-Qwen--Qwen2.5-72B/Qwen--Qwen2.5-72B_task-ACSIncome/Qwen--Qwen2.5-72B_bench-3672100253/ACSIncome_full_seed-42_hash-1998608642.test_predictions.csv
ACSIncome,Qwen--Qwen2.5-72B,0,1,0.437125748502994,0.7786001802343046,2015696165,0,comma,is,original,rand 2,results/folktexts/0-variations/model-Qwen--Qwen2.5-72B/Qwen--Qwen2.5-72B_task-ACSIncome/Qwen--Qwen2.5-72B_bench-2015696165/results.bench-2015696165.json,results/folktexts/0-variations/model-Qwen--Qwen2.5-72B/Qwen--Qwen2.5-72B_task-ACSIncome/Qwen--Qwen2.5-72B_bench-3467677296/ACSIncome_full_seed-42_hash-1998608642.test_predictions.csv
ACSIncome,Qwen--Qwen2.5-72B,0,1,0.34959349593495936,0.7755902673475518,1520353741,0,bullet,is,original,rand 2,results/folktexts/0-variations/model-Qwen--Qwen2.5-72B/Qwen--Qwen2.5-72B_task-ACSIncome/Qwen--Qwen2.5-72B_bench-1520353741/results.bench-1520353741.json,results/folktexts/0-variations/model-Qwen--Qwen2.5-72B/Qwen--Qwen2.5-72B_task-ACSIncome/Qwen--Qwen2.5-72B_bench-2534776956/ACSIncome_full_seed-42_hash-1998608642.test_predictions.csv
ACSIncome,Qwen--Qwen2.5-72B,0,1,0.4371584699453552,0.7689696605587264,934423431,0,text,=,low,rand 1,results/folktexts/0-variations/model-Qwen--Qwen2.5-72B/Qwen--Qwen2.5-72B_task-ACSIncome/Qwen--Qwen2.5-72B_bench-934423431/results.bench-934423431.json,results/folktexts/0-variations/model-Qwen--Qwen2.5-72B/Qwen--Qwen2.5-72B_task-ACSIncome/Qwen--Qwen2.5-72B_bench-936770426/ACSIncome_full_seed-42_hash-1998608642.test_predictions.csv
ACSIncome,Qwen--Qwen2.5-72B,0,1,0.4691011235955056,0.7579273054971463,1864333638,0,comma,is,low, reversed,results/folktexts/0-variations/model-Qwen--Qwen2.5-72B/Qwen--Qwen2.5-72B_task-ACSIncome/Qwen--Qwen2.5-72B_bench-1864333638/results.bench-1864333638.json,results/folktexts/0-variations/model-Qwen--Qwen2.5-72B/Qwen--Qwen2.5-72B_task-ACSIncome/Qwen--Qwen2.5-72B_bench-2884527671/ACSIncome_full_seed-42_hash-1998608642.test_predictions.csv
ACSIncome,Qwen--Qwen2.5-72B,0,1,0.3770491803278688,0.7805707419645539,4116739193,0,comma,is,original,rand 3,results/folktexts/0-variations/model-Qwen--Qwen2.5-72B/Qwen--Qwen2.5-72B_task-ACSIncome/Qwen--Qwen2.5-72B_bench-4116739193/results.bench-4116739193.json,results/folktexts/0-variations/model-Qwen--Qwen2.5-72B/Qwen--Qwen2.5-72B_task-ACSIncome/Qwen--Qwen2.5-72B_bench-188282595/ACSIncome_full_seed-42_hash-1998608642.test_predictions.csv
ACSIncome,Qwen--Qwen2.5-72B,0,1,0.34810126582278483,0.7791649143887053,1563497863,0,bullet,:,original,default,results/folktexts/0-variations/model-Qwen--Qwen2.5-72B/Qwen--Qwen2.5-72B_task-ACSIncome/Qwen--Qwen2.5-72B_bench-1563497863/results.bench-1563497863.json,results/folktexts/0-variations/model-Qwen--Qwen2.5-72B/Qwen--Qwen2.5-72B_task-ACSIncome/Qwen--Qwen2.5-72B_bench-191590851/ACSIncome_full_seed-42_hash-1998608642.test_predictions.csv
ACSIncome,Qwen--Qwen2.5-72B,0,1,0.3490725126475548,0.7692279963953139,4140176872,0,bullet,:,original,rand 1,results/folktexts/0-variations/model-Qwen--Qwen2.5-72B/Qwen--Qwen2.5-72B_task-ACSIncome/Qwen--Qwen2.5-72B_bench-4140176872/results.bench-4140176872.json,results/folktexts/0-variations/model-Qwen--Qwen2.5-72B/Qwen--Qwen2.5-72B_task-ACSIncome/Qwen--Qwen2.5-72B_bench-4220439510/ACSIncome_full_seed-42_hash-1998608642.test_predictions.csv
ACSIncome,Qwen--Qwen2.5-72B,0,1,0.3769363166953528,0.7555482126764794,1238588994,0,bullet,:,low,rand 1,results/folktexts/0-variations/model-Qwen--Qwen2.5-72B/Qwen--Qwen2.5-72B_task-ACSIncome/Qwen--Qwen2.5-72B_bench-1238588994/results.bench-1238588994.json,results/folktexts/0-variations/model-Qwen--Qwen2.5-72B/Qwen--Qwen2.5-72B_task-ACSIncome/Qwen--Qwen2.5-72B_bench-3007011013/ACSIncome_full_seed-42_hash-1998608642.test_predictions.csv
ACSIncome,Qwen--Qwen2.5-72B,0,1,0.3770949720670391,0.7432141784319616,2045957421,0,text,is,low,rand 2,results/folktexts/0-variations/model-Qwen--Qwen2.5-72B/Qwen--Qwen2.5-72B_task-ACSIncome/Qwen--Qwen2.5-72B_bench-2045957421/results.bench-2045957421.json,results/folktexts/0-variations/model-Qwen--Qwen2.5-72B/Qwen--Qwen2.5-72B_task-ACSIncome/Qwen--Qwen2.5-72B_bench-2565620803/ACSIncome_full_seed-42_hash-1998608642.test_predictions.csv
ACSIncome,Qwen--Qwen2.5-72B,0,1,0.2939189189189189,0.7710483628717333,1339545222,0,bullet,=,original,rand 3,results/folktexts/0-variations/model-Qwen--Qwen2.5-72B/Qwen--Qwen2.5-72B_task-ACSIncome/Qwen--Qwen2.5-72B_bench-1339545222/results.bench-1339545222.json,results/folktexts/0-variations/model-Qwen--Qwen2.5-72B/Qwen--Qwen2.5-72B_task-ACSIncome/Qwen--Qwen2.5-72B_bench-827822221/ACSIncome_full_seed-42_hash-1998608642.test_predictions.csv
ACSIncome,Qwen--Qwen2.5-72B,0,1,0.3770491803278688,0.756016821868429,1351303335,0,bullet,=,low,rand 1,results/folktexts/0-variations/model-Qwen--Qwen2.5-72B/Qwen--Qwen2.5-72B_task-ACSIncome/Qwen--Qwen2.5-72B_bench-1351303335/results.bench-1351303335.json,results/folktexts/0-variations/model-Qwen--Qwen2.5-72B/Qwen--Qwen2.5-72B_task-ACSIncome/Qwen--Qwen2.5-72B_bench-277433041/ACSIncome_full_seed-42_hash-1998608642.test_predictions.csv
ACSIncome,Qwen--Qwen2.5-72B,0,1,0.29449838187702265,0.7220787023130069,218676654,0,bullet,:,low,rand 2,results/folktexts/0-variations/model-Qwen--Qwen2.5-72B/Qwen--Qwen2.5-72B_task-ACSIncome/Qwen--Qwen2.5-72B_bench-218676654/results.bench-218676654.json,results/folktexts/0-variations/model-Qwen--Qwen2.5-72B/Qwen--Qwen2.5-72B_task-ACSIncome/Qwen--Qwen2.5-72B_bench-944315897/ACSIncome_full_seed-42_hash-1998608642.test_predictions.csv
ACSIncome,Qwen--Qwen2.5-72B,0,1,0.4376657824933687,0.7599459297086212,3626018311,0,text,:,low, reversed,results/folktexts/0-variations/model-Qwen--Qwen2.5-72B/Qwen--Qwen2.5-72B_task-ACSIncome/Qwen--Qwen2.5-72B_bench-3626018311/results.bench-3626018311.json,results/folktexts/0-variations/model-Qwen--Qwen2.5-72B/Qwen--Qwen2.5-72B_task-ACSIncome/Qwen--Qwen2.5-72B_bench-2243154284/ACSIncome_full_seed-42_hash-1998608642.test_predictions.csv
ACSIncome,Qwen--Qwen2.5-72B,0,1,0.4684931506849315,0.7616761790327425,935221521,0,comma,:,low,rand 2,results/folktexts/0-variations/model-Qwen--Qwen2.5-72B/Qwen--Qwen2.5-72B_task-ACSIncome/Qwen--Qwen2.5-72B_bench-935221521/results.bench-935221521.json,results/folktexts/0-variations/model-Qwen--Qwen2.5-72B/Qwen--Qwen2.5-72B_task-ACSIncome/Qwen--Qwen2.5-72B_bench-1949294918/ACSIncome_full_seed-42_hash-1998608642.test_predictions.csv
ACSIncome,Qwen--Qwen2.5-72B,0,1,0.4071550255536627,0.7655752478221688,1465736448,0,bullet,is,low,rand 2,results/folktexts/0-variations/model-Qwen--Qwen2.5-72B/Qwen--Qwen2.5-72B_task-ACSIncome/Qwen--Qwen2.5-72B_bench-1465736448/results.bench-1465736448.json,results/folktexts/0-variations/model-Qwen--Qwen2.5-72B/Qwen--Qwen2.5-72B_task-ACSIncome/Qwen--Qwen2.5-72B_bench-883447004/ACSIncome_full_seed-42_hash-1998608642.test_predictions.csv
ACSIncome,Qwen--Qwen2.5-72B,0,1,0.43768115942028984,0.7567317512766597,3426438391,0,text,is,low, reversed,results/folktexts/0-variations/model-Qwen--Qwen2.5-72B/Qwen--Qwen2.5-72B_task-ACSIncome/Qwen--Qwen2.5-72B_bench-3426438391/results.bench-3426438391.json,results/folktexts/0-variations/model-Qwen--Qwen2.5-72B/Qwen--Qwen2.5-72B_task-ACSIncome/Qwen--Qwen2.5-72B_bench-4249175441/ACSIncome_full_seed-42_hash-1998608642.test_predictions.csv
ACSIncome,Qwen--Qwen2.5-72B,0,1,0.3774436090225564,0.7770441574046261,1550197053,0,bullet,is,original, reversed,results/folktexts/0-variations/model-Qwen--Qwen2.5-72B/Qwen--Qwen2.5-72B_task-ACSIncome/Qwen--Qwen2.5-72B_bench-1550197053/results.bench-1550197053.json,results/folktexts/0-variations/model-Qwen--Qwen2.5-72B/Qwen--Qwen2.5-72B_task-ACSIncome/Qwen--Qwen2.5-72B_bench-3134575397/ACSIncome_full_seed-42_hash-1998608642.test_predictions.csv
ACSIncome,Qwen--Qwen2.5-72B,0,1,0.34933333333333333,0.7477200360468609,3173715505,0,comma,:,low,rand 3,results/folktexts/0-variations/model-Qwen--Qwen2.5-72B/Qwen--Qwen2.5-72B_task-ACSIncome/Qwen--Qwen2.5-72B_bench-3173715505/results.bench-3173715505.json,results/folktexts/0-variations/model-Qwen--Qwen2.5-72B/Qwen--Qwen2.5-72B_task-ACSIncome/Qwen--Qwen2.5-72B_bench-416347627/ACSIncome_full_seed-42_hash-1998608642.test_predictions.csv
ACSIncome,Qwen--Qwen2.5-72B,0,1,0.4375,0.7826434364674076,1499379538,0,text,:,original,rand 2,results/folktexts/0-variations/model-Qwen--Qwen2.5-72B/Qwen--Qwen2.5-72B_task-ACSIncome/Qwen--Qwen2.5-72B_bench-1499379538/results.bench-1499379538.json,results/folktexts/0-variations/model-Qwen--Qwen2.5-72B/Qwen--Qwen2.5-72B_task-ACSIncome/Qwen--Qwen2.5-72B_bench-4142051015/ACSIncome_full_seed-42_hash-1998608642.test_predictions.csv
ACSIncome,Qwen--Qwen2.5-72B,0,1,0.37681159420289856,0.7512285971763293,1765679477,0,text,=,low,rand 2,results/folktexts/0-variations/model-Qwen--Qwen2.5-72B/Qwen--Qwen2.5-72B_task-ACSIncome/Qwen--Qwen2.5-72B_bench-1765679477/results.bench-1765679477.json,results/folktexts/0-variations/model-Qwen--Qwen2.5-72B/Qwen--Qwen2.5-72B_task-ACSIncome/Qwen--Qwen2.5-72B_bench-869796578/ACSIncome_full_seed-42_hash-1998608642.test_predictions.csv
ACSIncome,Qwen--Qwen2.5-72B,0,1,0.37721518987341773,0.7795133673775909,2400128597,0,text,:,original,rand 3,results/folktexts/0-variations/model-Qwen--Qwen2.5-72B/Qwen--Qwen2.5-72B_task-ACSIncome/Qwen--Qwen2.5-72B_bench-2400128597/results.bench-2400128597.json,results/folktexts/0-variations/model-Qwen--Qwen2.5-72B/Qwen--Qwen2.5-72B_task-ACSIncome/Qwen--Qwen2.5-72B_bench-748654458/ACSIncome_full_seed-42_hash-1998608642.test_predictions.csv
ACSIncome,Qwen--Qwen2.5-72B,0,1,0.43823529411764706,0.7879723640732953,903894723,0,text,is,original,rand 2,results/folktexts/0-variations/model-Qwen--Qwen2.5-72B/Qwen--Qwen2.5-72B_task-ACSIncome/Qwen--Qwen2.5-72B_bench-903894723/results.bench-903894723.json,results/folktexts/0-variations/model-Qwen--Qwen2.5-72B/Qwen--Qwen2.5-72B_task-ACSIncome/Qwen--Qwen2.5-72B_bench-795238142/ACSIncome_full_seed-42_hash-1998608642.test_predictions.csv
ACSIncome,Qwen--Qwen2.5-72B,0,1,0.3768352365415987,0.7754220486632623,2738778095,0,bullet,=,original,rand 2,results/folktexts/0-variations/model-Qwen--Qwen2.5-72B/Qwen--Qwen2.5-72B_task-ACSIncome/Qwen--Qwen2.5-72B_bench-2738778095/results.bench-2738778095.json,results/folktexts/0-variations/model-Qwen--Qwen2.5-72B/Qwen--Qwen2.5-72B_task-ACSIncome/Qwen--Qwen2.5-72B_bench-2209437296/ACSIncome_full_seed-42_hash-1998608642.test_predictions.csv
ACSIncome,Qwen--Qwen2.5-72B,0,1,0.4375,0.7755842595373986,3209720118,0,comma,is,original, reversed,results/folktexts/0-variations/model-Qwen--Qwen2.5-72B/Qwen--Qwen2.5-72B_task-ACSIncome/Qwen--Qwen2.5-72B_bench-3209720118/results.bench-3209720118.json,results/folktexts/0-variations/model-Qwen--Qwen2.5-72B/Qwen--Qwen2.5-72B_task-ACSIncome/Qwen--Qwen2.5-72B_bench-2140048074/ACSIncome_full_seed-42_hash-1998608642.test_predictions.csv
ACSIncome,Qwen--Qwen2.5-72B,0,1,0.34789391575663026,0.7549053769900871,1377956395,0,bullet,is,low,default,results/folktexts/0-variations/model-Qwen--Qwen2.5-72B/Qwen--Qwen2.5-72B_task-ACSIncome/Qwen--Qwen2.5-72B_bench-1377956395/results.bench-1377956395.json,results/folktexts/0-variations/model-Qwen--Qwen2.5-72B/Qwen--Qwen2.5-72B_task-ACSIncome/Qwen--Qwen2.5-72B_bench-1572019001/ACSIncome_full_seed-42_hash-1998608642.test_predictions.csv
ACSIncome,Qwen--Qwen2.5-72B,0,1,0.3485540334855403,0.7845358966656654,2727194018,0,bullet,is,original,default,results/folktexts/0-variations/model-Qwen--Qwen2.5-72B/Qwen--Qwen2.5-72B_task-ACSIncome/Qwen--Qwen2.5-72B_bench-2727194018/results.bench-2727194018.json,results/folktexts/0-variations/model-Qwen--Qwen2.5-72B/Qwen--Qwen2.5-72B_task-ACSIncome/Qwen--Qwen2.5-72B_bench-2280868177/ACSIncome_full_seed-42_hash-1998608642.test_predictions.csv
ACSIncome,Qwen--Qwen2.5-72B,0,1,0.4375,0.7685190747972364,1973254053,0,bullet,:,low, reversed,results/folktexts/0-variations/model-Qwen--Qwen2.5-72B/Qwen--Qwen2.5-72B_task-ACSIncome/Qwen--Qwen2.5-72B_bench-1973254053/results.bench-1973254053.json,results/folktexts/0-variations/model-Qwen--Qwen2.5-72B/Qwen--Qwen2.5-72B_task-ACSIncome/Qwen--Qwen2.5-72B_bench-1285918063/ACSIncome_full_seed-42_hash-1998608642.test_predictions.csv
ACSIncome,Qwen--Qwen2.5-72B,0,1,0.3769230769230769,0.74910784019225,478628907,0,comma,=,low,rand 3,results/folktexts/0-variations/model-Qwen--Qwen2.5-72B/Qwen--Qwen2.5-72B_task-ACSIncome/Qwen--Qwen2.5-72B_bench-478628907/results.bench-478628907.json,results/folktexts/0-variations/model-Qwen--Qwen2.5-72B/Qwen--Qwen2.5-72B_task-ACSIncome/Qwen--Qwen2.5-72B_bench-2983540173/ACSIncome_full_seed-42_hash-1998608642.test_predictions.csv
ACSIncome,Qwen--Qwen2.5-72B,0,1,0.3780160857908847,0.7646740762991889,2993948243,0,text,=,low,rand 3,results/folktexts/0-variations/model-Qwen--Qwen2.5-72B/Qwen--Qwen2.5-72B_task-ACSIncome/Qwen--Qwen2.5-72B_bench-2993948243/results.bench-2993948243.json,results/folktexts/0-variations/model-Qwen--Qwen2.5-72B/Qwen--Qwen2.5-72B_task-ACSIncome/Qwen--Qwen2.5-72B_bench-206855587/ACSIncome_full_seed-42_hash-1998608642.test_predictions.csv
ACSIncome,Qwen--Qwen2.5-72B,0,1,0.2697095435684647,0.7606728747371583,3873319770,0,text,=,original,rand 3,results/folktexts/0-variations/model-Qwen--Qwen2.5-72B/Qwen--Qwen2.5-72B_task-ACSIncome/Qwen--Qwen2.5-72B_bench-3873319770/results.bench-3873319770.json,results/folktexts/0-variations/model-Qwen--Qwen2.5-72B/Qwen--Qwen2.5-72B_task-ACSIncome/Qwen--Qwen2.5-72B_bench-2369087178/ACSIncome_full_seed-42_hash-1998608642.test_predictions.csv
ACSIncome,Qwen--Qwen2.5-72B,0,1,0.2939297124600639,0.7736377290477621,1509593495,0,bullet,:,original,rand 3,results/folktexts/0-variations/model-Qwen--Qwen2.5-72B/Qwen--Qwen2.5-72B_task-ACSIncome/Qwen--Qwen2.5-72B_bench-1509593495/results.bench-1509593495.json,results/folktexts/0-variations/model-Qwen--Qwen2.5-72B/Qwen--Qwen2.5-72B_task-ACSIncome/Qwen--Qwen2.5-72B_bench-3380203879/ACSIncome_full_seed-42_hash-1998608642.test_predictions.csv
ACSIncome,Qwen--Qwen2.5-72B,0,1,0.3482758620689655,0.7481706218083508,3412232405,0,bullet,=,low,default,results/folktexts/0-variations/model-Qwen--Qwen2.5-72B/Qwen--Qwen2.5-72B_task-ACSIncome/Qwen--Qwen2.5-72B_bench-3412232405/results.bench-3412232405.json,results/folktexts/0-variations/model-Qwen--Qwen2.5-72B/Qwen--Qwen2.5-72B_task-ACSIncome/Qwen--Qwen2.5-72B_bench-4294370693/ACSIncome_full_seed-42_hash-1998608642.test_predictions.csv
ACSIncome,Qwen--Qwen2.5-72B,0,1,0.34846029173419774,0.7587383598678282,3581042334,0,bullet,:,low,rand 3,results/folktexts/0-variations/model-Qwen--Qwen2.5-72B/Qwen--Qwen2.5-72B_task-ACSIncome/Qwen--Qwen2.5-72B_bench-3581042334/results.bench-3581042334.json,results/folktexts/0-variations/model-Qwen--Qwen2.5-72B/Qwen--Qwen2.5-72B_task-ACSIncome/Qwen--Qwen2.5-72B_bench-3874797545/ACSIncome_full_seed-42_hash-1998608642.test_predictions.csv
ACSIncome,Qwen--Qwen2.5-72B,0,1,0.4380165289256198,0.7444998498047461,3560607086,0,comma,:,low, reversed,results/folktexts/0-variations/model-Qwen--Qwen2.5-72B/Qwen--Qwen2.5-72B_task-ACSIncome/Qwen--Qwen2.5-72B_bench-3560607086/results.bench-3560607086.json,results/folktexts/0-variations/model-Qwen--Qwen2.5-72B/Qwen--Qwen2.5-72B_task-ACSIncome/Qwen--Qwen2.5-72B_bench-1623243433/ACSIncome_full_seed-42_hash-1998608642.test_predictions.csv
ACSIncome,Qwen--Qwen2.5-72B,0,1,0.4067796610169492,0.7588044457795133,3039855308,0,text,:,low,rand 1,results/folktexts/0-variations/model-Qwen--Qwen2.5-72B/Qwen--Qwen2.5-72B_task-ACSIncome/Qwen--Qwen2.5-72B_bench-3039855308/results.bench-3039855308.json,results/folktexts/0-variations/model-Qwen--Qwen2.5-72B/Qwen--Qwen2.5-72B_task-ACSIncome/Qwen--Qwen2.5-72B_bench-1861694784/ACSIncome_full_seed-42_hash-1998608642.test_predictions.csv
ACSIncome,Qwen--Qwen2.5-72B,0,1,0.4685714285714286,0.7663802943826975,1421330268,0,comma,is,low,rand 1,results/folktexts/0-variations/model-Qwen--Qwen2.5-72B/Qwen--Qwen2.5-72B_task-ACSIncome/Qwen--Qwen2.5-72B_bench-1421330268/results.bench-1421330268.json,results/folktexts/0-variations/model-Qwen--Qwen2.5-72B/Qwen--Qwen2.5-72B_task-ACSIncome/Qwen--Qwen2.5-72B_bench-366961201/ACSIncome_full_seed-42_hash-1998608642.test_predictions.csv
ACSIncome,Qwen--Qwen2.5-72B,0,1,0.37735849056603776,0.7777410633823971,3336254351,0,comma,is,original,default,results/folktexts/0-variations/model-Qwen--Qwen2.5-72B/Qwen--Qwen2.5-72B_task-ACSIncome/Qwen--Qwen2.5-72B_bench-3336254351/results.bench-3336254351.json,results/folktexts/0-variations/model-Qwen--Qwen2.5-72B/Qwen--Qwen2.5-72B_task-ACSIncome/Qwen--Qwen2.5-72B_bench-2346861573/ACSIncome_full_seed-42_hash-1998608642.test_predictions.csv
ACSIncome,Qwen--Qwen2.5-72B,0,1,0.43733333333333335,0.7509702613397417,2386095008,0,comma,:,low,rand 1,results/folktexts/0-variations/model-Qwen--Qwen2.5-72B/Qwen--Qwen2.5-72B_task-ACSIncome/Qwen--Qwen2.5-72B_bench-2386095008/results.bench-2386095008.json,results/folktexts/0-variations/model-Qwen--Qwen2.5-72B/Qwen--Qwen2.5-72B_task-ACSIncome/Qwen--Qwen2.5-72B_bench-1474751906/ACSIncome_full_seed-42_hash-1998608642.test_predictions.csv
ACSIncome,Qwen--Qwen2.5-72B,0,1,0.3483535528596187,0.769474316611595,2141109275,0,bullet,is,original,rand 1,results/folktexts/0-variations/model-Qwen--Qwen2.5-72B/Qwen--Qwen2.5-72B_task-ACSIncome/Qwen--Qwen2.5-72B_bench-2141109275/results.bench-2141109275.json,results/folktexts/0-variations/model-Qwen--Qwen2.5-72B/Qwen--Qwen2.5-72B_task-ACSIncome/Qwen--Qwen2.5-72B_bench-2666304451/ACSIncome_full_seed-42_hash-1998608642.test_predictions.csv
ACSIncome,Qwen--Qwen2.5-72B,0,1,0.3785310734463277,0.755626314208471,3790829546,0,comma,is,low,default,results/folktexts/0-variations/model-Qwen--Qwen2.5-72B/Qwen--Qwen2.5-72B_task-ACSIncome/Qwen--Qwen2.5-72B_bench-3790829546/results.bench-3790829546.json,results/folktexts/0-variations/model-Qwen--Qwen2.5-72B/Qwen--Qwen2.5-72B_task-ACSIncome/Qwen--Qwen2.5-72B_bench-2576765427/ACSIncome_full_seed-42_hash-1998608642.test_predictions.csv
ACSIncome,Qwen--Qwen2.5-72B,0,1,0.34789391575663026,0.7585340943226194,913654751,0,bullet,is,low,rand 3,results/folktexts/0-variations/model-Qwen--Qwen2.5-72B/Qwen--Qwen2.5-72B_task-ACSIncome/Qwen--Qwen2.5-72B_bench-913654751/results.bench-913654751.json,results/folktexts/0-variations/model-Qwen--Qwen2.5-72B/Qwen--Qwen2.5-72B_task-ACSIncome/Qwen--Qwen2.5-72B_bench-3202985772/ACSIncome_full_seed-42_hash-1998608642.test_predictions.csv
ACSIncome,mistralai--Mistral-Small-24B-Instruct-2501,1,1,0.8808664259927798,0.746758786422349,3650699485,0,bullet,:,low,rand 2,results/folktexts/0-variations/model-mistralai--Mistral-Small-24B-Instruct-2501/mistralai--Mistral-Small-24B-Instruct-2501_task-ACSIncome/mistralai--Mistral-Small-24B-Instruct-2501_bench-3650699485/results.bench-3650699485.json,results/folktexts/0-variations/model-mistralai--Mistral-Small-24B-Instruct-2501/mistralai--Mistral-Small-24B-Instruct-2501_task-ACSIncome/mistralai--Mistral-Small-24B-Instruct-2501_bench-1131326502/ACSIncome_full_seed-42_hash-1998608642.test_predictions.csv
ACSIncome,mistralai--Mistral-Small-24B-Instruct-2501,1,1,0.7780678851174935,0.7576148993691799,468087161,0,bullet,is,low,rand 3,results/folktexts/0-variations/model-mistralai--Mistral-Small-24B-Instruct-2501/mistralai--Mistral-Small-24B-Instruct-2501_task-ACSIncome/mistralai--Mistral-Small-24B-Instruct-2501_bench-468087161/results.bench-468087161.json,results/folktexts/0-variations/model-mistralai--Mistral-Small-24B-Instruct-2501/mistralai--Mistral-Small-24B-Instruct-2501_task-ACSIncome/mistralai--Mistral-Small-24B-Instruct-2501_bench-2493094303/ACSIncome_full_seed-42_hash-1998608642.test_predictions.csv
ACSIncome,mistralai--Mistral-Small-24B-Instruct-2501,1,1,0.7771739130434783,0.7382337038149595,3940541757,0,text,=,low,rand 2,results/folktexts/0-variations/model-mistralai--Mistral-Small-24B-Instruct-2501/mistralai--Mistral-Small-24B-Instruct-2501_task-ACSIncome/mistralai--Mistral-Small-24B-Instruct-2501_bench-3940541757/results.bench-3940541757.json,results/folktexts/0-variations/model-mistralai--Mistral-Small-24B-Instruct-2501/mistralai--Mistral-Small-24B-Instruct-2501_task-ACSIncome/mistralai--Mistral-Small-24B-Instruct-2501_bench-1217512842/ACSIncome_full_seed-42_hash-1998608642.test_predictions.csv
ACSIncome,mistralai--Mistral-Small-24B-Instruct-2501,1,1,0.592896174863388,0.746758786422349,1736542685,0,text,:,low,rand 3,results/folktexts/0-variations/model-mistralai--Mistral-Small-24B-Instruct-2501/mistralai--Mistral-Small-24B-Instruct-2501_task-ACSIncome/mistralai--Mistral-Small-24B-Instruct-2501_bench-1736542685/results.bench-1736542685.json,results/folktexts/0-variations/model-mistralai--Mistral-Small-24B-Instruct-2501/mistralai--Mistral-Small-24B-Instruct-2501_task-ACSIncome/mistralai--Mistral-Small-24B-Instruct-2501_bench-2643934835/ACSIncome_full_seed-42_hash-1998608642.test_predictions.csv
ACSIncome,mistralai--Mistral-Small-24B-Instruct-2501,1,1,0.893048128342246,0.7624271553018924,3548243709,0,comma,=,low,default,results/folktexts/0-variations/model-mistralai--Mistral-Small-24B-Instruct-2501/mistralai--Mistral-Small-24B-Instruct-2501_task-ACSIncome/mistralai--Mistral-Small-24B-Instruct-2501_bench-3548243709/results.bench-3548243709.json,results/folktexts/0-variations/model-mistralai--Mistral-Small-24B-Instruct-2501/mistralai--Mistral-Small-24B-Instruct-2501_task-ACSIncome/mistralai--Mistral-Small-24B-Instruct-2501_bench-3934895471/ACSIncome_full_seed-42_hash-1998608642.test_predictions.csv
ACSIncome,mistralai--Mistral-Small-24B-Instruct-2501,1,1,0.8668730650154799,0.7568038449984981,1402621439,0,bullet,=,original, reversed,results/folktexts/0-variations/model-mistralai--Mistral-Small-24B-Instruct-2501/mistralai--Mistral-Small-24B-Instruct-2501_task-ACSIncome/mistralai--Mistral-Small-24B-Instruct-2501_bench-1402621439/results.bench-1402621439.json,results/folktexts/0-variations/model-mistralai--Mistral-Small-24B-Instruct-2501/mistralai--Mistral-Small-24B-Instruct-2501_task-ACSIncome/mistralai--Mistral-Small-24B-Instruct-2501_bench-3012824382/ACSIncome_full_seed-42_hash-1998608642.test_predictions.csv
ACSIncome,mistralai--Mistral-Small-24B-Instruct-2501,1,1,0.8175937904269082,0.7346470411534995,105232829,0,comma,:,low,rand 2,results/folktexts/0-variations/model-mistralai--Mistral-Small-24B-Instruct-2501/mistralai--Mistral-Small-24B-Instruct-2501_task-ACSIncome/mistralai--Mistral-Small-24B-Instruct-2501_bench-105232829/results.bench-105232829.json,results/folktexts/0-variations/model-mistralai--Mistral-Small-24B-Instruct-2501/mistralai--Mistral-Small-24B-Instruct-2501_task-ACSIncome/mistralai--Mistral-Small-24B-Instruct-2501_bench-3897406905/ACSIncome_full_seed-42_hash-1998608642.test_predictions.csv
ACSIncome,mistralai--Mistral-Small-24B-Instruct-2501,1,1,0.851877133105802,0.7818323820967258,4111148632,0,text,:,original,default,results/folktexts/0-variations/model-mistralai--Mistral-Small-24B-Instruct-2501/mistralai--Mistral-Small-24B-Instruct-2501_task-ACSIncome/mistralai--Mistral-Small-24B-Instruct-2501_bench-4111148632/results.bench-4111148632.json,results/folktexts/0-variations/model-mistralai--Mistral-Small-24B-Instruct-2501/mistralai--Mistral-Small-24B-Instruct-2501_task-ACSIncome/mistralai--Mistral-Small-24B-Instruct-2501_bench-523211169/ACSIncome_full_seed-42_hash-1998608642.test_predictions.csv
ACSIncome,mistralai--Mistral-Small-24B-Instruct-2501,1,1,0.7309644670050761,0.7476779813757886,468619237,0,bullet,:,low,default,results/folktexts/0-variations/model-mistralai--Mistral-Small-24B-Instruct-2501/mistralai--Mistral-Small-24B-Instruct-2501_task-ACSIncome/mistralai--Mistral-Small-24B-Instruct-2501_bench-468619237/results.bench-468619237.json,results/folktexts/0-variations/model-mistralai--Mistral-Small-24B-Instruct-2501/mistralai--Mistral-Small-24B-Instruct-2501_task-ACSIncome/mistralai--Mistral-Small-24B-Instruct-2501_bench-683117833/ACSIncome_full_seed-42_hash-1998608642.test_predictions.csv
ACSIncome,mistralai--Mistral-Small-24B-Instruct-2501,1,1,0.8668896321070234,0.7230579753679783,1937402498,0,comma,=,low, reversed,results/folktexts/0-variations/model-mistralai--Mistral-Small-24B-Instruct-2501/mistralai--Mistral-Small-24B-Instruct-2501_task-ACSIncome/mistralai--Mistral-Small-24B-Instruct-2501_bench-1937402498/results.bench-1937402498.json,results/folktexts/0-variations/model-mistralai--Mistral-Small-24B-Instruct-2501/mistralai--Mistral-Small-24B-Instruct-2501_task-ACSIncome/mistralai--Mistral-Small-24B-Instruct-2501_bench-1931174630/ACSIncome_full_seed-42_hash-1998608642.test_predictions.csv
ACSIncome,mistralai--Mistral-Small-24B-Instruct-2501,1,1,0.8932038834951457,0.7814659056773806,778604106,0,bullet,is,original,default,results/folktexts/0-variations/model-mistralai--Mistral-Small-24B-Instruct-2501/mistralai--Mistral-Small-24B-Instruct-2501_task-ACSIncome/mistralai--Mistral-Small-24B-Instruct-2501_bench-778604106/results.bench-778604106.json,results/folktexts/0-variations/model-mistralai--Mistral-Small-24B-Instruct-2501/mistralai--Mistral-Small-24B-Instruct-2501_task-ACSIncome/mistralai--Mistral-Small-24B-Instruct-2501_bench-772471101/ACSIncome_full_seed-42_hash-1998608642.test_predictions.csv
ACSIncome,mistralai--Mistral-Small-24B-Instruct-2501,1,1,0.7062068965517241,0.7284109342144788,3709976425,0,text,is,low,rand 2,results/folktexts/0-variations/model-mistralai--Mistral-Small-24B-Instruct-2501/mistralai--Mistral-Small-24B-Instruct-2501_task-ACSIncome/mistralai--Mistral-Small-24B-Instruct-2501_bench-3709976425/results.bench-3709976425.json,results/folktexts/0-variations/model-mistralai--Mistral-Small-24B-Instruct-2501/mistralai--Mistral-Small-24B-Instruct-2501_task-ACSIncome/mistralai--Mistral-Small-24B-Instruct-2501_bench-1607136697/ACSIncome_full_seed-42_hash-1998608642.test_predictions.csv
ACSIncome,mistralai--Mistral-Small-24B-Instruct-2501,1,1,0.7306666666666667,0.7399459297086212,1674786523,0,comma,:,low,default,results/folktexts/0-variations/model-mistralai--Mistral-Small-24B-Instruct-2501/mistralai--Mistral-Small-24B-Instruct-2501_task-ACSIncome/mistralai--Mistral-Small-24B-Instruct-2501_bench-1674786523/results.bench-1674786523.json,results/folktexts/0-variations/model-mistralai--Mistral-Small-24B-Instruct-2501/mistralai--Mistral-Small-24B-Instruct-2501_task-ACSIncome/mistralai--Mistral-Small-24B-Instruct-2501_bench-2073231157/ACSIncome_full_seed-42_hash-1998608642.test_predictions.csv
ACSIncome,mistralai--Mistral-Small-24B-Instruct-2501,1,1,0.6785714285714286,0.7086692700510664,3834652322,0,bullet,=,low, reversed,results/folktexts/0-variations/model-mistralai--Mistral-Small-24B-Instruct-2501/mistralai--Mistral-Small-24B-Instruct-2501_task-ACSIncome/mistralai--Mistral-Small-24B-Instruct-2501_bench-3834652322/results.bench-3834652322.json,results/folktexts/0-variations/model-mistralai--Mistral-Small-24B-Instruct-2501/mistralai--Mistral-Small-24B-Instruct-2501_task-ACSIncome/mistralai--Mistral-Small-24B-Instruct-2501_bench-2344601133/ACSIncome_full_seed-42_hash-1998608642.test_predictions.csv
ACSIncome,mistralai--Mistral-Small-24B-Instruct-2501,1,1,0.8935064935064935,0.7280805046560529,564190217,0,comma,is,low, reversed,results/folktexts/0-variations/model-mistralai--Mistral-Small-24B-Instruct-2501/mistralai--Mistral-Small-24B-Instruct-2501_task-ACSIncome/mistralai--Mistral-Small-24B-Instruct-2501_bench-564190217/results.bench-564190217.json,results/folktexts/0-variations/model-mistralai--Mistral-Small-24B-Instruct-2501/mistralai--Mistral-Small-24B-Instruct-2501_task-ACSIncome/mistralai--Mistral-Small-24B-Instruct-2501_bench-809525124/ACSIncome_full_seed-42_hash-1998608642.test_predictions.csv
ACSIncome,mistralai--Mistral-Small-24B-Instruct-2501,1,1,0.8934531450577664,0.7839711625112646,3902797829,0,bullet,=,original,default,results/folktexts/0-variations/model-mistralai--Mistral-Small-24B-Instruct-2501/mistralai--Mistral-Small-24B-Instruct-2501_task-ACSIncome/mistralai--Mistral-Small-24B-Instruct-2501_bench-3902797829/results.bench-3902797829.json,results/folktexts/0-variations/model-mistralai--Mistral-Small-24B-Instruct-2501/mistralai--Mistral-Small-24B-Instruct-2501_task-ACSIncome/mistralai--Mistral-Small-24B-Instruct-2501_bench-374601361/ACSIncome_full_seed-42_hash-1998608642.test_predictions.csv
ACSIncome,mistralai--Mistral-Small-24B-Instruct-2501,1,1,0.8358974358974359,0.7541243616701713,2454386751,0,bullet,is,low,default,results/folktexts/0-variations/model-mistralai--Mistral-Small-24B-Instruct-2501/mistralai--Mistral-Small-24B-Instruct-2501_task-ACSIncome/mistralai--Mistral-Small-24B-Instruct-2501_bench-2454386751/results.bench-2454386751.json,results/folktexts/0-variations/model-mistralai--Mistral-Small-24B-Instruct-2501/mistralai--Mistral-Small-24B-Instruct-2501_task-ACSIncome/mistralai--Mistral-Small-24B-Instruct-2501_bench-3998922811/ACSIncome_full_seed-42_hash-1998608642.test_predictions.csv
ACSIncome,mistralai--Mistral-Small-24B-Instruct-2501,1,1,0.8933250155957579,0.7548813457494743,713217482,0,bullet,is,original,rand 1,results/folktexts/0-variations/model-mistralai--Mistral-Small-24B-Instruct-2501/mistralai--Mistral-Small-24B-Instruct-2501_task-ACSIncome/mistralai--Mistral-Small-24B-Instruct-2501_bench-713217482/results.bench-713217482.json,results/folktexts/0-variations/model-mistralai--Mistral-Small-24B-Instruct-2501/mistralai--Mistral-Small-24B-Instruct-2501_task-ACSIncome/mistralai--Mistral-Small-24B-Instruct-2501_bench-3296184482/ACSIncome_full_seed-42_hash-1998608642.test_predictions.csv
ACSIncome,mistralai--Mistral-Small-24B-Instruct-2501,1,1,0.8518971848225214,0.76805647341544,1993364636,0,bullet,=,original,rand 2,results/folktexts/0-variations/model-mistralai--Mistral-Small-24B-Instruct-2501/mistralai--Mistral-Small-24B-Instruct-2501_task-ACSIncome/mistralai--Mistral-Small-24B-Instruct-2501_bench-1993364636/results.bench-1993364636.json,results/folktexts/0-variations/model-mistralai--Mistral-Small-24B-Instruct-2501/mistralai--Mistral-Small-24B-Instruct-2501_task-ACSIncome/mistralai--Mistral-Small-24B-Instruct-2501_bench-513580091/ACSIncome_full_seed-42_hash-1998608642.test_predictions.csv
ACSIncome,mistralai--Mistral-Small-24B-Instruct-2501,1,1,0.43859649122807015,0.7319855812556323,2488571435,0,bullet,:,low,rand 3,results/folktexts/0-variations/model-mistralai--Mistral-Small-24B-Instruct-2501/mistralai--Mistral-Small-24B-Instruct-2501_task-ACSIncome/mistralai--Mistral-Small-24B-Instruct-2501_bench-2488571435/results.bench-2488571435.json,results/folktexts/0-variations/model-mistralai--Mistral-Small-24B-Instruct-2501/mistralai--Mistral-Small-24B-Instruct-2501_task-ACSIncome/mistralai--Mistral-Small-24B-Instruct-2501_bench-4290895903/ACSIncome_full_seed-42_hash-1998608642.test_predictions.csv
ACSIncome,mistralai--Mistral-Small-24B-Instruct-2501,1,1,0.8667496886674969,0.7565815560228297,3970272775,0,bullet,:,original, reversed,results/folktexts/0-variations/model-mistralai--Mistral-Small-24B-Instruct-2501/mistralai--Mistral-Small-24B-Instruct-2501_task-ACSIncome/mistralai--Mistral-Small-24B-Instruct-2501_bench-3970272775/results.bench-3970272775.json,results/folktexts/0-variations/model-mistralai--Mistral-Small-24B-Instruct-2501/mistralai--Mistral-Small-24B-Instruct-2501_task-ACSIncome/mistralai--Mistral-Small-24B-Instruct-2501_bench-192598326/ACSIncome_full_seed-42_hash-1998608642.test_predictions.csv
ACSIncome,mistralai--Mistral-Small-24B-Instruct-2501,1,1,0.8810126582278481,0.7698888555121658,8699850,0,comma,is,original,rand 2,results/folktexts/0-variations/model-mistralai--Mistral-Small-24B-Instruct-2501/mistralai--Mistral-Small-24B-Instruct-2501_task-ACSIncome/mistralai--Mistral-Small-24B-Instruct-2501_bench-8699850/results.bench-8699850.json,results/folktexts/0-variations/model-mistralai--Mistral-Small-24B-Instruct-2501/mistralai--Mistral-Small-24B-Instruct-2501_task-ACSIncome/mistralai--Mistral-Small-24B-Instruct-2501_bench-780582928/ACSIncome_full_seed-42_hash-1998608642.test_predictions.csv
ACSIncome,mistralai--Mistral-Small-24B-Instruct-2501,1,1,0.6512968299711815,0.7470651847401623,1394962740,0,text,=,low,rand 3,results/folktexts/0-variations/model-mistralai--Mistral-Small-24B-Instruct-2501/mistralai--Mistral-Small-24B-Instruct-2501_task-ACSIncome/mistralai--Mistral-Small-24B-Instruct-2501_bench-1394962740/results.bench-1394962740.json,results/folktexts/0-variations/model-mistralai--Mistral-Small-24B-Instruct-2501/mistralai--Mistral-Small-24B-Instruct-2501_task-ACSIncome/mistralai--Mistral-Small-24B-Instruct-2501_bench-3994068053/ACSIncome_full_seed-42_hash-1998608642.test_predictions.csv
ACSIncome,mistralai--Mistral-Small-24B-Instruct-2501,1,1,0.8520710059171598,0.778642234905377,1423789990,0,text,:,original,rand 3,results/folktexts/0-variations/model-mistralai--Mistral-Small-24B-Instruct-2501/mistralai--Mistral-Small-24B-Instruct-2501_task-ACSIncome/mistralai--Mistral-Small-24B-Instruct-2501_bench-1423789990/results.bench-1423789990.json,results/folktexts/0-variations/model-mistralai--Mistral-Small-24B-Instruct-2501/mistralai--Mistral-Small-24B-Instruct-2501_task-ACSIncome/mistralai--Mistral-Small-24B-Instruct-2501_bench-1710202516/ACSIncome_full_seed-42_hash-1998608642.test_predictions.csv
ACSIncome,mistralai--Mistral-Small-24B-Instruct-2501,1,1,0.7547169811320755,0.7464403724842295,3674138727,0,bullet,=,low,default,results/folktexts/0-variations/model-mistralai--Mistral-Small-24B-Instruct-2501/mistralai--Mistral-Small-24B-Instruct-2501_task-ACSIncome/mistralai--Mistral-Small-24B-Instruct-2501_bench-3674138727/results.bench-3674138727.json,results/folktexts/0-variations/model-mistralai--Mistral-Small-24B-Instruct-2501/mistralai--Mistral-Small-24B-Instruct-2501_task-ACSIncome/mistralai--Mistral-Small-24B-Instruct-2501_bench-3072794085/ACSIncome_full_seed-42_hash-1998608642.test_predictions.csv
ACSIncome,mistralai--Mistral-Small-24B-Instruct-2501,1,1,0.8350730688935282,0.7356142985881646,38081656,0,text,=,low,rand 1,results/folktexts/0-variations/model-mistralai--Mistral-Small-24B-Instruct-2501/mistralai--Mistral-Small-24B-Instruct-2501_task-ACSIncome/mistralai--Mistral-Small-24B-Instruct-2501_bench-38081656/results.bench-38081656.json,results/folktexts/0-variations/model-mistralai--Mistral-Small-24B-Instruct-2501/mistralai--Mistral-Small-24B-Instruct-2501_task-ACSIncome/mistralai--Mistral-Small-24B-Instruct-2501_bench-2009343765/ACSIncome_full_seed-42_hash-1998608642.test_predictions.csv
ACSIncome,mistralai--Mistral-Small-24B-Instruct-2501,1,1,0.8174807197943444,0.7336197056173025,3218698287,0,comma,=,low,rand 2,results/folktexts/0-variations/model-mistralai--Mistral-Small-24B-Instruct-2501/mistralai--Mistral-Small-24B-Instruct-2501_task-ACSIncome/mistralai--Mistral-Small-24B-Instruct-2501_bench-3218698287/results.bench-3218698287.json,results/folktexts/0-variations/model-mistralai--Mistral-Small-24B-Instruct-2501/mistralai--Mistral-Small-24B-Instruct-2501_task-ACSIncome/mistralai--Mistral-Small-24B-Instruct-2501_bench-4144401020/ACSIncome_full_seed-42_hash-1998608642.test_predictions.csv
ACSIncome,mistralai--Mistral-Small-24B-Instruct-2501,1,1,0.7977207977207977,0.7496785821568038,1606736824,0,text,=,low,default,results/folktexts/0-variations/model-mistralai--Mistral-Small-24B-Instruct-2501/mistralai--Mistral-Small-24B-Instruct-2501_task-ACSIncome/mistralai--Mistral-Small-24B-Instruct-2501_bench-1606736824/results.bench-1606736824.json,results/folktexts/0-variations/model-mistralai--Mistral-Small-24B-Instruct-2501/mistralai--Mistral-Small-24B-Instruct-2501_task-ACSIncome/mistralai--Mistral-Small-24B-Instruct-2501_bench-2583188621/ACSIncome_full_seed-42_hash-1998608642.test_predictions.csv
ACSIncome,mistralai--Mistral-Small-24B-Instruct-2501,1,1,0.8180535966149506,0.7306338239711625,1169899100,0,text,is,low, reversed,results/folktexts/0-variations/model-mistralai--Mistral-Small-24B-Instruct-2501/mistralai--Mistral-Small-24B-Instruct-2501_task-ACSIncome/mistralai--Mistral-Small-24B-Instruct-2501_bench-1169899100/results.bench-1169899100.json,results/folktexts/0-variations/model-mistralai--Mistral-Small-24B-Instruct-2501/mistralai--Mistral-Small-24B-Instruct-2501_task-ACSIncome/mistralai--Mistral-Small-24B-Instruct-2501_bench-2111938835/ACSIncome_full_seed-42_hash-1998608642.test_predictions.csv
ACSIncome,mistralai--Mistral-Small-24B-Instruct-2501,1,1,0.8356687898089172,0.7462361069390208,4025372731,0,bullet,=,original,rand 1,results/folktexts/0-variations/model-mistralai--Mistral-Small-24B-Instruct-2501/mistralai--Mistral-Small-24B-Instruct-2501_task-ACSIncome/mistralai--Mistral-Small-24B-Instruct-2501_bench-4025372731/results.bench-4025372731.json,results/folktexts/0-variations/model-mistralai--Mistral-Small-24B-Instruct-2501/mistralai--Mistral-Small-24B-Instruct-2501_task-ACSIncome/mistralai--Mistral-Small-24B-Instruct-2501_bench-1862808357/ACSIncome_full_seed-42_hash-1998608642.test_predictions.csv
ACSIncome,mistralai--Mistral-Small-24B-Instruct-2501,1,1,0.7065527065527065,0.7240192249924903,1623564468,0,text,:,low, reversed,results/folktexts/0-variations/model-mistralai--Mistral-Small-24B-Instruct-2501/mistralai--Mistral-Small-24B-Instruct-2501_task-ACSIncome/mistralai--Mistral-Small-24B-Instruct-2501_bench-1623564468/results.bench-1623564468.json,results/folktexts/0-variations/model-mistralai--Mistral-Small-24B-Instruct-2501/mistralai--Mistral-Small-24B-Instruct-2501_task-ACSIncome/mistralai--Mistral-Small-24B-Instruct-2501_bench-2220383956/ACSIncome_full_seed-42_hash-1998608642.test_predictions.csv
ACSIncome,mistralai--Mistral-Small-24B-Instruct-2501,1,1,0.9043478260869565,0.7635566236106939,3937966487,0,text,=,original, reversed,results/folktexts/0-variations/model-mistralai--Mistral-Small-24B-Instruct-2501/mistralai--Mistral-Small-24B-Instruct-2501_task-ACSIncome/mistralai--Mistral-Small-24B-Instruct-2501_bench-3937966487/results.bench-3937966487.json,results/folktexts/0-variations/model-mistralai--Mistral-Small-24B-Instruct-2501/mistralai--Mistral-Small-24B-Instruct-2501_task-ACSIncome/mistralai--Mistral-Small-24B-Instruct-2501_bench-3743870251/ACSIncome_full_seed-42_hash-1998608642.test_predictions.csv
ACSIncome,mistralai--Mistral-Small-24B-Instruct-2501,1,1,0.9468405215646941,0.7651126464403725,3495433963,0,comma,is,original, reversed,results/folktexts/0-variations/model-mistralai--Mistral-Small-24B-Instruct-2501/mistralai--Mistral-Small-24B-Instruct-2501_task-ACSIncome/mistralai--Mistral-Small-24B-Instruct-2501_bench-3495433963/results.bench-3495433963.json,results/folktexts/0-variations/model-mistralai--Mistral-Small-24B-Instruct-2501/mistralai--Mistral-Small-24B-Instruct-2501_task-ACSIncome/mistralai--Mistral-Small-24B-Instruct-2501_bench-944705042/ACSIncome_full_seed-42_hash-1998608642.test_predictions.csv
ACSIncome,mistralai--Mistral-Small-24B-Instruct-2501,1,1,0.6212534059945504,0.7500630820066085,1437331632,0,text,=,original,rand 3,results/folktexts/0-variations/model-mistralai--Mistral-Small-24B-Instruct-2501/mistralai--Mistral-Small-24B-Instruct-2501_task-ACSIncome/mistralai--Mistral-Small-24B-Instruct-2501_bench-1437331632/results.bench-1437331632.json,results/folktexts/0-variations/model-mistralai--Mistral-Small-24B-Instruct-2501/mistralai--Mistral-Small-24B-Instruct-2501_task-ACSIncome/mistralai--Mistral-Small-24B-Instruct-2501_bench-3345032534/ACSIncome_full_seed-42_hash-1998608642.test_predictions.csv
ACSIncome,mistralai--Mistral-Small-24B-Instruct-2501,1,1,0.46898263027295284,0.6976689696605587,1885124562,0,bullet,:,low,rand 1,results/folktexts/0-variations/model-mistralai--Mistral-Small-24B-Instruct-2501/mistralai--Mistral-Small-24B-Instruct-2501_task-ACSIncome/mistralai--Mistral-Small-24B-Instruct-2501_bench-1885124562/results.bench-1885124562.json,results/folktexts/0-variations/model-mistralai--Mistral-Small-24B-Instruct-2501/mistralai--Mistral-Small-24B-Instruct-2501_task-ACSIncome/mistralai--Mistral-Small-24B-Instruct-2501_bench-2663006994/ACSIncome_full_seed-42_hash-1998608642.test_predictions.csv
ACSIncome,mistralai--Mistral-Small-24B-Instruct-2501,1,1,0.7312414733969986,0.7359206969059777,266021672,0,text,:,low,rand 2,results/folktexts/0-variations/model-mistralai--Mistral-Small-24B-Instruct-2501/mistralai--Mistral-Small-24B-Instruct-2501_task-ACSIncome/mistralai--Mistral-Small-24B-Instruct-2501_bench-266021672/results.bench-266021672.json,results/folktexts/0-variations/model-mistralai--Mistral-Small-24B-Instruct-2501/mistralai--Mistral-Small-24B-Instruct-2501_task-ACSIncome/mistralai--Mistral-Small-24B-Instruct-2501_bench-2351819698/ACSIncome_full_seed-42_hash-1998608642.test_predictions.csv
ACSIncome,mistralai--Mistral-Small-24B-Instruct-2501,1,1,0.797886393659181,0.7317152297987384,1537959392,0,text,:,low,rand 1,results/folktexts/0-variations/model-mistralai--Mistral-Small-24B-Instruct-2501/mistralai--Mistral-Small-24B-Instruct-2501_task-ACSIncome/mistralai--Mistral-Small-24B-Instruct-2501_bench-1537959392/results.bench-1537959392.json,results/folktexts/0-variations/model-mistralai--Mistral-Small-24B-Instruct-2501/mistralai--Mistral-Small-24B-Instruct-2501_task-ACSIncome/mistralai--Mistral-Small-24B-Instruct-2501_bench-535176362/ACSIncome_full_seed-42_hash-1998608642.test_predictions.csv
ACSIncome,mistralai--Mistral-Small-24B-Instruct-2501,1,1,0.8348271446862996,0.7277560829077802,1361446250,0,bullet,is,low, reversed,results/folktexts/0-variations/model-mistralai--Mistral-Small-24B-Instruct-2501/mistralai--Mistral-Small-24B-Instruct-2501_task-ACSIncome/mistralai--Mistral-Small-24B-Instruct-2501_bench-1361446250/results.bench-1361446250.json,results/folktexts/0-variations/model-mistralai--Mistral-Small-24B-Instruct-2501/mistralai--Mistral-Small-24B-Instruct-2501_task-ACSIncome/mistralai--Mistral-Small-24B-Instruct-2501_bench-1727985850/ACSIncome_full_seed-42_hash-1998608642.test_predictions.csv
ACSIncome,mistralai--Mistral-Small-24B-Instruct-2501,1,1,0.8933002481389578,0.7556623610693902,297299823,0,bullet,:,original,rand 1,results/folktexts/0-variations/model-mistralai--Mistral-Small-24B-Instruct-2501/mistralai--Mistral-Small-24B-Instruct-2501_task-ACSIncome/mistralai--Mistral-Small-24B-Instruct-2501_bench-297299823/results.bench-297299823.json,results/folktexts/0-variations/model-mistralai--Mistral-Small-24B-Instruct-2501/mistralai--Mistral-Small-24B-Instruct-2501_task-ACSIncome/mistralai--Mistral-Small-24B-Instruct-2501_bench-2176688446/ACSIncome_full_seed-42_hash-1998608642.test_predictions.csv
ACSIncome,mistralai--Mistral-Small-24B-Instruct-2501,1,1,0.914766748509295,0.7587263442475218,3804801948,0,text,=,original,rand 1,results/folktexts/0-variations/model-mistralai--Mistral-Small-24B-Instruct-2501/mistralai--Mistral-Small-24B-Instruct-2501_task-ACSIncome/mistralai--Mistral-Small-24B-Instruct-2501_bench-3804801948/results.bench-3804801948.json,results/folktexts/0-variations/model-mistralai--Mistral-Small-24B-Instruct-2501/mistralai--Mistral-Small-24B-Instruct-2501_task-ACSIncome/mistralai--Mistral-Small-24B-Instruct-2501_bench-1966836826/ACSIncome_full_seed-42_hash-1998608642.test_predictions.csv
ACSIncome,mistralai--Mistral-Small-24B-Instruct-2501,1,1,0.8807339449541285,0.7487954340642836,2057349048,0,bullet,=,low,rand 2,results/folktexts/0-variations/model-mistralai--Mistral-Small-24B-Instruct-2501/mistralai--Mistral-Small-24B-Instruct-2501_task-ACSIncome/mistralai--Mistral-Small-24B-Instruct-2501_bench-2057349048/results.bench-2057349048.json,results/folktexts/0-variations/model-mistralai--Mistral-Small-24B-Instruct-2501/mistralai--Mistral-Small-24B-Instruct-2501_task-ACSIncome/mistralai--Mistral-Small-24B-Instruct-2501_bench-907448386/ACSIncome_full_seed-42_hash-1998608642.test_predictions.csv
ACSIncome,mistralai--Mistral-Small-24B-Instruct-2501,1,1,0.6788511749347258,0.7507960348452989,4079672668,0,comma,is,original,rand 3,results/folktexts/0-variations/model-mistralai--Mistral-Small-24B-Instruct-2501/mistralai--Mistral-Small-24B-Instruct-2501_task-ACSIncome/mistralai--Mistral-Small-24B-Instruct-2501_bench-4079672668/results.bench-4079672668.json,results/folktexts/0-variations/model-mistralai--Mistral-Small-24B-Instruct-2501/mistralai--Mistral-Small-24B-Instruct-2501_task-ACSIncome/mistralai--Mistral-Small-24B-Instruct-2501_bench-975026422/ACSIncome_full_seed-42_hash-1998608642.test_predictions.csv
ACSIncome,mistralai--Mistral-Small-24B-Instruct-2501,1,1,0.7980295566502463,0.7332772604385701,4071907518,0,bullet,:,low, reversed,results/folktexts/0-variations/model-mistralai--Mistral-Small-24B-Instruct-2501/mistralai--Mistral-Small-24B-Instruct-2501_task-ACSIncome/mistralai--Mistral-Small-24B-Instruct-2501_bench-4071907518/results.bench-4071907518.json,results/folktexts/0-variations/model-mistralai--Mistral-Small-24B-Instruct-2501/mistralai--Mistral-Small-24B-Instruct-2501_task-ACSIncome/mistralai--Mistral-Small-24B-Instruct-2501_bench-543967719/ACSIncome_full_seed-42_hash-1998608642.test_predictions.csv
ACSIncome,mistralai--Mistral-Small-24B-Instruct-2501,1,1,0.8807785888077859,0.7691859417242415,3019645702,0,bullet,is,original,rand 2,results/folktexts/0-variations/model-mistralai--Mistral-Small-24B-Instruct-2501/mistralai--Mistral-Small-24B-Instruct-2501_task-ACSIncome/mistralai--Mistral-Small-24B-Instruct-2501_bench-3019645702/results.bench-3019645702.json,results/folktexts/0-variations/model-mistralai--Mistral-Small-24B-Instruct-2501/mistralai--Mistral-Small-24B-Instruct-2501_task-ACSIncome/mistralai--Mistral-Small-24B-Instruct-2501_bench-1981275000/ACSIncome_full_seed-42_hash-1998608642.test_predictions.csv
ACSIncome,mistralai--Mistral-Small-24B-Instruct-2501,1,1,0.7555555555555555,0.7283448483027937,3552585162,0,bullet,=,low,rand 1,results/folktexts/0-variations/model-mistralai--Mistral-Small-24B-Instruct-2501/mistralai--Mistral-Small-24B-Instruct-2501_task-ACSIncome/mistralai--Mistral-Small-24B-Instruct-2501_bench-3552585162/results.bench-3552585162.json,results/folktexts/0-variations/model-mistralai--Mistral-Small-24B-Instruct-2501/mistralai--Mistral-Small-24B-Instruct-2501_task-ACSIncome/mistralai--Mistral-Small-24B-Instruct-2501_bench-2667835540/ACSIncome_full_seed-42_hash-1998608642.test_predictions.csv
ACSIncome,mistralai--Mistral-Small-24B-Instruct-2501,1,1,0.8932309839497558,0.7616040853109042,1629632310,0,text,:,original, reversed,results/folktexts/0-variations/model-mistralai--Mistral-Small-24B-Instruct-2501/mistralai--Mistral-Small-24B-Instruct-2501_task-ACSIncome/mistralai--Mistral-Small-24B-Instruct-2501_bench-1629632310/results.bench-1629632310.json,results/folktexts/0-variations/model-mistralai--Mistral-Small-24B-Instruct-2501/mistralai--Mistral-Small-24B-Instruct-2501_task-ACSIncome/mistralai--Mistral-Small-24B-Instruct-2501_bench-3342338417/ACSIncome_full_seed-42_hash-1998608642.test_predictions.csv
ACSIncome,mistralai--Mistral-Small-24B-Instruct-2501,1,1,0.9047619047619048,0.7398317813157104,1244911466,0,comma,:,low,rand 1,results/folktexts/0-variations/model-mistralai--Mistral-Small-24B-Instruct-2501/mistralai--Mistral-Small-24B-Instruct-2501_task-ACSIncome/mistralai--Mistral-Small-24B-Instruct-2501_bench-1244911466/results.bench-1244911466.json,results/folktexts/0-variations/model-mistralai--Mistral-Small-24B-Instruct-2501/mistralai--Mistral-Small-24B-Instruct-2501_task-ACSIncome/mistralai--Mistral-Small-24B-Instruct-2501_bench-530985908/ACSIncome_full_seed-42_hash-1998608642.test_predictions.csv
ACSIncome,mistralai--Mistral-Small-24B-Instruct-2501,1,1,0.9149232914923291,0.7635446079903875,3545723021,0,text,is,low,default,results/folktexts/0-variations/model-mistralai--Mistral-Small-24B-Instruct-2501/mistralai--Mistral-Small-24B-Instruct-2501_task-ACSIncome/mistralai--Mistral-Small-24B-Instruct-2501_bench-3545723021/results.bench-3545723021.json,results/folktexts/0-variations/model-mistralai--Mistral-Small-24B-Instruct-2501/mistralai--Mistral-Small-24B-Instruct-2501_task-ACSIncome/mistralai--Mistral-Small-24B-Instruct-2501_bench-371222946/ACSIncome_full_seed-42_hash-1998608642.test_predictions.csv
ACSIncome,mistralai--Mistral-Small-24B-Instruct-2501,1,1,0.9553840992955384,0.7518474016221087,477058227,0,comma,is,low,rand 1,results/folktexts/0-variations/model-mistralai--Mistral-Small-24B-Instruct-2501/mistralai--Mistral-Small-24B-Instruct-2501_task-ACSIncome/mistralai--Mistral-Small-24B-Instruct-2501_bench-477058227/results.bench-477058227.json,results/folktexts/0-variations/model-mistralai--Mistral-Small-24B-Instruct-2501/mistralai--Mistral-Small-24B-Instruct-2501_task-ACSIncome/mistralai--Mistral-Small-24B-Instruct-2501_bench-1436168219/ACSIncome_full_seed-42_hash-1998608642.test_predictions.csv
ACSIncome,mistralai--Mistral-Small-24B-Instruct-2501,1,1,0.8811282740094023,0.7514989486332232,690740061,0,text,:,original,rand 1,results/folktexts/0-variations/model-mistralai--Mistral-Small-24B-Instruct-2501/mistralai--Mistral-Small-24B-Instruct-2501_task-ACSIncome/mistralai--Mistral-Small-24B-Instruct-2501_bench-690740061/results.bench-690740061.json,results/folktexts/0-variations/model-mistralai--Mistral-Small-24B-Instruct-2501/mistralai--Mistral-Small-24B-Instruct-2501_task-ACSIncome/mistralai--Mistral-Small-24B-Instruct-2501_bench-817352087/ACSIncome_full_seed-42_hash-1998608642.test_predictions.csv
ACSIncome,mistralai--Mistral-Small-24B-Instruct-2501,1,1,0.8521970705725699,0.7274857314508861,3323269154,0,comma,=,low,rand 1,results/folktexts/0-variations/model-mistralai--Mistral-Small-24B-Instruct-2501/mistralai--Mistral-Small-24B-Instruct-2501_task-ACSIncome/mistralai--Mistral-Small-24B-Instruct-2501_bench-3323269154/results.bench-3323269154.json,results/folktexts/0-variations/model-mistralai--Mistral-Small-24B-Instruct-2501/mistralai--Mistral-Small-24B-Instruct-2501_task-ACSIncome/mistralai--Mistral-Small-24B-Instruct-2501_bench-990855794/ACSIncome_full_seed-42_hash-1998608642.test_predictions.csv
ACSIncome,mistralai--Mistral-Small-24B-Instruct-2501,1,1,0.9464788732394366,0.7554701111444878,3815025396,0,comma,is,original,rand 1,results/folktexts/0-variations/model-mistralai--Mistral-Small-24B-Instruct-2501/mistralai--Mistral-Small-24B-Instruct-2501_task-ACSIncome/mistralai--Mistral-Small-24B-Instruct-2501_bench-3815025396/results.bench-3815025396.json,results/folktexts/0-variations/model-mistralai--Mistral-Small-24B-Instruct-2501/mistralai--Mistral-Small-24B-Instruct-2501_task-ACSIncome/mistralai--Mistral-Small-24B-Instruct-2501_bench-624987400/ACSIncome_full_seed-42_hash-1998608642.test_predictions.csv
ACSIncome,mistralai--Mistral-Small-24B-Instruct-2501,1,1,0.9240271772699197,0.7651366776809853,3129677582,0,bullet,is,original, reversed,results/folktexts/0-variations/model-mistralai--Mistral-Small-24B-Instruct-2501/mistralai--Mistral-Small-24B-Instruct-2501_task-ACSIncome/mistralai--Mistral-Small-24B-Instruct-2501_bench-3129677582/results.bench-3129677582.json,results/folktexts/0-variations/model-mistralai--Mistral-Small-24B-Instruct-2501/mistralai--Mistral-Small-24B-Instruct-2501_task-ACSIncome/mistralai--Mistral-Small-24B-Instruct-2501_bench-1488455536/ACSIncome_full_seed-42_hash-1998608642.test_predictions.csv
ACSIncome,mistralai--Mistral-Small-24B-Instruct-2501,1,1,0.7053701015965167,0.7144728146590568,4231964198,0,text,=,low, reversed,results/folktexts/0-variations/model-mistralai--Mistral-Small-24B-Instruct-2501/mistralai--Mistral-Small-24B-Instruct-2501_task-ACSIncome/mistralai--Mistral-Small-24B-Instruct-2501_bench-4231964198/results.bench-4231964198.json,results/folktexts/0-variations/model-mistralai--Mistral-Small-24B-Instruct-2501/mistralai--Mistral-Small-24B-Instruct-2501_task-ACSIncome/mistralai--Mistral-Small-24B-Instruct-2501_bench-2442912513/ACSIncome_full_seed-42_hash-1998608642.test_predictions.csv
ACSIncome,mistralai--Mistral-Small-24B-Instruct-2501,1,1,0.8350730688935282,0.7213157104235506,2710110456,0,comma,:,low, reversed,results/folktexts/0-variations/model-mistralai--Mistral-Small-24B-Instruct-2501/mistralai--Mistral-Small-24B-Instruct-2501_task-ACSIncome/mistralai--Mistral-Small-24B-Instruct-2501_bench-2710110456/results.bench-2710110456.json,results/folktexts/0-variations/model-mistralai--Mistral-Small-24B-Instruct-2501/mistralai--Mistral-Small-24B-Instruct-2501_task-ACSIncome/mistralai--Mistral-Small-24B-Instruct-2501_bench-4071844623/ACSIncome_full_seed-42_hash-1998608642.test_predictions.csv
ACSIncome,mistralai--Mistral-Small-24B-Instruct-2501,1,1,0.8803582853486884,0.7706878942625413,724859409,0,bullet,:,original,rand 2,results/folktexts/0-variations/model-mistralai--Mistral-Small-24B-Instruct-2501/mistralai--Mistral-Small-24B-Instruct-2501_task-ACSIncome/mistralai--Mistral-Small-24B-Instruct-2501_bench-724859409/results.bench-724859409.json,results/folktexts/0-variations/model-mistralai--Mistral-Small-24B-Instruct-2501/mistralai--Mistral-Small-24B-Instruct-2501_task-ACSIncome/mistralai--Mistral-Small-24B-Instruct-2501_bench-2252064260/ACSIncome_full_seed-42_hash-1998608642.test_predictions.csv
ACSIncome,mistralai--Mistral-Small-24B-Instruct-2501,1,1,0.9045592705167174,0.7474556924001201,1704519704,0,bullet,is,low,rand 2,results/folktexts/0-variations/model-mistralai--Mistral-Small-24B-Instruct-2501/mistralai--Mistral-Small-24B-Instruct-2501_task-ACSIncome/mistralai--Mistral-Small-24B-Instruct-2501_bench-1704519704/results.bench-1704519704.json,results/folktexts/0-variations/model-mistralai--Mistral-Small-24B-Instruct-2501/mistralai--Mistral-Small-24B-Instruct-2501_task-ACSIncome/mistralai--Mistral-Small-24B-Instruct-2501_bench-1806258113/ACSIncome_full_seed-42_hash-1998608642.test_predictions.csv
ACSIncome,mistralai--Mistral-Small-24B-Instruct-2501,1,1,0.8521031207598372,0.7612015620306398,4157767183,0,comma,=,low,rand 3,results/folktexts/0-variations/model-mistralai--Mistral-Small-24B-Instruct-2501/mistralai--Mistral-Small-24B-Instruct-2501_task-ACSIncome/mistralai--Mistral-Small-24B-Instruct-2501_bench-4157767183/results.bench-4157767183.json,results/folktexts/0-variations/model-mistralai--Mistral-Small-24B-Instruct-2501/mistralai--Mistral-Small-24B-Instruct-2501_task-ACSIncome/mistralai--Mistral-Small-24B-Instruct-2501_bench-329313051/ACSIncome_full_seed-42_hash-1998608642.test_predictions.csv
ACSIncome,mistralai--Mistral-Small-24B-Instruct-2501,1,1,0.9363166953528399,0.7654550916191049,3157535080,0,comma,is,low,default,results/folktexts/0-variations/model-mistralai--Mistral-Small-24B-Instruct-2501/mistralai--Mistral-Small-24B-Instruct-2501_task-ACSIncome/mistralai--Mistral-Small-24B-Instruct-2501_bench-3157535080/results.bench-3157535080.json,results/folktexts/0-variations/model-mistralai--Mistral-Small-24B-Instruct-2501/mistralai--Mistral-Small-24B-Instruct-2501_task-ACSIncome/mistralai--Mistral-Small-24B-Instruct-2501_bench-2986399756/ACSIncome_full_seed-42_hash-1998608642.test_predictions.csv
ACSIncome,mistralai--Mistral-Small-24B-Instruct-2501,1,1,0.8360450563204005,0.7753018924601982,2449832388,0,bullet,is,original,rand 3,results/folktexts/0-variations/model-mistralai--Mistral-Small-24B-Instruct-2501/mistralai--Mistral-Small-24B-Instruct-2501_task-ACSIncome/mistralai--Mistral-Small-24B-Instruct-2501_bench-2449832388/results.bench-2449832388.json,results/folktexts/0-variations/model-mistralai--Mistral-Small-24B-Instruct-2501/mistralai--Mistral-Small-24B-Instruct-2501_task-ACSIncome/mistralai--Mistral-Small-24B-Instruct-2501_bench-2611688936/ACSIncome_full_seed-42_hash-1998608642.test_predictions.csv
ACSIncome,mistralai--Mistral-Small-24B-Instruct-2501,1,1,0.5925,0.7531030339441274,3536324706,0,bullet,:,original,rand 3,results/folktexts/0-variations/model-mistralai--Mistral-Small-24B-Instruct-2501/mistralai--Mistral-Small-24B-Instruct-2501_task-ACSIncome/mistralai--Mistral-Small-24B-Instruct-2501_bench-3536324706/results.bench-3536324706.json,results/folktexts/0-variations/model-mistralai--Mistral-Small-24B-Instruct-2501/mistralai--Mistral-Small-24B-Instruct-2501_task-ACSIncome/mistralai--Mistral-Small-24B-Instruct-2501_bench-4077858725/ACSIncome_full_seed-42_hash-1998608642.test_predictions.csv
ACSIncome,mistralai--Mistral-Small-24B-Instruct-2501,1,1,0.706199460916442,0.7540943226194052,1763003666,0,text,=,original,rand 2,results/folktexts/0-variations/model-mistralai--Mistral-Small-24B-Instruct-2501/mistralai--Mistral-Small-24B-Instruct-2501_task-ACSIncome/mistralai--Mistral-Small-24B-Instruct-2501_bench-1763003666/results.bench-1763003666.json,results/folktexts/0-variations/model-mistralai--Mistral-Small-24B-Instruct-2501/mistralai--Mistral-Small-24B-Instruct-2501_task-ACSIncome/mistralai--Mistral-Small-24B-Instruct-2501_bench-2166467386/ACSIncome_full_seed-42_hash-1998608642.test_predictions.csv
ACSIncome,mistralai--Mistral-Small-24B-Instruct-2501,1,1,0.851497769279796,0.778161610093121,2822281883,0,bullet,=,original,rand 3,results/folktexts/0-variations/model-mistralai--Mistral-Small-24B-Instruct-2501/mistralai--Mistral-Small-24B-Instruct-2501_task-ACSIncome/mistralai--Mistral-Small-24B-Instruct-2501_bench-2822281883/results.bench-2822281883.json,results/folktexts/0-variations/model-mistralai--Mistral-Small-24B-Instruct-2501/mistralai--Mistral-Small-24B-Instruct-2501_task-ACSIncome/mistralai--Mistral-Small-24B-Instruct-2501_bench-25965424/ACSIncome_full_seed-42_hash-1998608642.test_predictions.csv
ACSIncome,mistralai--Mistral-Small-24B-Instruct-2501,1,1,0.8520123839009288,0.7637548813457494,3468208152,0,bullet,=,low,rand 3,results/folktexts/0-variations/model-mistralai--Mistral-Small-24B-Instruct-2501/mistralai--Mistral-Small-24B-Instruct-2501_task-ACSIncome/mistralai--Mistral-Small-24B-Instruct-2501_bench-3468208152/results.bench-3468208152.json,results/folktexts/0-variations/model-mistralai--Mistral-Small-24B-Instruct-2501/mistralai--Mistral-Small-24B-Instruct-2501_task-ACSIncome/mistralai--Mistral-Small-24B-Instruct-2501_bench-942864445/ACSIncome_full_seed-42_hash-1998608642.test_predictions.csv
ACSIncome,mistralai--Mistral-Small-24B-Instruct-2501,1,1,0.797768479776848,0.7648843496545509,3502926592,0,text,:,original,rand 2,results/folktexts/0-variations/model-mistralai--Mistral-Small-24B-Instruct-2501/mistralai--Mistral-Small-24B-Instruct-2501_task-ACSIncome/mistralai--Mistral-Small-24B-Instruct-2501_bench-3502926592/results.bench-3502926592.json,results/folktexts/0-variations/model-mistralai--Mistral-Small-24B-Instruct-2501/mistralai--Mistral-Small-24B-Instruct-2501_task-ACSIncome/mistralai--Mistral-Small-24B-Instruct-2501_bench-1261435347/ACSIncome_full_seed-42_hash-1998608642.test_predictions.csv
ACSIncome,mistralai--Mistral-Small-24B-Instruct-2501,1,1,0.7541401273885351,0.7274857314508861,3233016206,0,bullet,is,low,rand 1,results/folktexts/0-variations/model-mistralai--Mistral-Small-24B-Instruct-2501/mistralai--Mistral-Small-24B-Instruct-2501_task-ACSIncome/mistralai--Mistral-Small-24B-Instruct-2501_bench-3233016206/results.bench-3233016206.json,results/folktexts/0-variations/model-mistralai--Mistral-Small-24B-Instruct-2501/mistralai--Mistral-Small-24B-Instruct-2501_task-ACSIncome/mistralai--Mistral-Small-24B-Instruct-2501_bench-2328330604/ACSIncome_full_seed-42_hash-1998608642.test_predictions.csv
ACSIncome,mistralai--Mistral-Small-24B-Instruct-2501,1,1,0.7989623865110247,0.7647822168819465,1514354823,0,comma,is,original,default,results/folktexts/0-variations/model-mistralai--Mistral-Small-24B-Instruct-2501/mistralai--Mistral-Small-24B-Instruct-2501_task-ACSIncome/mistralai--Mistral-Small-24B-Instruct-2501_bench-1514354823/results.bench-1514354823.json,results/folktexts/0-variations/model-mistralai--Mistral-Small-24B-Instruct-2501/mistralai--Mistral-Small-24B-Instruct-2501_task-ACSIncome/mistralai--Mistral-Small-24B-Instruct-2501_bench-3660960751/ACSIncome_full_seed-42_hash-1998608642.test_predictions.csv
ACSIncome,mistralai--Mistral-Small-24B-Instruct-2501,1,1,0.592797783933518,0.7517693000901171,84865506,0,text,is,original,rand 3,results/folktexts/0-variations/model-mistralai--Mistral-Small-24B-Instruct-2501/mistralai--Mistral-Small-24B-Instruct-2501_task-ACSIncome/mistralai--Mistral-Small-24B-Instruct-2501_bench-84865506/results.bench-84865506.json,results/folktexts/0-variations/model-mistralai--Mistral-Small-24B-Instruct-2501/mistralai--Mistral-Small-24B-Instruct-2501_task-ACSIncome/mistralai--Mistral-Small-24B-Instruct-2501_bench-4120283168/ACSIncome_full_seed-42_hash-1998608642.test_predictions.csv
ACSIncome,mistralai--Mistral-Small-24B-Instruct-2501,1,1,0.5,0.7480264343646741,1466916728,0,bullet,:,original,default,results/folktexts/0-variations/model-mistralai--Mistral-Small-24B-Instruct-2501/mistralai--Mistral-Small-24B-Instruct-2501_task-ACSIncome/mistralai--Mistral-Small-24B-Instruct-2501_bench-1466916728/results.bench-1466916728.json,results/folktexts/0-variations/model-mistralai--Mistral-Small-24B-Instruct-2501/mistralai--Mistral-Small-24B-Instruct-2501_task-ACSIncome/mistralai--Mistral-Small-24B-Instruct-2501_bench-1466916728/ACSIncome_full_seed-42_hash-1998608642.test_predictions.csv
ACSIncome,mistralai--Mistral-Small-24B-Instruct-2501,1,0,0.5,0.7480264343646741,1466916728,0,bullet,:,original,default,results/folktexts/0-variations/model-mistralai--Mistral-Small-24B-Instruct-2501/mistralai--Mistral-Small-24B-Instruct-2501_task-ACSIncome/mistralai--Mistral-Small-24B-Instruct-2501_bench-1466916728/results.bench-1466916728.json,results/folktexts/0-variations/model-mistralai--Mistral-Small-24B-Instruct-2501/mistralai--Mistral-Small-24B-Instruct-2501_task-ACSIncome/mistralai--Mistral-Small-24B-Instruct-2501_bench-1466916728/ACSIncome_full_seed-42_hash-1998608642.test_predictions.csv
ACSIncome,mistralai--Mistral-Small-24B-Instruct-2501,1,1,0.8932309839497558,0.7527545809552418,2961742166,0,text,is,original,rand 1,results/folktexts/0-variations/model-mistralai--Mistral-Small-24B-Instruct-2501/mistralai--Mistral-Small-24B-Instruct-2501_task-ACSIncome/mistralai--Mistral-Small-24B-Instruct-2501_bench-2961742166/results.bench-2961742166.json,results/folktexts/0-variations/model-mistralai--Mistral-Small-24B-Instruct-2501/mistralai--Mistral-Small-24B-Instruct-2501_task-ACSIncome/mistralai--Mistral-Small-24B-Instruct-2501_bench-527662258/ACSIncome_full_seed-42_hash-1998608642.test_predictions.csv
ACSIncome,mistralai--Mistral-Small-24B-Instruct-2501,1,1,0.9152196118488254,0.7457735055572244,2695846721,0,text,is,low,rand 1,results/folktexts/0-variations/model-mistralai--Mistral-Small-24B-Instruct-2501/mistralai--Mistral-Small-24B-Instruct-2501_task-ACSIncome/mistralai--Mistral-Small-24B-Instruct-2501_bench-2695846721/results.bench-2695846721.json,results/folktexts/0-variations/model-mistralai--Mistral-Small-24B-Instruct-2501/mistralai--Mistral-Small-24B-Instruct-2501_task-ACSIncome/mistralai--Mistral-Small-24B-Instruct-2501_bench-2044404336/ACSIncome_full_seed-42_hash-1998608642.test_predictions.csv
ACSIncome,mistralai--Mistral-Small-24B-Instruct-2501,1,1,0.9150779896013865,0.7643977170321418,1315537182,0,text,is,original, reversed,results/folktexts/0-variations/model-mistralai--Mistral-Small-24B-Instruct-2501/mistralai--Mistral-Small-24B-Instruct-2501_task-ACSIncome/mistralai--Mistral-Small-24B-Instruct-2501_bench-1315537182/results.bench-1315537182.json,results/folktexts/0-variations/model-mistralai--Mistral-Small-24B-Instruct-2501/mistralai--Mistral-Small-24B-Instruct-2501_task-ACSIncome/mistralai--Mistral-Small-24B-Instruct-2501_bench-2602176855/ACSIncome_full_seed-42_hash-1998608642.test_predictions.csv
ACSIncome,mistralai--Mistral-Small-24B-Instruct-2501,1,1,0.7988422575976846,0.7537999399218984,2339715966,0,text,:,low,default,results/folktexts/0-variations/model-mistralai--Mistral-Small-24B-Instruct-2501/mistralai--Mistral-Small-24B-Instruct-2501_task-ACSIncome/mistralai--Mistral-Small-24B-Instruct-2501_bench-2339715966/results.bench-2339715966.json,results/folktexts/0-variations/model-mistralai--Mistral-Small-24B-Instruct-2501/mistralai--Mistral-Small-24B-Instruct-2501_task-ACSIncome/mistralai--Mistral-Small-24B-Instruct-2501_bench-1037337141/ACSIncome_full_seed-42_hash-1998608642.test_predictions.csv
ACSIncome,mistralai--Mistral-Small-24B-Instruct-2501,1,1,0.7988904299583911,0.7662601381796336,1903986773,0,text,is,original,rand 2,results/folktexts/0-variations/model-mistralai--Mistral-Small-24B-Instruct-2501/mistralai--Mistral-Small-24B-Instruct-2501_task-ACSIncome/mistralai--Mistral-Small-24B-Instruct-2501_bench-1903986773/results.bench-1903986773.json,results/folktexts/0-variations/model-mistralai--Mistral-Small-24B-Instruct-2501/mistralai--Mistral-Small-24B-Instruct-2501_task-ACSIncome/mistralai--Mistral-Small-24B-Instruct-2501_bench-3218946385/ACSIncome_full_seed-42_hash-1998608642.test_predictions.csv
ACSIncome,mistralai--Mistral-Small-24B-Instruct-2501,1,1,0.9046114971572963,0.7425713427455692,2708816222,0,comma,is,low,rand 2,results/folktexts/0-variations/model-mistralai--Mistral-Small-24B-Instruct-2501/mistralai--Mistral-Small-24B-Instruct-2501_task-ACSIncome/mistralai--Mistral-Small-24B-Instruct-2501_bench-2708816222/results.bench-2708816222.json,results/folktexts/0-variations/model-mistralai--Mistral-Small-24B-Instruct-2501/mistralai--Mistral-Small-24B-Instruct-2501_task-ACSIncome/mistralai--Mistral-Small-24B-Instruct-2501_bench-126558014/ACSIncome_full_seed-42_hash-1998608642.test_predictions.csv
ACSIncome,mistralai--Mistral-Small-24B-Instruct-2501,1,1,0.8177269478198713,0.7622409131871433,4181206435,0,text,is,low,rand 3,results/folktexts/0-variations/model-mistralai--Mistral-Small-24B-Instruct-2501/mistralai--Mistral-Small-24B-Instruct-2501_task-ACSIncome/mistralai--Mistral-Small-24B-Instruct-2501_bench-4181206435/results.bench-4181206435.json,results/folktexts/0-variations/model-mistralai--Mistral-Small-24B-Instruct-2501/mistralai--Mistral-Small-24B-Instruct-2501_task-ACSIncome/mistralai--Mistral-Small-24B-Instruct-2501_bench-4153965316/ACSIncome_full_seed-42_hash-1998608642.test_predictions.csv
ACSIncome,mistralai--Mistral-Small-24B-Instruct-2501,1,1,0.8184281842818428,0.7775608290778011,2841909081,0,text,is,original,default,results/folktexts/0-variations/model-mistralai--Mistral-Small-24B-Instruct-2501/mistralai--Mistral-Small-24B-Instruct-2501_task-ACSIncome/mistralai--Mistral-Small-24B-Instruct-2501_bench-2841909081/results.bench-2841909081.json,results/folktexts/0-variations/model-mistralai--Mistral-Small-24B-Instruct-2501/mistralai--Mistral-Small-24B-Instruct-2501_task-ACSIncome/mistralai--Mistral-Small-24B-Instruct-2501_bench-3832568019/ACSIncome_full_seed-42_hash-1998608642.test_predictions.csv
ACSIncome,mistralai--Mistral-Small-24B-Instruct-2501,1,1,0.7773279352226721,0.7528026434364674,760438250,0,comma,is,low,rand 3,results/folktexts/0-variations/model-mistralai--Mistral-Small-24B-Instruct-2501/mistralai--Mistral-Small-24B-Instruct-2501_task-ACSIncome/mistralai--Mistral-Small-24B-Instruct-2501_bench-760438250/results.bench-760438250.json,results/folktexts/0-variations/model-mistralai--Mistral-Small-24B-Instruct-2501/mistralai--Mistral-Small-24B-Instruct-2501_task-ACSIncome/mistralai--Mistral-Small-24B-Instruct-2501_bench-2669908164/ACSIncome_full_seed-42_hash-1998608642.test_predictions.csv
ACSIncome,mistralai--Mistral-Small-24B-Instruct-2501,1,1,0.8811282740094023,0.7648603184139381,3093144363,0,comma,:,low,rand 3,results/folktexts/0-variations/model-mistralai--Mistral-Small-24B-Instruct-2501/mistralai--Mistral-Small-24B-Instruct-2501_task-ACSIncome/mistralai--Mistral-Small-24B-Instruct-2501_bench-3093144363/results.bench-3093144363.json,results/folktexts/0-variations/model-mistralai--Mistral-Small-24B-Instruct-2501/mistralai--Mistral-Small-24B-Instruct-2501_task-ACSIncome/mistralai--Mistral-Small-24B-Instruct-2501_bench-4204908287/ACSIncome_full_seed-42_hash-1998608642.test_predictions.csv
ACSIncome,meta-llama--Meta-Llama-3.3-70B-Instruct,1,0,0.5,0.5868188645238811,3891345498,0,comma,is,low, reversed,results/folktexts/0-variations/model-meta-llama--Meta-Llama-3.3-70B-Instruct/meta-llama--Meta-Llama-3.3-70B-Instruct_task-ACSIncome/meta-llama--Meta-Llama-3.3-70B-Instruct_bench-3891345498/results.bench-3891345498.json,results/folktexts/0-variations/model-meta-llama--Meta-Llama-3.3-70B-Instruct/meta-llama--Meta-Llama-3.3-70B-Instruct_task-ACSIncome/meta-llama--Meta-Llama-3.3-70B-Instruct_bench-3891345498/ACSIncome_full_seed-42_hash-1998608642.test_predictions.csv
ACSIncome,meta-llama--Meta-Llama-3.3-70B-Instruct,1,1,0.9993750918067316,0.7758486031841394,524719300,0,bullet,is,original,rand 1,results/folktexts/0-variations/model-meta-llama--Meta-Llama-3.3-70B-Instruct/meta-llama--Meta-Llama-3.3-70B-Instruct_task-ACSIncome/meta-llama--Meta-Llama-3.3-70B-Instruct_bench-524719300/results.bench-524719300.json,results/folktexts/0-variations/model-meta-llama--Meta-Llama-3.3-70B-Instruct/meta-llama--Meta-Llama-3.3-70B-Instruct_task-ACSIncome/meta-llama--Meta-Llama-3.3-70B-Instruct_bench-1008276075/ACSIncome_full_seed-42_hash-1998608642.test_predictions.csv
ACSIncome,meta-llama--Meta-Llama-3.3-70B-Instruct,1,1,0.9889624724061811,0.7205046560528687,2838736831,0,bullet,:,low,rand 2,results/folktexts/0-variations/model-meta-llama--Meta-Llama-3.3-70B-Instruct/meta-llama--Meta-Llama-3.3-70B-Instruct_task-ACSIncome/meta-llama--Meta-Llama-3.3-70B-Instruct_bench-2838736831/results.bench-2838736831.json,results/folktexts/0-variations/model-meta-llama--Meta-Llama-3.3-70B-Instruct/meta-llama--Meta-Llama-3.3-70B-Instruct_task-ACSIncome/meta-llama--Meta-Llama-3.3-70B-Instruct_bench-3642186494/ACSIncome_full_seed-42_hash-1998608642.test_predictions.csv
ACSIncome,meta-llama--Meta-Llama-3.3-70B-Instruct,1,1,0.9992872885165733,0.7619825773505557,2023784981,0,text,:,low, reversed,results/folktexts/0-variations/model-meta-llama--Meta-Llama-3.3-70B-Instruct/meta-llama--Meta-Llama-3.3-70B-Instruct_task-ACSIncome/meta-llama--Meta-Llama-3.3-70B-Instruct_bench-2023784981/results.bench-2023784981.json,results/folktexts/0-variations/model-meta-llama--Meta-Llama-3.3-70B-Instruct/meta-llama--Meta-Llama-3.3-70B-Instruct_task-ACSIncome/meta-llama--Meta-Llama-3.3-70B-Instruct_bench-2058731547/ACSIncome_full_seed-42_hash-1998608642.test_predictions.csv
ACSIncome,meta-llama--Meta-Llama-3.3-70B-Instruct,1,1,0.9980710545922169,0.7661339741664164,1456215783,0,bullet,is,original,rand 3,results/folktexts/0-variations/model-meta-llama--Meta-Llama-3.3-70B-Instruct/meta-llama--Meta-Llama-3.3-70B-Instruct_task-ACSIncome/meta-llama--Meta-Llama-3.3-70B-Instruct_bench-1456215783/results.bench-1456215783.json,results/folktexts/0-variations/model-meta-llama--Meta-Llama-3.3-70B-Instruct/meta-llama--Meta-Llama-3.3-70B-Instruct_task-ACSIncome/meta-llama--Meta-Llama-3.3-70B-Instruct_bench-575338841/ACSIncome_full_seed-42_hash-1998608642.test_predictions.csv
ACSIncome,meta-llama--Meta-Llama-3.3-70B-Instruct,1,1,0.998755773002383,0.7607089215980775,708230882,0,comma,:,low,rand 3,results/folktexts/0-variations/model-meta-llama--Meta-Llama-3.3-70B-Instruct/meta-llama--Meta-Llama-3.3-70B-Instruct_task-ACSIncome/meta-llama--Meta-Llama-3.3-70B-Instruct_bench-708230882/results.bench-708230882.json,results/folktexts/0-variations/model-meta-llama--Meta-Llama-3.3-70B-Instruct/meta-llama--Meta-Llama-3.3-70B-Instruct_task-ACSIncome/meta-llama--Meta-Llama-3.3-70B-Instruct_bench-425195292/ACSIncome_full_seed-42_hash-1998608642.test_predictions.csv
ACSIncome,meta-llama--Meta-Llama-3.3-70B-Instruct,1,0,0.5,0.5944968458996696,1177027320,0,text,is,low, reversed,results/folktexts/0-variations/model-meta-llama--Meta-Llama-3.3-70B-Instruct/meta-llama--Meta-Llama-3.3-70B-Instruct_task-ACSIncome/meta-llama--Meta-Llama-3.3-70B-Instruct_bench-1177027320/results.bench-1177027320.json,results/folktexts/0-variations/model-meta-llama--Meta-Llama-3.3-70B-Instruct/meta-llama--Meta-Llama-3.3-70B-Instruct_task-ACSIncome/meta-llama--Meta-Llama-3.3-70B-Instruct_bench-1177027320/ACSIncome_full_seed-42_hash-1998608642.test_predictions.csv
ACSIncome,meta-llama--Meta-Llama-3.3-70B-Instruct,1,0,0.5,0.6013637729047762,637699587,0,text,=,low,default,results/folktexts/0-variations/model-meta-llama--Meta-Llama-3.3-70B-Instruct/meta-llama--Meta-Llama-3.3-70B-Instruct_task-ACSIncome/meta-llama--Meta-Llama-3.3-70B-Instruct_bench-637699587/results.bench-637699587.json,results/folktexts/0-variations/model-meta-llama--Meta-Llama-3.3-70B-Instruct/meta-llama--Meta-Llama-3.3-70B-Instruct_task-ACSIncome/meta-llama--Meta-Llama-3.3-70B-Instruct_bench-637699587/ACSIncome_full_seed-42_hash-1998608642.test_predictions.csv
ACSIncome,meta-llama--Meta-Llama-3.3-70B-Instruct,1,0,0.5,0.6188284770201261,466466570,0,bullet,=,original,rand 1,results/folktexts/0-variations/model-meta-llama--Meta-Llama-3.3-70B-Instruct/meta-llama--Meta-Llama-3.3-70B-Instruct_task-ACSIncome/meta-llama--Meta-Llama-3.3-70B-Instruct_bench-466466570/results.bench-466466570.json,results/folktexts/0-variations/model-meta-llama--Meta-Llama-3.3-70B-Instruct/meta-llama--Meta-Llama-3.3-70B-Instruct_task-ACSIncome/meta-llama--Meta-Llama-3.3-70B-Instruct_bench-466466570/ACSIncome_full_seed-42_hash-1998608642.test_predictions.csv
ACSIncome,meta-llama--Meta-Llama-3.3-70B-Instruct,1,0,0.5,0.6145629318113548,4288314322,0,bullet,is,low,rand 1,results/folktexts/0-variations/model-meta-llama--Meta-Llama-3.3-70B-Instruct/meta-llama--Meta-Llama-3.3-70B-Instruct_task-ACSIncome/meta-llama--Meta-Llama-3.3-70B-Instruct_bench-4288314322/results.bench-4288314322.json,results/folktexts/0-variations/model-meta-llama--Meta-Llama-3.3-70B-Instruct/meta-llama--Meta-Llama-3.3-70B-Instruct_task-ACSIncome/meta-llama--Meta-Llama-3.3-70B-Instruct_bench-4288314322/ACSIncome_full_seed-42_hash-1998608642.test_predictions.csv
ACSIncome,meta-llama--Meta-Llama-3.3-70B-Instruct,1,0,0.5,0.6203965154701111,2019944247,0,text,:,low,rand 1,results/folktexts/0-variations/model-meta-llama--Meta-Llama-3.3-70B-Instruct/meta-llama--Meta-Llama-3.3-70B-Instruct_task-ACSIncome/meta-llama--Meta-Llama-3.3-70B-Instruct_bench-2019944247/results.bench-2019944247.json,results/folktexts/0-variations/model-meta-llama--Meta-Llama-3.3-70B-Instruct/meta-llama--Meta-Llama-3.3-70B-Instruct_task-ACSIncome/meta-llama--Meta-Llama-3.3-70B-Instruct_bench-2019944247/ACSIncome_full_seed-42_hash-1998608642.test_predictions.csv
ACSIncome,meta-llama--Meta-Llama-3.3-70B-Instruct,1,1,0.9990846255460729,0.7628537098227696,4027805223,0,text,:,low,rand 3,results/folktexts/0-variations/model-meta-llama--Meta-Llama-3.3-70B-Instruct/meta-llama--Meta-Llama-3.3-70B-Instruct_task-ACSIncome/meta-llama--Meta-Llama-3.3-70B-Instruct_bench-4027805223/results.bench-4027805223.json,results/folktexts/0-variations/model-meta-llama--Meta-Llama-3.3-70B-Instruct/meta-llama--Meta-Llama-3.3-70B-Instruct_task-ACSIncome/meta-llama--Meta-Llama-3.3-70B-Instruct_bench-2849313398/ACSIncome_full_seed-42_hash-1998608642.test_predictions.csv
ACSIncome,meta-llama--Meta-Llama-3.3-70B-Instruct,1,0,0.5,0.627059176930009,2240037057,0,bullet,:,low,rand 3,results/folktexts/0-variations/model-meta-llama--Meta-Llama-3.3-70B-Instruct/meta-llama--Meta-Llama-3.3-70B-Instruct_task-ACSIncome/meta-llama--Meta-Llama-3.3-70B-Instruct_bench-2240037057/results.bench-2240037057.json,results/folktexts/0-variations/model-meta-llama--Meta-Llama-3.3-70B-Instruct/meta-llama--Meta-Llama-3.3-70B-Instruct_task-ACSIncome/meta-llama--Meta-Llama-3.3-70B-Instruct_bench-2240037057/ACSIncome_full_seed-42_hash-1998608642.test_predictions.csv
ACSIncome,meta-llama--Meta-Llama-3.3-70B-Instruct,1,1,0.9989649634168104,0.741087413637729,3270947147,0,comma,is,low,rand 2,results/folktexts/0-variations/model-meta-llama--Meta-Llama-3.3-70B-Instruct/meta-llama--Meta-Llama-3.3-70B-Instruct_task-ACSIncome/meta-llama--Meta-Llama-3.3-70B-Instruct_bench-3270947147/results.bench-3270947147.json,results/folktexts/0-variations/model-meta-llama--Meta-Llama-3.3-70B-Instruct/meta-llama--Meta-Llama-3.3-70B-Instruct_task-ACSIncome/meta-llama--Meta-Llama-3.3-70B-Instruct_bench-2235210457/ACSIncome_full_seed-42_hash-1998608642.test_predictions.csv
ACSIncome,meta-llama--Meta-Llama-3.3-70B-Instruct,1,0,0.5,0.6217542805647341,3642186494,0,bullet,:,low,rand 2,results/folktexts/0-variations/model-meta-llama--Meta-Llama-3.3-70B-Instruct/meta-llama--Meta-Llama-3.3-70B-Instruct_task-ACSIncome/meta-llama--Meta-Llama-3.3-70B-Instruct_bench-3642186494/results.bench-3642186494.json,results/folktexts/0-variations/model-meta-llama--Meta-Llama-3.3-70B-Instruct/meta-llama--Meta-Llama-3.3-70B-Instruct_task-ACSIncome/meta-llama--Meta-Llama-3.3-70B-Instruct_bench-3642186494/ACSIncome_full_seed-42_hash-1998608642.test_predictions.csv
ACSIncome,meta-llama--Meta-Llama-3.3-70B-Instruct,1,0,0.5,0.6255151697206368,1634932459,0,bullet,:,original,rand 2,results/folktexts/0-variations/model-meta-llama--Meta-Llama-3.3-70B-Instruct/meta-llama--Meta-Llama-3.3-70B-Instruct_task-ACSIncome/meta-llama--Meta-Llama-3.3-70B-Instruct_bench-1634932459/results.bench-1634932459.json,results/folktexts/0-variations/model-meta-llama--Meta-Llama-3.3-70B-Instruct/meta-llama--Meta-Llama-3.3-70B-Instruct_task-ACSIncome/meta-llama--Meta-Llama-3.3-70B-Instruct_bench-1634932459/ACSIncome_full_seed-42_hash-1998608642.test_predictions.csv
ACSIncome,meta-llama--Meta-Llama-3.3-70B-Instruct,1,0,0.5,0.6079303094022229,3174278538,0,bullet,is,original, reversed,results/folktexts/0-variations/model-meta-llama--Meta-Llama-3.3-70B-Instruct/meta-llama--Meta-Llama-3.3-70B-Instruct_task-ACSIncome/meta-llama--Meta-Llama-3.3-70B-Instruct_bench-3174278538/results.bench-3174278538.json,results/folktexts/0-variations/model-meta-llama--Meta-Llama-3.3-70B-Instruct/meta-llama--Meta-Llama-3.3-70B-Instruct_task-ACSIncome/meta-llama--Meta-Llama-3.3-70B-Instruct_bench-3174278538/ACSIncome_full_seed-42_hash-1998608642.test_predictions.csv
ACSIncome,meta-llama--Meta-Llama-3.3-70B-Instruct,1,0,0.5,0.6177110243316312,1322859140,0,text,is,original,rand 1,results/folktexts/0-variations/model-meta-llama--Meta-Llama-3.3-70B-Instruct/meta-llama--Meta-Llama-3.3-70B-Instruct_task-ACSIncome/meta-llama--Meta-Llama-3.3-70B-Instruct_bench-1322859140/results.bench-1322859140.json,results/folktexts/0-variations/model-meta-llama--Meta-Llama-3.3-70B-Instruct/meta-llama--Meta-Llama-3.3-70B-Instruct_task-ACSIncome/meta-llama--Meta-Llama-3.3-70B-Instruct_bench-1322859140/ACSIncome_full_seed-42_hash-1998608642.test_predictions.csv
ACSIncome,meta-llama--Meta-Llama-3.3-70B-Instruct,1,1,0.9995408065536089,0.7646620606788825,3353334642,0,text,is,low,default,results/folktexts/0-variations/model-meta-llama--Meta-Llama-3.3-70B-Instruct/meta-llama--Meta-Llama-3.3-70B-Instruct_task-ACSIncome/meta-llama--Meta-Llama-3.3-70B-Instruct_bench-3353334642/results.bench-3353334642.json,results/folktexts/0-variations/model-meta-llama--Meta-Llama-3.3-70B-Instruct/meta-llama--Meta-Llama-3.3-70B-Instruct_task-ACSIncome/meta-llama--Meta-Llama-3.3-70B-Instruct_bench-363181908/ACSIncome_full_seed-42_hash-1998608642.test_predictions.csv
ACSIncome,meta-llama--Meta-Llama-3.3-70B-Instruct,1,1,0.9980710545922168,0.7661159507359567,828466162,0,bullet,is,original,rand 3,results/folktexts/0-variations/model-meta-llama--Meta-Llama-3.3-70B-Instruct/meta-llama--Meta-Llama-3.3-70B-Instruct_task-ACSIncome/meta-llama--Meta-Llama-3.3-70B-Instruct_bench-828466162/results.bench-828466162.json,results/folktexts/0-variations/model-meta-llama--Meta-Llama-3.3-70B-Instruct/meta-llama--Meta-Llama-3.3-70B-Instruct_task-ACSIncome/meta-llama--Meta-Llama-3.3-70B-Instruct_bench-575338841/ACSIncome_full_seed-42_hash-1998608642.test_predictions.csv
ACSIncome,meta-llama--Meta-Llama-3.3-70B-Instruct,1,1,0.9994113888707219,0.7894623009912887,3953032439,0,bullet,is,original,default,results/folktexts/0-variations/model-meta-llama--Meta-Llama-3.3-70B-Instruct/meta-llama--Meta-Llama-3.3-70B-Instruct_task-ACSIncome/meta-llama--Meta-Llama-3.3-70B-Instruct_bench-3953032439/results.bench-3953032439.json,results/folktexts/0-variations/model-meta-llama--Meta-Llama-3.3-70B-Instruct/meta-llama--Meta-Llama-3.3-70B-Instruct_task-ACSIncome/meta-llama--Meta-Llama-3.3-70B-Instruct_bench-604187024/ACSIncome_full_seed-42_hash-1998608642.test_predictions.csv
ACSIncome,meta-llama--Meta-Llama-3.3-70B-Instruct,1,1,0.9995426054115657,0.782775608290778,1233601121,0,text,:,original,default,results/folktexts/0-variations/model-meta-llama--Meta-Llama-3.3-70B-Instruct/meta-llama--Meta-Llama-3.3-70B-Instruct_task-ACSIncome/meta-llama--Meta-Llama-3.3-70B-Instruct_bench-1233601121/results.bench-1233601121.json,results/folktexts/0-variations/model-meta-llama--Meta-Llama-3.3-70B-Instruct/meta-llama--Meta-Llama-3.3-70B-Instruct_task-ACSIncome/meta-llama--Meta-Llama-3.3-70B-Instruct_bench-1754405284/ACSIncome_full_seed-42_hash-1998608642.test_predictions.csv
ACSIncome,meta-llama--Meta-Llama-3.3-70B-Instruct,1,0,0.5,0.6079062781616101,3546242641,0,comma,=,original,rand 1,results/folktexts/0-variations/model-meta-llama--Meta-Llama-3.3-70B-Instruct/meta-llama--Meta-Llama-3.3-70B-Instruct_task-ACSIncome/meta-llama--Meta-Llama-3.3-70B-Instruct_bench-3546242641/results.bench-3546242641.json,results/folktexts/0-variations/model-meta-llama--Meta-Llama-3.3-70B-Instruct/meta-llama--Meta-Llama-3.3-70B-Instruct_task-ACSIncome/meta-llama--Meta-Llama-3.3-70B-Instruct_bench-3546242641/ACSIncome_full_seed-42_hash-1998608642.test_predictions.csv
ACSIncome,meta-llama--Meta-Llama-3.3-70B-Instruct,1,0,0.5,0.6121778311805347,2868626955,0,text,:,low,rand 2,results/folktexts/0-variations/model-meta-llama--Meta-Llama-3.3-70B-Instruct/meta-llama--Meta-Llama-3.3-70B-Instruct_task-ACSIncome/meta-llama--Meta-Llama-3.3-70B-Instruct_bench-2868626955/results.bench-2868626955.json,results/folktexts/0-variations/model-meta-llama--Meta-Llama-3.3-70B-Instruct/meta-llama--Meta-Llama-3.3-70B-Instruct_task-ACSIncome/meta-llama--Meta-Llama-3.3-70B-Instruct_bench-2868626955/ACSIncome_full_seed-42_hash-1998608642.test_predictions.csv
ACSIncome,meta-llama--Meta-Llama-3.3-70B-Instruct,1,0,0.5,0.6159026734755182,1415419500,0,text,is,original,rand 2,results/folktexts/0-variations/model-meta-llama--Meta-Llama-3.3-70B-Instruct/meta-llama--Meta-Llama-3.3-70B-Instruct_task-ACSIncome/meta-llama--Meta-Llama-3.3-70B-Instruct_bench-1415419500/results.bench-1415419500.json,results/folktexts/0-variations/model-meta-llama--Meta-Llama-3.3-70B-Instruct/meta-llama--Meta-Llama-3.3-70B-Instruct_task-ACSIncome/meta-llama--Meta-Llama-3.3-70B-Instruct_bench-1415419500/ACSIncome_full_seed-42_hash-1998608642.test_predictions.csv
ACSIncome,meta-llama--Meta-Llama-3.3-70B-Instruct,1,0,0.5,0.6175367978371884,3442845078,0,text,=,original,rand 1,results/folktexts/0-variations/model-meta-llama--Meta-Llama-3.3-70B-Instruct/meta-llama--Meta-Llama-3.3-70B-Instruct_task-ACSIncome/meta-llama--Meta-Llama-3.3-70B-Instruct_bench-3442845078/results.bench-3442845078.json,results/folktexts/0-variations/model-meta-llama--Meta-Llama-3.3-70B-Instruct/meta-llama--Meta-Llama-3.3-70B-Instruct_task-ACSIncome/meta-llama--Meta-Llama-3.3-70B-Instruct_bench-3442845078/ACSIncome_full_seed-42_hash-1998608642.test_predictions.csv
ACSIncome,meta-llama--Meta-Llama-3.3-70B-Instruct,1,1,0.9970206219695051,0.7593151096425353,1893737285,0,bullet,:,low,rand 3,results/folktexts/0-variations/model-meta-llama--Meta-Llama-3.3-70B-Instruct/meta-llama--Meta-Llama-3.3-70B-Instruct_task-ACSIncome/meta-llama--Meta-Llama-3.3-70B-Instruct_bench-1893737285/results.bench-1893737285.json,results/folktexts/0-variations/model-meta-llama--Meta-Llama-3.3-70B-Instruct/meta-llama--Meta-Llama-3.3-70B-Instruct_task-ACSIncome/meta-llama--Meta-Llama-3.3-70B-Instruct_bench-2240037057/ACSIncome_full_seed-42_hash-1998608642.test_predictions.csv
ACSIncome,meta-llama--Meta-Llama-3.3-70B-Instruct,1,1,0.999411388870722,0.7894623009912887,3212939787,0,bullet,is,original,default,results/folktexts/0-variations/model-meta-llama--Meta-Llama-3.3-70B-Instruct/meta-llama--Meta-Llama-3.3-70B-Instruct_task-ACSIncome/meta-llama--Meta-Llama-3.3-70B-Instruct_bench-3212939787/results.bench-3212939787.json,results/folktexts/0-variations/model-meta-llama--Meta-Llama-3.3-70B-Instruct/meta-llama--Meta-Llama-3.3-70B-Instruct_task-ACSIncome/meta-llama--Meta-Llama-3.3-70B-Instruct_bench-604187024/ACSIncome_full_seed-42_hash-1998608642.test_predictions.csv
ACSIncome,meta-llama--Meta-Llama-3.3-70B-Instruct,1,1,0.9889624724061812,0.7205046560528687,1110906322,0,bullet,:,low,rand 2,results/folktexts/0-variations/model-meta-llama--Meta-Llama-3.3-70B-Instruct/meta-llama--Meta-Llama-3.3-70B-Instruct_task-ACSIncome/meta-llama--Meta-Llama-3.3-70B-Instruct_bench-1110906322/results.bench-1110906322.json,results/folktexts/0-variations/model-meta-llama--Meta-Llama-3.3-70B-Instruct/meta-llama--Meta-Llama-3.3-70B-Instruct_task-ACSIncome/meta-llama--Meta-Llama-3.3-70B-Instruct_bench-3642186494/ACSIncome_full_seed-42_hash-1998608642.test_predictions.csv
ACSIncome,meta-llama--Meta-Llama-3.3-70B-Instruct,1,1,0.9995932644594485,0.7835386001802344,2338281700,0,text,is,original,default,results/folktexts/0-variations/model-meta-llama--Meta-Llama-3.3-70B-Instruct/meta-llama--Meta-Llama-3.3-70B-Instruct_task-ACSIncome/meta-llama--Meta-Llama-3.3-70B-Instruct_bench-2338281700/results.bench-2338281700.json,results/folktexts/0-variations/model-meta-llama--Meta-Llama-3.3-70B-Instruct/meta-llama--Meta-Llama-3.3-70B-Instruct_task-ACSIncome/meta-llama--Meta-Llama-3.3-70B-Instruct_bench-1520140278/ACSIncome_full_seed-42_hash-1998608642.test_predictions.csv
ACSIncome,meta-llama--Meta-Llama-3.3-70B-Instruct,1,1,0.9981952273790691,0.7419104836287174,1188698085,0,text,=,low, reversed,results/folktexts/0-variations/model-meta-llama--Meta-Llama-3.3-70B-Instruct/meta-llama--Meta-Llama-3.3-70B-Instruct_task-ACSIncome/meta-llama--Meta-Llama-3.3-70B-Instruct_bench-1188698085/results.bench-1188698085.json,results/folktexts/0-variations/model-meta-llama--Meta-Llama-3.3-70B-Instruct/meta-llama--Meta-Llama-3.3-70B-Instruct_task-ACSIncome/meta-llama--Meta-Llama-3.3-70B-Instruct_bench-1878769158/ACSIncome_full_seed-42_hash-1998608642.test_predictions.csv
ACSIncome,meta-llama--Meta-Llama-3.3-70B-Instruct,1,1,0.9986767954199197,0.7533133072994893,1742133950,0,text,:,low,rand 1,results/folktexts/0-variations/model-meta-llama--Meta-Llama-3.3-70B-Instruct/meta-llama--Meta-Llama-3.3-70B-Instruct_task-ACSIncome/meta-llama--Meta-Llama-3.3-70B-Instruct_bench-1742133950/results.bench-1742133950.json,results/folktexts/0-variations/model-meta-llama--Meta-Llama-3.3-70B-Instruct/meta-llama--Meta-Llama-3.3-70B-Instruct_task-ACSIncome/meta-llama--Meta-Llama-3.3-70B-Instruct_bench-2019944247/ACSIncome_full_seed-42_hash-1998608642.test_predictions.csv
ACSIncome,meta-llama--Meta-Llama-3.3-70B-Instruct,1,1,0.9992926221001378,0.7581195554220487,1997235253,0,text,is,original, reversed,results/folktexts/0-variations/model-meta-llama--Meta-Llama-3.3-70B-Instruct/meta-llama--Meta-Llama-3.3-70B-Instruct_task-ACSIncome/meta-llama--Meta-Llama-3.3-70B-Instruct_bench-1997235253/results.bench-1997235253.json,results/folktexts/0-variations/model-meta-llama--Meta-Llama-3.3-70B-Instruct/meta-llama--Meta-Llama-3.3-70B-Instruct_task-ACSIncome/meta-llama--Meta-Llama-3.3-70B-Instruct_bench-4279203404/ACSIncome_full_seed-42_hash-1998608642.test_predictions.csv
ACSIncome,meta-llama--Meta-Llama-3.3-70B-Instruct,1,1,0.9993757173117134,0.7774226494442775,3334301901,0,comma,is,original,default,results/folktexts/0-variations/model-meta-llama--Meta-Llama-3.3-70B-Instruct/meta-llama--Meta-Llama-3.3-70B-Instruct_task-ACSIncome/meta-llama--Meta-Llama-3.3-70B-Instruct_bench-3334301901/results.bench-3334301901.json,results/folktexts/0-variations/model-meta-llama--Meta-Llama-3.3-70B-Instruct/meta-llama--Meta-Llama-3.3-70B-Instruct_task-ACSIncome/meta-llama--Meta-Llama-3.3-70B-Instruct_bench-392616494/ACSIncome_full_seed-42_hash-1998608642.test_predictions.csv
ACSIncome,meta-llama--Meta-Llama-3.3-70B-Instruct,1,1,0.9985926262480745,0.7439591468909582,3884877022,0,comma,is,low, reversed,results/folktexts/0-variations/model-meta-llama--Meta-Llama-3.3-70B-Instruct/meta-llama--Meta-Llama-3.3-70B-Instruct_task-ACSIncome/meta-llama--Meta-Llama-3.3-70B-Instruct_bench-3884877022/results.bench-3884877022.json,results/folktexts/0-variations/model-meta-llama--Meta-Llama-3.3-70B-Instruct/meta-llama--Meta-Llama-3.3-70B-Instruct_task-ACSIncome/meta-llama--Meta-Llama-3.3-70B-Instruct_bench-3891345498/ACSIncome_full_seed-42_hash-1998608642.test_predictions.csv
ACSIncome,meta-llama--Meta-Llama-3.3-70B-Instruct,1,1,0.9980800125386936,0.7582757584860318,916999129,0,bullet,=,low, reversed,results/folktexts/0-variations/model-meta-llama--Meta-Llama-3.3-70B-Instruct/meta-llama--Meta-Llama-3.3-70B-Instruct_task-ACSIncome/meta-llama--Meta-Llama-3.3-70B-Instruct_bench-916999129/results.bench-916999129.json,results/folktexts/0-variations/model-meta-llama--Meta-Llama-3.3-70B-Instruct/meta-llama--Meta-Llama-3.3-70B-Instruct_task-ACSIncome/meta-llama--Meta-Llama-3.3-70B-Instruct_bench-1661441697/ACSIncome_full_seed-42_hash-1998608642.test_predictions.csv
ACSIncome,meta-llama--Meta-Llama-3.3-70B-Instruct,1,1,0.9993346049771548,0.7604265545208772,3439095336,0,text,:,low,default,results/folktexts/0-variations/model-meta-llama--Meta-Llama-3.3-70B-Instruct/meta-llama--Meta-Llama-3.3-70B-Instruct_task-ACSIncome/meta-llama--Meta-Llama-3.3-70B-Instruct_bench-3439095336/results.bench-3439095336.json,results/folktexts/0-variations/model-meta-llama--Meta-Llama-3.3-70B-Instruct/meta-llama--Meta-Llama-3.3-70B-Instruct_task-ACSIncome/meta-llama--Meta-Llama-3.3-70B-Instruct_bench-3423783879/ACSIncome_full_seed-42_hash-1998608642.test_predictions.csv
ACSIncome,meta-llama--Meta-Llama-3.3-70B-Instruct,1,1,0.9994121887650419,0.7659777711024331,97072808,0,text,is,original,rand 1,results/folktexts/0-variations/model-meta-llama--Meta-Llama-3.3-70B-Instruct/meta-llama--Meta-Llama-3.3-70B-Instruct_task-ACSIncome/meta-llama--Meta-Llama-3.3-70B-Instruct_bench-97072808/results.bench-97072808.json,results/folktexts/0-variations/model-meta-llama--Meta-Llama-3.3-70B-Instruct/meta-llama--Meta-Llama-3.3-70B-Instruct_task-ACSIncome/meta-llama--Meta-Llama-3.3-70B-Instruct_bench-1322859140/ACSIncome_full_seed-42_hash-1998608642.test_predictions.csv
ACSIncome,meta-llama--Meta-Llama-3.3-70B-Instruct,1,1,0.9993318343503683,0.7672934815259838,4179582419,0,comma,=,original, reversed,results/folktexts/0-variations/model-meta-llama--Meta-Llama-3.3-70B-Instruct/meta-llama--Meta-Llama-3.3-70B-Instruct_task-ACSIncome/meta-llama--Meta-Llama-3.3-70B-Instruct_bench-4179582419/results.bench-4179582419.json,results/folktexts/0-variations/model-meta-llama--Meta-Llama-3.3-70B-Instruct/meta-llama--Meta-Llama-3.3-70B-Instruct_task-ACSIncome/meta-llama--Meta-Llama-3.3-70B-Instruct_bench-4123521426/ACSIncome_full_seed-42_hash-1998608642.test_predictions.csv
ACSIncome,meta-llama--Meta-Llama-3.3-70B-Instruct,1,0,0.5,0.6197656954040253,1688111224,0,bullet,:,low,rand 1,results/folktexts/0-variations/model-meta-llama--Meta-Llama-3.3-70B-Instruct/meta-llama--Meta-Llama-3.3-70B-Instruct_task-ACSIncome/meta-llama--Meta-Llama-3.3-70B-Instruct_bench-1688111224/results.bench-1688111224.json,results/folktexts/0-variations/model-meta-llama--Meta-Llama-3.3-70B-Instruct/meta-llama--Meta-Llama-3.3-70B-Instruct_task-ACSIncome/meta-llama--Meta-Llama-3.3-70B-Instruct_bench-1688111224/ACSIncome_full_seed-42_hash-1998608642.test_predictions.csv
ACSIncome,meta-llama--Meta-Llama-3.3-70B-Instruct,1,1,0.9986764193660745,0.7593932111745268,1550078364,0,bullet,is,low, reversed,results/folktexts/0-variations/model-meta-llama--Meta-Llama-3.3-70B-Instruct/meta-llama--Meta-Llama-3.3-70B-Instruct_task-ACSIncome/meta-llama--Meta-Llama-3.3-70B-Instruct_bench-1550078364/results.bench-1550078364.json,results/folktexts/0-variations/model-meta-llama--Meta-Llama-3.3-70B-Instruct/meta-llama--Meta-Llama-3.3-70B-Instruct_task-ACSIncome/meta-llama--Meta-Llama-3.3-70B-Instruct_bench-2919157384/ACSIncome_full_seed-42_hash-1998608642.test_predictions.csv
ACSIncome,meta-llama--Meta-Llama-3.3-70B-Instruct,1,1,0.9988984671704855,0.7638810453589666,4053338429,0,comma,=,original,rand 3,results/folktexts/0-variations/model-meta-llama--Meta-Llama-3.3-70B-Instruct/meta-llama--Meta-Llama-3.3-70B-Instruct_task-ACSIncome/meta-llama--Meta-Llama-3.3-70B-Instruct_bench-4053338429/results.bench-4053338429.json,results/folktexts/0-variations/model-meta-llama--Meta-Llama-3.3-70B-Instruct/meta-llama--Meta-Llama-3.3-70B-Instruct_task-ACSIncome/meta-llama--Meta-Llama-3.3-70B-Instruct_bench-3419107037/ACSIncome_full_seed-42_hash-1998608642.test_predictions.csv
ACSIncome,meta-llama--Meta-Llama-3.3-70B-Instruct,1,1,0.9978212076421963,0.7562931811354762,1150179663,0,text,=,original,rand 3,results/folktexts/0-variations/model-meta-llama--Meta-Llama-3.3-70B-Instruct/meta-llama--Meta-Llama-3.3-70B-Instruct_task-ACSIncome/meta-llama--Meta-Llama-3.3-70B-Instruct_bench-1150179663/results.bench-1150179663.json,results/folktexts/0-variations/model-meta-llama--Meta-Llama-3.3-70B-Instruct/meta-llama--Meta-Llama-3.3-70B-Instruct_task-ACSIncome/meta-llama--Meta-Llama-3.3-70B-Instruct_bench-2929307851/ACSIncome_full_seed-42_hash-1998608642.test_predictions.csv
ACSIncome,meta-llama--Meta-Llama-3.3-70B-Instruct,1,0,0.5,0.6085791528987684,2055212564,0,comma,=,low,rand 2,results/folktexts/0-variations/model-meta-llama--Meta-Llama-3.3-70B-Instruct/meta-llama--Meta-Llama-3.3-70B-Instruct_task-ACSIncome/meta-llama--Meta-Llama-3.3-70B-Instruct_bench-2055212564/results.bench-2055212564.json,results/folktexts/0-variations/model-meta-llama--Meta-Llama-3.3-70B-Instruct/meta-llama--Meta-Llama-3.3-70B-Instruct_task-ACSIncome/meta-llama--Meta-Llama-3.3-70B-Instruct_bench-2055212564/ACSIncome_full_seed-42_hash-1998608642.test_predictions.csv
ACSIncome,meta-llama--Meta-Llama-3.3-70B-Instruct,1,0,0.5,0.5993992189846801,1369924358,0,comma,is,low,rand 1,results/folktexts/0-variations/model-meta-llama--Meta-Llama-3.3-70B-Instruct/meta-llama--Meta-Llama-3.3-70B-Instruct_task-ACSIncome/meta-llama--Meta-Llama-3.3-70B-Instruct_bench-1369924358/results.bench-1369924358.json,results/folktexts/0-variations/model-meta-llama--Meta-Llama-3.3-70B-Instruct/meta-llama--Meta-Llama-3.3-70B-Instruct_task-ACSIncome/meta-llama--Meta-Llama-3.3-70B-Instruct_bench-1369924358/ACSIncome_full_seed-42_hash-1998608642.test_predictions.csv
ACSIncome,meta-llama--Meta-Llama-3.3-70B-Instruct,1,1,0.9991415759811894,0.7475337939321117,3591412731,0,text,is,low,rand 2,results/folktexts/0-variations/model-meta-llama--Meta-Llama-3.3-70B-Instruct/meta-llama--Meta-Llama-3.3-70B-Instruct_task-ACSIncome/meta-llama--Meta-Llama-3.3-70B-Instruct_bench-3591412731/results.bench-3591412731.json,results/folktexts/0-variations/model-meta-llama--Meta-Llama-3.3-70B-Instruct/meta-llama--Meta-Llama-3.3-70B-Instruct_task-ACSIncome/meta-llama--Meta-Llama-3.3-70B-Instruct_bench-1465956757/ACSIncome_full_seed-42_hash-1998608642.test_predictions.csv
ACSIncome,meta-llama--Meta-Llama-3.3-70B-Instruct,1,0,0.5,0.5930129167918293,4123521426,0,comma,=,original, reversed,results/folktexts/0-variations/model-meta-llama--Meta-Llama-3.3-70B-Instruct/meta-llama--Meta-Llama-3.3-70B-Instruct_task-ACSIncome/meta-llama--Meta-Llama-3.3-70B-Instruct_bench-4123521426/results.bench-4123521426.json,results/folktexts/0-variations/model-meta-llama--Meta-Llama-3.3-70B-Instruct/meta-llama--Meta-Llama-3.3-70B-Instruct_task-ACSIncome/meta-llama--Meta-Llama-3.3-70B-Instruct_bench-4123521426/ACSIncome_full_seed-42_hash-1998608642.test_predictions.csv
ACSIncome,meta-llama--Meta-Llama-3.3-70B-Instruct,1,1,0.9990904731193465,0.760210273355362,3086953077,0,text,=,low,default,results/folktexts/0-variations/model-meta-llama--Meta-Llama-3.3-70B-Instruct/meta-llama--Meta-Llama-3.3-70B-Instruct_task-ACSIncome/meta-llama--Meta-Llama-3.3-70B-Instruct_bench-3086953077/results.bench-3086953077.json,results/folktexts/0-variations/model-meta-llama--Meta-Llama-3.3-70B-Instruct/meta-llama--Meta-Llama-3.3-70B-Instruct_task-ACSIncome/meta-llama--Meta-Llama-3.3-70B-Instruct_bench-637699587/ACSIncome_full_seed-42_hash-1998608642.test_predictions.csv
ACSIncome,meta-llama--Meta-Llama-3.3-70B-Instruct,1,1,0.9970206219695052,0.7593151096425353,2554175103,0,bullet,:,low,rand 3,results/folktexts/0-variations/model-meta-llama--Meta-Llama-3.3-70B-Instruct/meta-llama--Meta-Llama-3.3-70B-Instruct_task-ACSIncome/meta-llama--Meta-Llama-3.3-70B-Instruct_bench-2554175103/results.bench-2554175103.json,results/folktexts/0-variations/model-meta-llama--Meta-Llama-3.3-70B-Instruct/meta-llama--Meta-Llama-3.3-70B-Instruct_task-ACSIncome/meta-llama--Meta-Llama-3.3-70B-Instruct_bench-2240037057/ACSIncome_full_seed-42_hash-1998608642.test_predictions.csv
ACSIncome,meta-llama--Meta-Llama-3.3-70B-Instruct,1,0,0.5,0.6064704115349955,3973734344,0,bullet,=,original, reversed,results/folktexts/0-variations/model-meta-llama--Meta-Llama-3.3-70B-Instruct/meta-llama--Meta-Llama-3.3-70B-Instruct_task-ACSIncome/meta-llama--Meta-Llama-3.3-70B-Instruct_bench-3973734344/results.bench-3973734344.json,results/folktexts/0-variations/model-meta-llama--Meta-Llama-3.3-70B-Instruct/meta-llama--Meta-Llama-3.3-70B-Instruct_task-ACSIncome/meta-llama--Meta-Llama-3.3-70B-Instruct_bench-3973734344/ACSIncome_full_seed-42_hash-1998608642.test_predictions.csv
ACSIncome,meta-llama--Meta-Llama-3.3-70B-Instruct,1,0,0.5,0.590315410033043,131751011,0,comma,=,low,default,results/folktexts/0-variations/model-meta-llama--Meta-Llama-3.3-70B-Instruct/meta-llama--Meta-Llama-3.3-70B-Instruct_task-ACSIncome/meta-llama--Meta-Llama-3.3-70B-Instruct_bench-131751011/results.bench-131751011.json,results/folktexts/0-variations/model-meta-llama--Meta-Llama-3.3-70B-Instruct/meta-llama--Meta-Llama-3.3-70B-Instruct_task-ACSIncome/meta-llama--Meta-Llama-3.3-70B-Instruct_bench-131751011/ACSIncome_full_seed-42_hash-1998608642.test_predictions.csv
ACSIncome,meta-llama--Meta-Llama-3.3-70B-Instruct,1,1,0.9985926262480744,0.7438930609792731,3164843192,0,comma,is,low, reversed,results/folktexts/0-variations/model-meta-llama--Meta-Llama-3.3-70B-Instruct/meta-llama--Meta-Llama-3.3-70B-Instruct_task-ACSIncome/meta-llama--Meta-Llama-3.3-70B-Instruct_bench-3164843192/results.bench-3164843192.json,results/folktexts/0-variations/model-meta-llama--Meta-Llama-3.3-70B-Instruct/meta-llama--Meta-Llama-3.3-70B-Instruct_task-ACSIncome/meta-llama--Meta-Llama-3.3-70B-Instruct_bench-3891345498/ACSIncome_full_seed-42_hash-1998608642.test_predictions.csv
ACSIncome,meta-llama--Meta-Llama-3.3-70B-Instruct,1,1,0.9992421277881524,0.7746170021027335,1334878235,0,bullet,:,original,rand 1,results/folktexts/0-variations/model-meta-llama--Meta-Llama-3.3-70B-Instruct/meta-llama--Meta-Llama-3.3-70B-Instruct_task-ACSIncome/meta-llama--Meta-Llama-3.3-70B-Instruct_bench-1334878235/results.bench-1334878235.json,results/folktexts/0-variations/model-meta-llama--Meta-Llama-3.3-70B-Instruct/meta-llama--Meta-Llama-3.3-70B-Instruct_task-ACSIncome/meta-llama--Meta-Llama-3.3-70B-Instruct_bench-662883910/ACSIncome_full_seed-42_hash-1998608642.test_predictions.csv
ACSIncome,meta-llama--Meta-Llama-3.3-70B-Instruct,1,0,0.5,0.608176629618504,425195292,0,comma,:,low,rand 3,results/folktexts/0-variations/model-meta-llama--Meta-Llama-3.3-70B-Instruct/meta-llama--Meta-Llama-3.3-70B-Instruct_task-ACSIncome/meta-llama--Meta-Llama-3.3-70B-Instruct_bench-425195292/results.bench-425195292.json,results/folktexts/0-variations/model-meta-llama--Meta-Llama-3.3-70B-Instruct/meta-llama--Meta-Llama-3.3-70B-Instruct_task-ACSIncome/meta-llama--Meta-Llama-3.3-70B-Instruct_bench-425195292/ACSIncome_full_seed-42_hash-1998608642.test_predictions.csv
ACSIncome,meta-llama--Meta-Llama-3.3-70B-Instruct,1,1,0.9988294966835739,0.7639411234604987,3079341283,0,comma,=,original,default,results/folktexts/0-variations/model-meta-llama--Meta-Llama-3.3-70B-Instruct/meta-llama--Meta-Llama-3.3-70B-Instruct_task-ACSIncome/meta-llama--Meta-Llama-3.3-70B-Instruct_bench-3079341283/results.bench-3079341283.json,results/folktexts/0-variations/model-meta-llama--Meta-Llama-3.3-70B-Instruct/meta-llama--Meta-Llama-3.3-70B-Instruct_task-ACSIncome/meta-llama--Meta-Llama-3.3-70B-Instruct_bench-1093766006/ACSIncome_full_seed-42_hash-1998608642.test_predictions.csv
ACSIncome,meta-llama--Meta-Llama-3.3-70B-Instruct,1,0,0.5,0.6153619705617303,107892830,0,text,=,low,rand 1,results/folktexts/0-variations/model-meta-llama--Meta-Llama-3.3-70B-Instruct/meta-llama--Meta-Llama-3.3-70B-Instruct_task-ACSIncome/meta-llama--Meta-Llama-3.3-70B-Instruct_bench-107892830/results.bench-107892830.json,results/folktexts/0-variations/model-meta-llama--Meta-Llama-3.3-70B-Instruct/meta-llama--Meta-Llama-3.3-70B-Instruct_task-ACSIncome/meta-llama--Meta-Llama-3.3-70B-Instruct_bench-107892830/ACSIncome_full_seed-42_hash-1998608642.test_predictions.csv
ACSIncome,meta-llama--Meta-Llama-3.3-70B-Instruct,1,1,0.9992887742106221,0.7566115950735957,194462101,0,comma,is,original,rand 2,results/folktexts/0-variations/model-meta-llama--Meta-Llama-3.3-70B-Instruct/meta-llama--Meta-Llama-3.3-70B-Instruct_task-ACSIncome/meta-llama--Meta-Llama-3.3-70B-Instruct_bench-194462101/results.bench-194462101.json,results/folktexts/0-variations/model-meta-llama--Meta-Llama-3.3-70B-Instruct/meta-llama--Meta-Llama-3.3-70B-Instruct_task-ACSIncome/meta-llama--Meta-Llama-3.3-70B-Instruct_bench-3400536727/ACSIncome_full_seed-42_hash-1998608642.test_predictions.csv
ACSIncome,meta-llama--Meta-Llama-3.3-70B-Instruct,1,1,0.9889980683631476,0.7198197656954041,3940856978,0,bullet,=,low,rand 2,results/folktexts/0-variations/model-meta-llama--Meta-Llama-3.3-70B-Instruct/meta-llama--Meta-Llama-3.3-70B-Instruct_task-ACSIncome/meta-llama--Meta-Llama-3.3-70B-Instruct_bench-3940856978/results.bench-3940856978.json,results/folktexts/0-variations/model-meta-llama--Meta-Llama-3.3-70B-Instruct/meta-llama--Meta-Llama-3.3-70B-Instruct_task-ACSIncome/meta-llama--Meta-Llama-3.3-70B-Instruct_bench-2154957250/ACSIncome_full_seed-42_hash-1998608642.test_predictions.csv
ACSIncome,meta-llama--Meta-Llama-3.3-70B-Instruct,1,1,0.9983971250344568,0.7628176629618504,4263114866,0,bullet,:,low, reversed,results/folktexts/0-variations/model-meta-llama--Meta-Llama-3.3-70B-Instruct/meta-llama--Meta-Llama-3.3-70B-Instruct_task-ACSIncome/meta-llama--Meta-Llama-3.3-70B-Instruct_bench-4263114866/results.bench-4263114866.json,results/folktexts/0-variations/model-meta-llama--Meta-Llama-3.3-70B-Instruct/meta-llama--Meta-Llama-3.3-70B-Instruct_task-ACSIncome/meta-llama--Meta-Llama-3.3-70B-Instruct_bench-4106636620/ACSIncome_full_seed-42_hash-1998608642.test_predictions.csv
ACSIncome,meta-llama--Meta-Llama-3.3-70B-Instruct,1,0,0.5,0.6223310303394413,3418951603,0,text,=,low,rand 3,results/folktexts/0-variations/model-meta-llama--Meta-Llama-3.3-70B-Instruct/meta-llama--Meta-Llama-3.3-70B-Instruct_task-ACSIncome/meta-llama--Meta-Llama-3.3-70B-Instruct_bench-3418951603/results.bench-3418951603.json,results/folktexts/0-variations/model-meta-llama--Meta-Llama-3.3-70B-Instruct/meta-llama--Meta-Llama-3.3-70B-Instruct_task-ACSIncome/meta-llama--Meta-Llama-3.3-70B-Instruct_bench-3418951603/ACSIncome_full_seed-42_hash-1998608642.test_predictions.csv
ACSIncome,meta-llama--Meta-Llama-3.3-70B-Instruct,1,0,0.5,0.6047461700210274,266885362,0,bullet,is,low,default,results/folktexts/0-variations/model-meta-llama--Meta-Llama-3.3-70B-Instruct/meta-llama--Meta-Llama-3.3-70B-Instruct_task-ACSIncome/meta-llama--Meta-Llama-3.3-70B-Instruct_bench-266885362/results.bench-266885362.json,results/folktexts/0-variations/model-meta-llama--Meta-Llama-3.3-70B-Instruct/meta-llama--Meta-Llama-3.3-70B-Instruct_task-ACSIncome/meta-llama--Meta-Llama-3.3-70B-Instruct_bench-266885362/ACSIncome_full_seed-42_hash-1998608642.test_predictions.csv
ACSIncome,meta-llama--Meta-Llama-3.3-70B-Instruct,1,1,0.9989683785602153,0.7607449684589968,2533937275,0,comma,is,original,rand 3,results/folktexts/0-variations/model-meta-llama--Meta-Llama-3.3-70B-Instruct/meta-llama--Meta-Llama-3.3-70B-Instruct_task-ACSIncome/meta-llama--Meta-Llama-3.3-70B-Instruct_bench-2533937275/results.bench-2533937275.json,results/folktexts/0-variations/model-meta-llama--Meta-Llama-3.3-70B-Instruct/meta-llama--Meta-Llama-3.3-70B-Instruct_task-ACSIncome/meta-llama--Meta-Llama-3.3-70B-Instruct_bench-4267617667/ACSIncome_full_seed-42_hash-1998608642.test_predictions.csv
ACSIncome,meta-llama--Meta-Llama-3.3-70B-Instruct,1,1,0.9995953710447519,0.7750675878642235,3072293096,0,text,is,original,rand 2,results/folktexts/0-variations/model-meta-llama--Meta-Llama-3.3-70B-Instruct/meta-llama--Meta-Llama-3.3-70B-Instruct_task-ACSIncome/meta-llama--Meta-Llama-3.3-70B-Instruct_bench-3072293096/results.bench-3072293096.json,results/folktexts/0-variations/model-meta-llama--Meta-Llama-3.3-70B-Instruct/meta-llama--Meta-Llama-3.3-70B-Instruct_task-ACSIncome/meta-llama--Meta-Llama-3.3-70B-Instruct_bench-1415419500/ACSIncome_full_seed-42_hash-1998608642.test_predictions.csv
ACSIncome,meta-llama--Meta-Llama-3.3-70B-Instruct,1,1,0.9981896671772733,0.7370862120756984,3093099879,0,comma,is,low,rand 1,results/folktexts/0-variations/model-meta-llama--Meta-Llama-3.3-70B-Instruct/meta-llama--Meta-Llama-3.3-70B-Instruct_task-ACSIncome/meta-llama--Meta-Llama-3.3-70B-Instruct_bench-3093099879/results.bench-3093099879.json,results/folktexts/0-variations/model-meta-llama--Meta-Llama-3.3-70B-Instruct/meta-llama--Meta-Llama-3.3-70B-Instruct_task-ACSIncome/meta-llama--Meta-Llama-3.3-70B-Instruct_bench-1369924358/ACSIncome_full_seed-42_hash-1998608642.test_predictions.csv
ACSIncome,meta-llama--Meta-Llama-3.3-70B-Instruct,1,1,0.9992416469643574,0.7774827275458096,4218043375,0,bullet,:,original, reversed,results/folktexts/0-variations/model-meta-llama--Meta-Llama-3.3-70B-Instruct/meta-llama--Meta-Llama-3.3-70B-Instruct_task-ACSIncome/meta-llama--Meta-Llama-3.3-70B-Instruct_bench-4218043375/results.bench-4218043375.json,results/folktexts/0-variations/model-meta-llama--Meta-Llama-3.3-70B-Instruct/meta-llama--Meta-Llama-3.3-70B-Instruct_task-ACSIncome/meta-llama--Meta-Llama-3.3-70B-Instruct_bench-1146204600/ACSIncome_full_seed-42_hash-1998608642.test_predictions.csv
ACSIncome,meta-llama--Meta-Llama-3.3-70B-Instruct,1,1,0.99883142595007,0.782505256833884,2033246072,0,bullet,=,original,default,results/folktexts/0-variations/model-meta-llama--Meta-Llama-3.3-70B-Instruct/meta-llama--Meta-Llama-3.3-70B-Instruct_task-ACSIncome/meta-llama--Meta-Llama-3.3-70B-Instruct_bench-2033246072/results.bench-2033246072.json,results/folktexts/0-variations/model-meta-llama--Meta-Llama-3.3-70B-Instruct/meta-llama--Meta-Llama-3.3-70B-Instruct_task-ACSIncome/meta-llama--Meta-Llama-3.3-70B-Instruct_bench-1732740164/ACSIncome_full_seed-42_hash-1998608642.test_predictions.csv
ACSIncome,meta-llama--Meta-Llama-3.3-70B-Instruct,1,1,0.9980797206866453,0.761297686993091,2865870461,0,bullet,=,low,default,results/folktexts/0-variations/model-meta-llama--Meta-Llama-3.3-70B-Instruct/meta-llama--Meta-Llama-3.3-70B-Instruct_task-ACSIncome/meta-llama--Meta-Llama-3.3-70B-Instruct_bench-2865870461/results.bench-2865870461.json,results/folktexts/0-variations/model-meta-llama--Meta-Llama-3.3-70B-Instruct/meta-llama--Meta-Llama-3.3-70B-Instruct_task-ACSIncome/meta-llama--Meta-Llama-3.3-70B-Instruct_bench-2473346345/ACSIncome_full_seed-42_hash-1998608642.test_predictions.csv
ACSIncome,meta-llama--Meta-Llama-3.3-70B-Instruct,1,1,0.9979488330799139,0.7664103334334635,803109394,0,bullet,:,original,rand 3,results/folktexts/0-variations/model-meta-llama--Meta-Llama-3.3-70B-Instruct/meta-llama--Meta-Llama-3.3-70B-Instruct_task-ACSIncome/meta-llama--Meta-Llama-3.3-70B-Instruct_bench-803109394/results.bench-803109394.json,results/folktexts/0-variations/model-meta-llama--Meta-Llama-3.3-70B-Instruct/meta-llama--Meta-Llama-3.3-70B-Instruct_task-ACSIncome/meta-llama--Meta-Llama-3.3-70B-Instruct_bench-950195260/ACSIncome_full_seed-42_hash-1998608642.test_predictions.csv
ACSIncome,meta-llama--Meta-Llama-3.3-70B-Instruct,1,0,0.5,0.6071252628416942,1273590008,0,comma,:,original,default,results/folktexts/0-variations/model-meta-llama--Meta-Llama-3.3-70B-Instruct/meta-llama--Meta-Llama-3.3-70B-Instruct_task-ACSIncome/meta-llama--Meta-Llama-3.3-70B-Instruct_bench-1273590008/results.bench-1273590008.json,results/folktexts/0-variations/model-meta-llama--Meta-Llama-3.3-70B-Instruct/meta-llama--Meta-Llama-3.3-70B-Instruct_task-ACSIncome/meta-llama--Meta-Llama-3.3-70B-Instruct_bench-1273590008/ACSIncome_full_seed-42_hash-1998608642.test_predictions.csv
ACSIncome,meta-llama--Meta-Llama-3.3-70B-Instruct,1,1,0.9994106053020172,0.7701471913487534,2013296783,0,comma,:,original, reversed,results/folktexts/0-variations/model-meta-llama--Meta-Llama-3.3-70B-Instruct/meta-llama--Meta-Llama-3.3-70B-Instruct_task-ACSIncome/meta-llama--Meta-Llama-3.3-70B-Instruct_bench-2013296783/results.bench-2013296783.json,results/folktexts/0-variations/model-meta-llama--Meta-Llama-3.3-70B-Instruct/meta-llama--Meta-Llama-3.3-70B-Instruct_task-ACSIncome/meta-llama--Meta-Llama-3.3-70B-Instruct_bench-3415646313/ACSIncome_full_seed-42_hash-1998608642.test_predictions.csv
ACSIncome,meta-llama--Meta-Llama-3.3-70B-Instruct,1,1,0.9993755064932801,0.7700510663863022,2540987925,0,comma,is,original, reversed,results/folktexts/0-variations/model-meta-llama--Meta-Llama-3.3-70B-Instruct/meta-llama--Meta-Llama-3.3-70B-Instruct_task-ACSIncome/meta-llama--Meta-Llama-3.3-70B-Instruct_bench-2540987925/results.bench-2540987925.json,results/folktexts/0-variations/model-meta-llama--Meta-Llama-3.3-70B-Instruct/meta-llama--Meta-Llama-3.3-70B-Instruct_task-ACSIncome/meta-llama--Meta-Llama-3.3-70B-Instruct_bench-358544996/ACSIncome_full_seed-42_hash-1998608642.test_predictions.csv
ACSIncome,meta-llama--Meta-Llama-3.3-70B-Instruct,1,1,0.9981911002130482,0.7543706818864524,4137996496,0,bullet,is,low,rand 2,results/folktexts/0-variations/model-meta-llama--Meta-Llama-3.3-70B-Instruct/meta-llama--Meta-Llama-3.3-70B-Instruct_task-ACSIncome/meta-llama--Meta-Llama-3.3-70B-Instruct_bench-4137996496/results.bench-4137996496.json,results/folktexts/0-variations/model-meta-llama--Meta-Llama-3.3-70B-Instruct/meta-llama--Meta-Llama-3.3-70B-Instruct_task-ACSIncome/meta-llama--Meta-Llama-3.3-70B-Instruct_bench-1834222522/ACSIncome_full_seed-42_hash-1998608642.test_predictions.csv
ACSIncome,meta-llama--Meta-Llama-3.3-70B-Instruct,1,0,0.5,0.5995073595674376,1878769158,0,text,=,low, reversed,results/folktexts/0-variations/model-meta-llama--Meta-Llama-3.3-70B-Instruct/meta-llama--Meta-Llama-3.3-70B-Instruct_task-ACSIncome/meta-llama--Meta-Llama-3.3-70B-Instruct_bench-1878769158/results.bench-1878769158.json,results/folktexts/0-variations/model-meta-llama--Meta-Llama-3.3-70B-Instruct/meta-llama--Meta-Llama-3.3-70B-Instruct_task-ACSIncome/meta-llama--Meta-Llama-3.3-70B-Instruct_bench-1878769158/ACSIncome_full_seed-42_hash-1998608642.test_predictions.csv
ACSIncome,meta-llama--Meta-Llama-3.3-70B-Instruct,1,1,0.9980797206866452,0.7613157104235506,3578838562,0,bullet,=,low,default,results/folktexts/0-variations/model-meta-llama--Meta-Llama-3.3-70B-Instruct/meta-llama--Meta-Llama-3.3-70B-Instruct_task-ACSIncome/meta-llama--Meta-Llama-3.3-70B-Instruct_bench-3578838562/results.bench-3578838562.json,results/folktexts/0-variations/model-meta-llama--Meta-Llama-3.3-70B-Instruct/meta-llama--Meta-Llama-3.3-70B-Instruct_task-ACSIncome/meta-llama--Meta-Llama-3.3-70B-Instruct_bench-2473346345/ACSIncome_full_seed-42_hash-1998608642.test_predictions.csv
ACSIncome,meta-llama--Meta-Llama-3.3-70B-Instruct,1,0,0.5,0.6478702313006909,950195260,0,bullet,:,original,rand 3,results/folktexts/0-variations/model-meta-llama--Meta-Llama-3.3-70B-Instruct/meta-llama--Meta-Llama-3.3-70B-Instruct_task-ACSIncome/meta-llama--Meta-Llama-3.3-70B-Instruct_bench-950195260/results.bench-950195260.json,results/folktexts/0-variations/model-meta-llama--Meta-Llama-3.3-70B-Instruct/meta-llama--Meta-Llama-3.3-70B-Instruct_task-ACSIncome/meta-llama--Meta-Llama-3.3-70B-Instruct_bench-950195260/ACSIncome_full_seed-42_hash-1998608642.test_predictions.csv
ACSIncome,meta-llama--Meta-Llama-3.3-70B-Instruct,1,0,0.5,0.6438029438269751,1900978697,0,text,is,original,rand 3,results/folktexts/0-variations/model-meta-llama--Meta-Llama-3.3-70B-Instruct/meta-llama--Meta-Llama-3.3-70B-Instruct_task-ACSIncome/meta-llama--Meta-Llama-3.3-70B-Instruct_bench-1900978697/results.bench-1900978697.json,results/folktexts/0-variations/model-meta-llama--Meta-Llama-3.3-70B-Instruct/meta-llama--Meta-Llama-3.3-70B-Instruct_task-ACSIncome/meta-llama--Meta-Llama-3.3-70B-Instruct_bench-1900978697/ACSIncome_full_seed-42_hash-1998608642.test_predictions.csv
ACSIncome,meta-llama--Meta-Llama-3.3-70B-Instruct,1,1,0.9992421277881525,0.7747011114448783,1537264307,0,bullet,:,original,rand 1,results/folktexts/0-variations/model-meta-llama--Meta-Llama-3.3-70B-Instruct/meta-llama--Meta-Llama-3.3-70B-Instruct_task-ACSIncome/meta-llama--Meta-Llama-3.3-70B-Instruct_bench-1537264307/results.bench-1537264307.json,results/folktexts/0-variations/model-meta-llama--Meta-Llama-3.3-70B-Instruct/meta-llama--Meta-Llama-3.3-70B-Instruct_task-ACSIncome/meta-llama--Meta-Llama-3.3-70B-Instruct_bench-662883910/ACSIncome_full_seed-42_hash-1998608642.test_predictions.csv
ACSIncome,meta-llama--Meta-Llama-3.3-70B-Instruct,1,1,0.9981896671772732,0.7370321417843196,3357074350,0,comma,is,low,rand 1,results/folktexts/0-variations/model-meta-llama--Meta-Llama-3.3-70B-Instruct/meta-llama--Meta-Llama-3.3-70B-Instruct_task-ACSIncome/meta-llama--Meta-Llama-3.3-70B-Instruct_bench-3357074350/results.bench-3357074350.json,results/folktexts/0-variations/model-meta-llama--Meta-Llama-3.3-70B-Instruct/meta-llama--Meta-Llama-3.3-70B-Instruct_task-ACSIncome/meta-llama--Meta-Llama-3.3-70B-Instruct_bench-1369924358/ACSIncome_full_seed-42_hash-1998608642.test_predictions.csv
ACSIncome,meta-llama--Meta-Llama-3.3-70B-Instruct,1,0,0.5,0.6306878942625413,3419107037,0,comma,=,original,rand 3,results/folktexts/0-variations/model-meta-llama--Meta-Llama-3.3-70B-Instruct/meta-llama--Meta-Llama-3.3-70B-Instruct_task-ACSIncome/meta-llama--Meta-Llama-3.3-70B-Instruct_bench-3419107037/results.bench-3419107037.json,results/folktexts/0-variations/model-meta-llama--Meta-Llama-3.3-70B-Instruct/meta-llama--Meta-Llama-3.3-70B-Instruct_task-ACSIncome/meta-llama--Meta-Llama-3.3-70B-Instruct_bench-3419107037/ACSIncome_full_seed-42_hash-1998608642.test_predictions.csv
ACSIncome,meta-llama--Meta-Llama-3.3-70B-Instruct,1,0,0.5,0.5997837188344848,3423783879,0,text,:,low,default,results/folktexts/0-variations/model-meta-llama--Meta-Llama-3.3-70B-Instruct/meta-llama--Meta-Llama-3.3-70B-Instruct_task-ACSIncome/meta-llama--Meta-Llama-3.3-70B-Instruct_bench-3423783879/results.bench-3423783879.json,results/folktexts/0-variations/model-meta-llama--Meta-Llama-3.3-70B-Instruct/meta-llama--Meta-Llama-3.3-70B-Instruct_task-ACSIncome/meta-llama--Meta-Llama-3.3-70B-Instruct_bench-3423783879/ACSIncome_full_seed-42_hash-1998608642.test_predictions.csv
ACSIncome,meta-llama--Meta-Llama-3.3-70B-Instruct,1,1,0.9994794377928162,0.7756082907780114,2098797071,0,comma,=,low,rand 2,results/folktexts/0-variations/model-meta-llama--Meta-Llama-3.3-70B-Instruct/meta-llama--Meta-Llama-3.3-70B-Instruct_task-ACSIncome/meta-llama--Meta-Llama-3.3-70B-Instruct_bench-2098797071/results.bench-2098797071.json,results/folktexts/0-variations/model-meta-llama--Meta-Llama-3.3-70B-Instruct/meta-llama--Meta-Llama-3.3-70B-Instruct_task-ACSIncome/meta-llama--Meta-Llama-3.3-70B-Instruct_bench-2055212564/ACSIncome_full_seed-42_hash-1998608642.test_predictions.csv
ACSIncome,meta-llama--Meta-Llama-3.3-70B-Instruct,1,1,0.9956763900689134,0.749864824271553,1417792822,0,bullet,is,low,rand 3,results/folktexts/0-variations/model-meta-llama--Meta-Llama-3.3-70B-Instruct/meta-llama--Meta-Llama-3.3-70B-Instruct_task-ACSIncome/meta-llama--Meta-Llama-3.3-70B-Instruct_bench-1417792822/results.bench-1417792822.json,results/folktexts/0-variations/model-meta-llama--Meta-Llama-3.3-70B-Instruct/meta-llama--Meta-Llama-3.3-70B-Instruct_task-ACSIncome/meta-llama--Meta-Llama-3.3-70B-Instruct_bench-2825750809/ACSIncome_full_seed-42_hash-1998608642.test_predictions.csv
ACSIncome,meta-llama--Meta-Llama-3.3-70B-Instruct,1,1,0.9994465854321162,0.7843075998798438,86690888,0,bullet,is,original,rand 2,results/folktexts/0-variations/model-meta-llama--Meta-Llama-3.3-70B-Instruct/meta-llama--Meta-Llama-3.3-70B-Instruct_task-ACSIncome/meta-llama--Meta-Llama-3.3-70B-Instruct_bench-86690888/results.bench-86690888.json,results/folktexts/0-variations/model-meta-llama--Meta-Llama-3.3-70B-Instruct/meta-llama--Meta-Llama-3.3-70B-Instruct_task-ACSIncome/meta-llama--Meta-Llama-3.3-70B-Instruct_bench-672355384/ACSIncome_full_seed-42_hash-1998608642.test_predictions.csv
ACSIncome,meta-llama--Meta-Llama-3.3-70B-Instruct,1,1,0.9994454426476787,0.7837789125863622,350206523,0,text,=,original,default,results/folktexts/0-variations/model-meta-llama--Meta-Llama-3.3-70B-Instruct/meta-llama--Meta-Llama-3.3-70B-Instruct_task-ACSIncome/meta-llama--Meta-Llama-3.3-70B-Instruct_bench-350206523/results.bench-350206523.json,results/folktexts/0-variations/model-meta-llama--Meta-Llama-3.3-70B-Instruct/meta-llama--Meta-Llama-3.3-70B-Instruct_task-ACSIncome/meta-llama--Meta-Llama-3.3-70B-Instruct_bench-2976953299/ACSIncome_full_seed-42_hash-1998608642.test_predictions.csv
ACSIncome,meta-llama--Meta-Llama-3.3-70B-Instruct,1,0,0.5,0.6262601381796336,1732740164,0,bullet,=,original,default,results/folktexts/0-variations/model-meta-llama--Meta-Llama-3.3-70B-Instruct/meta-llama--Meta-Llama-3.3-70B-Instruct_task-ACSIncome/meta-llama--Meta-Llama-3.3-70B-Instruct_bench-1732740164/results.bench-1732740164.json,results/folktexts/0-variations/model-meta-llama--Meta-Llama-3.3-70B-Instruct/meta-llama--Meta-Llama-3.3-70B-Instruct_task-ACSIncome/meta-llama--Meta-Llama-3.3-70B-Instruct_bench-1732740164/ACSIncome_full_seed-42_hash-1998608642.test_predictions.csv
ACSIncome,meta-llama--Meta-Llama-3.3-70B-Instruct,1,1,0.9975327981202271,0.7657554821267648,2469768501,0,bullet,=,original,rand 3,results/folktexts/0-variations/model-meta-llama--Meta-Llama-3.3-70B-Instruct/meta-llama--Meta-Llama-3.3-70B-Instruct_task-ACSIncome/meta-llama--Meta-Llama-3.3-70B-Instruct_bench-2469768501/results.bench-2469768501.json,results/folktexts/0-variations/model-meta-llama--Meta-Llama-3.3-70B-Instruct/meta-llama--Meta-Llama-3.3-70B-Instruct_task-ACSIncome/meta-llama--Meta-Llama-3.3-70B-Instruct_bench-3773567451/ACSIncome_full_seed-42_hash-1998608642.test_predictions.csv
ACSIncome,meta-llama--Meta-Llama-3.3-70B-Instruct,1,1,0.9986756287992552,0.7599279062781616,3566252113,0,text,=,low,rand 3,results/folktexts/0-variations/model-meta-llama--Meta-Llama-3.3-70B-Instruct/meta-llama--Meta-Llama-3.3-70B-Instruct_task-ACSIncome/meta-llama--Meta-Llama-3.3-70B-Instruct_bench-3566252113/results.bench-3566252113.json,results/folktexts/0-variations/model-meta-llama--Meta-Llama-3.3-70B-Instruct/meta-llama--Meta-Llama-3.3-70B-Instruct_task-ACSIncome/meta-llama--Meta-Llama-3.3-70B-Instruct_bench-3418951603/ACSIncome_full_seed-42_hash-1998608642.test_predictions.csv
ACSIncome,meta-llama--Meta-Llama-3.3-70B-Instruct,1,1,0.9978231881745553,0.7392670471613098,3307272656,0,comma,:,low,rand 2,results/folktexts/0-variations/model-meta-llama--Meta-Llama-3.3-70B-Instruct/meta-llama--Meta-Llama-3.3-70B-Instruct_task-ACSIncome/meta-llama--Meta-Llama-3.3-70B-Instruct_bench-3307272656/results.bench-3307272656.json,results/folktexts/0-variations/model-meta-llama--Meta-Llama-3.3-70B-Instruct/meta-llama--Meta-Llama-3.3-70B-Instruct_task-ACSIncome/meta-llama--Meta-Llama-3.3-70B-Instruct_bench-2045339710/ACSIncome_full_seed-42_hash-1998608642.test_predictions.csv
ACSIncome,meta-llama--Meta-Llama-3.3-70B-Instruct,1,1,0.9983971250344567,0.7628176629618504,2197024547,0,bullet,:,low, reversed,results/folktexts/0-variations/model-meta-llama--Meta-Llama-3.3-70B-Instruct/meta-llama--Meta-Llama-3.3-70B-Instruct_task-ACSIncome/meta-llama--Meta-Llama-3.3-70B-Instruct_bench-2197024547/results.bench-2197024547.json,results/folktexts/0-variations/model-meta-llama--Meta-Llama-3.3-70B-Instruct/meta-llama--Meta-Llama-3.3-70B-Instruct_task-ACSIncome/meta-llama--Meta-Llama-3.3-70B-Instruct_bench-4106636620/ACSIncome_full_seed-42_hash-1998608642.test_predictions.csv
ACSIncome,meta-llama--Meta-Llama-3.3-70B-Instruct,1,1,0.9993355481727576,0.7794052267948333,1183158341,0,bullet,=,original,rand 1,results/folktexts/0-variations/model-meta-llama--Meta-Llama-3.3-70B-Instruct/meta-llama--Meta-Llama-3.3-70B-Instruct_task-ACSIncome/meta-llama--Meta-Llama-3.3-70B-Instruct_bench-1183158341/results.bench-1183158341.json,results/folktexts/0-variations/model-meta-llama--Meta-Llama-3.3-70B-Instruct/meta-llama--Meta-Llama-3.3-70B-Instruct_task-ACSIncome/meta-llama--Meta-Llama-3.3-70B-Instruct_bench-466466570/ACSIncome_full_seed-42_hash-1998608642.test_predictions.csv
ACSIncome,meta-llama--Meta-Llama-3.3-70B-Instruct,1,0,0.5,0.6022108741363773,1594326583,0,text,=,original, reversed,results/folktexts/0-variations/model-meta-llama--Meta-Llama-3.3-70B-Instruct/meta-llama--Meta-Llama-3.3-70B-Instruct_task-ACSIncome/meta-llama--Meta-Llama-3.3-70B-Instruct_bench-1594326583/results.bench-1594326583.json,results/folktexts/0-variations/model-meta-llama--Meta-Llama-3.3-70B-Instruct/meta-llama--Meta-Llama-3.3-70B-Instruct_task-ACSIncome/meta-llama--Meta-Llama-3.3-70B-Instruct_bench-1594326583/ACSIncome_full_seed-42_hash-1998608642.test_predictions.csv
ACSIncome,meta-llama--Meta-Llama-3.3-70B-Instruct,1,0,0.5,0.6017182337038149,3400536727,0,comma,is,original,rand 2,results/folktexts/0-variations/model-meta-llama--Meta-Llama-3.3-70B-Instruct/meta-llama--Meta-Llama-3.3-70B-Instruct_task-ACSIncome/meta-llama--Meta-Llama-3.3-70B-Instruct_bench-3400536727/results.bench-3400536727.json,results/folktexts/0-variations/model-meta-llama--Meta-Llama-3.3-70B-Instruct/meta-llama--Meta-Llama-3.3-70B-Instruct_task-ACSIncome/meta-llama--Meta-Llama-3.3-70B-Instruct_bench-3400536727/ACSIncome_full_seed-42_hash-1998608642.test_predictions.csv
ACSIncome,meta-llama--Meta-Llama-3.3-70B-Instruct,1,1,0.99937550649328,0.7699969960949234,314429164,0,comma,is,original, reversed,results/folktexts/0-variations/model-meta-llama--Meta-Llama-3.3-70B-Instruct/meta-llama--Meta-Llama-3.3-70B-Instruct_task-ACSIncome/meta-llama--Meta-Llama-3.3-70B-Instruct_bench-314429164/results.bench-314429164.json,results/folktexts/0-variations/model-meta-llama--Meta-Llama-3.3-70B-Instruct/meta-llama--Meta-Llama-3.3-70B-Instruct_task-ACSIncome/meta-llama--Meta-Llama-3.3-70B-Instruct_bench-358544996/ACSIncome_full_seed-42_hash-1998608642.test_predictions.csv
ACSIncome,meta-llama--Meta-Llama-3.3-70B-Instruct,1,1,0.9975327981202272,0.7657554821267648,3983902798,0,bullet,=,original,rand 3,results/folktexts/0-variations/model-meta-llama--Meta-Llama-3.3-70B-Instruct/meta-llama--Meta-Llama-3.3-70B-Instruct_task-ACSIncome/meta-llama--Meta-Llama-3.3-70B-Instruct_bench-3983902798/results.bench-3983902798.json,results/folktexts/0-variations/model-meta-llama--Meta-Llama-3.3-70B-Instruct/meta-llama--Meta-Llama-3.3-70B-Instruct_task-ACSIncome/meta-llama--Meta-Llama-3.3-70B-Instruct_bench-3773567451/ACSIncome_full_seed-42_hash-1998608642.test_predictions.csv
ACSIncome,meta-llama--Meta-Llama-3.3-70B-Instruct,1,1,0.9984074880561604,0.74612195854611,2243482368,0,comma,=,low, reversed,results/folktexts/0-variations/model-meta-llama--Meta-Llama-3.3-70B-Instruct/meta-llama--Meta-Llama-3.3-70B-Instruct_task-ACSIncome/meta-llama--Meta-Llama-3.3-70B-Instruct_bench-2243482368/results.bench-2243482368.json,results/folktexts/0-variations/model-meta-llama--Meta-Llama-3.3-70B-Instruct/meta-llama--Meta-Llama-3.3-70B-Instruct_task-ACSIncome/meta-llama--Meta-Llama-3.3-70B-Instruct_bench-1361173222/ACSIncome_full_seed-42_hash-1998608642.test_predictions.csv
ACSIncome,meta-llama--Meta-Llama-3.3-70B-Instruct,1,0,0.5,0.5996815860618805,1661441697,0,bullet,=,low, reversed,results/folktexts/0-variations/model-meta-llama--Meta-Llama-3.3-70B-Instruct/meta-llama--Meta-Llama-3.3-70B-Instruct_task-ACSIncome/meta-llama--Meta-Llama-3.3-70B-Instruct_bench-1661441697/results.bench-1661441697.json,results/folktexts/0-variations/model-meta-llama--Meta-Llama-3.3-70B-Instruct/meta-llama--Meta-Llama-3.3-70B-Instruct_task-ACSIncome/meta-llama--Meta-Llama-3.3-70B-Instruct_bench-1661441697/ACSIncome_full_seed-42_hash-1998608642.test_predictions.csv
ACSIncome,meta-llama--Meta-Llama-3.3-70B-Instruct,1,1,0.9995119570522206,0.7669209972964854,2275025427,0,text,:,original, reversed,results/folktexts/0-variations/model-meta-llama--Meta-Llama-3.3-70B-Instruct/meta-llama--Meta-Llama-3.3-70B-Instruct_task-ACSIncome/meta-llama--Meta-Llama-3.3-70B-Instruct_bench-2275025427/results.bench-2275025427.json,results/folktexts/0-variations/model-meta-llama--Meta-Llama-3.3-70B-Instruct/meta-llama--Meta-Llama-3.3-70B-Instruct_task-ACSIncome/meta-llama--Meta-Llama-3.3-70B-Instruct_bench-258970644/ACSIncome_full_seed-42_hash-1998608642.test_predictions.csv
ACSIncome,meta-llama--Meta-Llama-3.3-70B-Instruct,1,0,0.5,0.6227095223790928,1852130592,0,bullet,=,original,rand 2,results/folktexts/0-variations/model-meta-llama--Meta-Llama-3.3-70B-Instruct/meta-llama--Meta-Llama-3.3-70B-Instruct_task-ACSIncome/meta-llama--Meta-Llama-3.3-70B-Instruct_bench-1852130592/results.bench-1852130592.json,results/folktexts/0-variations/model-meta-llama--Meta-Llama-3.3-70B-Instruct/meta-llama--Meta-Llama-3.3-70B-Instruct_task-ACSIncome/meta-llama--Meta-Llama-3.3-70B-Instruct_bench-1852130592/ACSIncome_full_seed-42_hash-1998608642.test_predictions.csv
ACSIncome,meta-llama--Meta-Llama-3.3-70B-Instruct,1,0,0.5,0.6143045959747672,4050935407,0,text,is,low,rand 3,results/folktexts/0-variations/model-meta-llama--Meta-Llama-3.3-70B-Instruct/meta-llama--Meta-Llama-3.3-70B-Instruct_task-ACSIncome/meta-llama--Meta-Llama-3.3-70B-Instruct_bench-4050935407/results.bench-4050935407.json,results/folktexts/0-variations/model-meta-llama--Meta-Llama-3.3-70B-Instruct/meta-llama--Meta-Llama-3.3-70B-Instruct_task-ACSIncome/meta-llama--Meta-Llama-3.3-70B-Instruct_bench-4050935407/ACSIncome_full_seed-42_hash-1998608642.test_predictions.csv
ACSIncome,meta-llama--Meta-Llama-3.3-70B-Instruct,1,0,0.5,0.6262841694202463,2976953299,0,text,=,original,default,results/folktexts/0-variations/model-meta-llama--Meta-Llama-3.3-70B-Instruct/meta-llama--Meta-Llama-3.3-70B-Instruct_task-ACSIncome/meta-llama--Meta-Llama-3.3-70B-Instruct_bench-2976953299/results.bench-2976953299.json,results/folktexts/0-variations/model-meta-llama--Meta-Llama-3.3-70B-Instruct/meta-llama--Meta-Llama-3.3-70B-Instruct_task-ACSIncome/meta-llama--Meta-Llama-3.3-70B-Instruct_bench-2976953299/ACSIncome_full_seed-42_hash-1998608642.test_predictions.csv
ACSIncome,meta-llama--Meta-Llama-3.3-70B-Instruct,1,1,0.9986734271197638,0.7606428356863923,838490465,0,comma,=,low,rand 3,results/folktexts/0-variations/model-meta-llama--Meta-Llama-3.3-70B-Instruct/meta-llama--Meta-Llama-3.3-70B-Instruct_task-ACSIncome/meta-llama--Meta-Llama-3.3-70B-Instruct_bench-838490465/results.bench-838490465.json,results/folktexts/0-variations/model-meta-llama--Meta-Llama-3.3-70B-Instruct/meta-llama--Meta-Llama-3.3-70B-Instruct_task-ACSIncome/meta-llama--Meta-Llama-3.3-70B-Instruct_bench-3515755311/ACSIncome_full_seed-42_hash-1998608642.test_predictions.csv
ACSIncome,meta-llama--Meta-Llama-3.3-70B-Instruct,1,0,0.5,0.626878942625413,1471784134,0,bullet,:,original,default,results/folktexts/0-variations/model-meta-llama--Meta-Llama-3.3-70B-Instruct/meta-llama--Meta-Llama-3.3-70B-Instruct_task-ACSIncome/meta-llama--Meta-Llama-3.3-70B-Instruct_bench-1471784134/results.bench-1471784134.json,results/folktexts/0-variations/model-meta-llama--Meta-Llama-3.3-70B-Instruct/meta-llama--Meta-Llama-3.3-70B-Instruct_task-ACSIncome/meta-llama--Meta-Llama-3.3-70B-Instruct_bench-1471784134/ACSIncome_full_seed-42_hash-1998608642.test_predictions.csv
ACSIncome,meta-llama--Meta-Llama-3.3-70B-Instruct,1,0,0.5,0.5937819164914389,2235210457,0,comma,is,low,rand 2,results/folktexts/0-variations/model-meta-llama--Meta-Llama-3.3-70B-Instruct/meta-llama--Meta-Llama-3.3-70B-Instruct_task-ACSIncome/meta-llama--Meta-Llama-3.3-70B-Instruct_bench-2235210457/results.bench-2235210457.json,results/folktexts/0-variations/model-meta-llama--Meta-Llama-3.3-70B-Instruct/meta-llama--Meta-Llama-3.3-70B-Instruct_task-ACSIncome/meta-llama--Meta-Llama-3.3-70B-Instruct_bench-2235210457/ACSIncome_full_seed-42_hash-1998608642.test_predictions.csv
ACSIncome,meta-llama--Meta-Llama-3.3-70B-Instruct,1,0,0.5,0.580360468609192,327620728,0,comma,is,low,default,results/folktexts/0-variations/model-meta-llama--Meta-Llama-3.3-70B-Instruct/meta-llama--Meta-Llama-3.3-70B-Instruct_task-ACSIncome/meta-llama--Meta-Llama-3.3-70B-Instruct_bench-327620728/results.bench-327620728.json,results/folktexts/0-variations/model-meta-llama--Meta-Llama-3.3-70B-Instruct/meta-llama--Meta-Llama-3.3-70B-Instruct_task-ACSIncome/meta-llama--Meta-Llama-3.3-70B-Instruct_bench-327620728/ACSIncome_full_seed-42_hash-1998608642.test_predictions.csv
ACSIncome,meta-llama--Meta-Llama-3.3-70B-Instruct,1,1,0.9937325623711132,0.7347251426854912,2207241725,0,text,is,original,rand 3,results/folktexts/0-variations/model-meta-llama--Meta-Llama-3.3-70B-Instruct/meta-llama--Meta-Llama-3.3-70B-Instruct_task-ACSIncome/meta-llama--Meta-Llama-3.3-70B-Instruct_bench-2207241725/results.bench-2207241725.json,results/folktexts/0-variations/model-meta-llama--Meta-Llama-3.3-70B-Instruct/meta-llama--Meta-Llama-3.3-70B-Instruct_task-ACSIncome/meta-llama--Meta-Llama-3.3-70B-Instruct_bench-1900978697/ACSIncome_full_seed-42_hash-1998608642.test_predictions.csv
ACSIncome,meta-llama--Meta-Llama-3.3-70B-Instruct,1,1,0.999288774210622,0.7565455091619104,859021299,0,comma,is,original,rand 2,results/folktexts/0-variations/model-meta-llama--Meta-Llama-3.3-70B-Instruct/meta-llama--Meta-Llama-3.3-70B-Instruct_task-ACSIncome/meta-llama--Meta-Llama-3.3-70B-Instruct_bench-859021299/results.bench-859021299.json,results/folktexts/0-variations/model-meta-llama--Meta-Llama-3.3-70B-Instruct/meta-llama--Meta-Llama-3.3-70B-Instruct_task-ACSIncome/meta-llama--Meta-Llama-3.3-70B-Instruct_bench-3400536727/ACSIncome_full_seed-42_hash-1998608642.test_predictions.csv
ACSIncome,meta-llama--Meta-Llama-3.3-70B-Instruct,1,1,0.9964039429707662,0.725431060378492,21089161,0,text,:,low,rand 2,results/folktexts/0-variations/model-meta-llama--Meta-Llama-3.3-70B-Instruct/meta-llama--Meta-Llama-3.3-70B-Instruct_task-ACSIncome/meta-llama--Meta-Llama-3.3-70B-Instruct_bench-21089161/results.bench-21089161.json,results/folktexts/0-variations/model-meta-llama--Meta-Llama-3.3-70B-Instruct/meta-llama--Meta-Llama-3.3-70B-Instruct_task-ACSIncome/meta-llama--Meta-Llama-3.3-70B-Instruct_bench-2868626955/ACSIncome_full_seed-42_hash-1998608642.test_predictions.csv
ACSIncome,meta-llama--Meta-Llama-3.3-70B-Instruct,1,0,0.5,0.6278221688194653,2633584198,0,comma,:,original,rand 3,results/folktexts/0-variations/model-meta-llama--Meta-Llama-3.3-70B-Instruct/meta-llama--Meta-Llama-3.3-70B-Instruct_task-ACSIncome/meta-llama--Meta-Llama-3.3-70B-Instruct_bench-2633584198/results.bench-2633584198.json,results/folktexts/0-variations/model-meta-llama--Meta-Llama-3.3-70B-Instruct/meta-llama--Meta-Llama-3.3-70B-Instruct_task-ACSIncome/meta-llama--Meta-Llama-3.3-70B-Instruct_bench-2633584198/ACSIncome_full_seed-42_hash-1998608642.test_predictions.csv
ACSIncome,meta-llama--Meta-Llama-3.3-70B-Instruct,1,1,0.9993355481727575,0.7794052267948333,1439754213,0,bullet,=,original,rand 1,results/folktexts/0-variations/model-meta-llama--Meta-Llama-3.3-70B-Instruct/meta-llama--Meta-Llama-3.3-70B-Instruct_task-ACSIncome/meta-llama--Meta-Llama-3.3-70B-Instruct_bench-1439754213/results.bench-1439754213.json,results/folktexts/0-variations/model-meta-llama--Meta-Llama-3.3-70B-Instruct/meta-llama--Meta-Llama-3.3-70B-Instruct_task-ACSIncome/meta-llama--Meta-Llama-3.3-70B-Instruct_bench-466466570/ACSIncome_full_seed-42_hash-1998608642.test_predictions.csv
ACSIncome,meta-llama--Meta-Llama-3.3-70B-Instruct,1,0,0.5,0.6308440973265245,604187024,0,bullet,is,original,default,results/folktexts/0-variations/model-meta-llama--Meta-Llama-3.3-70B-Instruct/meta-llama--Meta-Llama-3.3-70B-Instruct_task-ACSIncome/meta-llama--Meta-Llama-3.3-70B-Instruct_bench-604187024/results.bench-604187024.json,results/folktexts/0-variations/model-meta-llama--Meta-Llama-3.3-70B-Instruct/meta-llama--Meta-Llama-3.3-70B-Instruct_task-ACSIncome/meta-llama--Meta-Llama-3.3-70B-Instruct_bench-604187024/ACSIncome_full_seed-42_hash-1998608642.test_predictions.csv
ACSIncome,meta-llama--Meta-Llama-3.3-70B-Instruct,1,0,0.5,0.6137578852508261,22249940,0,text,is,low,rand 1,results/folktexts/0-variations/model-meta-llama--Meta-Llama-3.3-70B-Instruct/meta-llama--Meta-Llama-3.3-70B-Instruct_task-ACSIncome/meta-llama--Meta-Llama-3.3-70B-Instruct_bench-22249940/results.bench-22249940.json,results/folktexts/0-variations/model-meta-llama--Meta-Llama-3.3-70B-Instruct/meta-llama--Meta-Llama-3.3-70B-Instruct_task-ACSIncome/meta-llama--Meta-Llama-3.3-70B-Instruct_bench-22249940/ACSIncome_full_seed-42_hash-1998608642.test_predictions.csv
ACSIncome,meta-llama--Meta-Llama-3.3-70B-Instruct,1,0,0.5,0.6077380594773205,996259229,0,text,=,low,rand 2,results/folktexts/0-variations/model-meta-llama--Meta-Llama-3.3-70B-Instruct/meta-llama--Meta-Llama-3.3-70B-Instruct_task-ACSIncome/meta-llama--Meta-Llama-3.3-70B-Instruct_bench-996259229/results.bench-996259229.json,results/folktexts/0-variations/model-meta-llama--Meta-Llama-3.3-70B-Instruct/meta-llama--Meta-Llama-3.3-70B-Instruct_task-ACSIncome/meta-llama--Meta-Llama-3.3-70B-Instruct_bench-996259229/ACSIncome_full_seed-42_hash-1998608642.test_predictions.csv
ACSIncome,meta-llama--Meta-Llama-3.3-70B-Instruct,1,0,0.5,0.6180955241814359,1030210370,0,text,:,original,rand 2,results/folktexts/0-variations/model-meta-llama--Meta-Llama-3.3-70B-Instruct/meta-llama--Meta-Llama-3.3-70B-Instruct_task-ACSIncome/meta-llama--Meta-Llama-3.3-70B-Instruct_bench-1030210370/results.bench-1030210370.json,results/folktexts/0-variations/model-meta-llama--Meta-Llama-3.3-70B-Instruct/meta-llama--Meta-Llama-3.3-70B-Instruct_task-ACSIncome/meta-llama--Meta-Llama-3.3-70B-Instruct_bench-1030210370/ACSIncome_full_seed-42_hash-1998608642.test_predictions.csv
ACSIncome,meta-llama--Meta-Llama-3.3-70B-Instruct,1,0,0.5,0.6229017723039952,662883910,0,bullet,:,original,rand 1,results/folktexts/0-variations/model-meta-llama--Meta-Llama-3.3-70B-Instruct/meta-llama--Meta-Llama-3.3-70B-Instruct_task-ACSIncome/meta-llama--Meta-Llama-3.3-70B-Instruct_bench-662883910/results.bench-662883910.json,results/folktexts/0-variations/model-meta-llama--Meta-Llama-3.3-70B-Instruct/meta-llama--Meta-Llama-3.3-70B-Instruct_task-ACSIncome/meta-llama--Meta-Llama-3.3-70B-Instruct_bench-662883910/ACSIncome_full_seed-42_hash-1998608642.test_predictions.csv
ACSIncome,meta-llama--Meta-Llama-3.3-70B-Instruct,1,1,0.9981881562635756,0.7436227095223791,417561077,0,text,is,low,rand 3,results/folktexts/0-variations/model-meta-llama--Meta-Llama-3.3-70B-Instruct/meta-llama--Meta-Llama-3.3-70B-Instruct_task-ACSIncome/meta-llama--Meta-Llama-3.3-70B-Instruct_bench-417561077/results.bench-417561077.json,results/folktexts/0-variations/model-meta-llama--Meta-Llama-3.3-70B-Instruct/meta-llama--Meta-Llama-3.3-70B-Instruct_task-ACSIncome/meta-llama--Meta-Llama-3.3-70B-Instruct_bench-4050935407/ACSIncome_full_seed-42_hash-1998608642.test_predictions.csv
ACSIncome,meta-llama--Meta-Llama-3.3-70B-Instruct,1,1,0.9987548767327965,0.7544427756082908,976862221,0,comma,:,low,rand 1,results/folktexts/0-variations/model-meta-llama--Meta-Llama-3.3-70B-Instruct/meta-llama--Meta-Llama-3.3-70B-Instruct_task-ACSIncome/meta-llama--Meta-Llama-3.3-70B-Instruct_bench-976862221/results.bench-976862221.json,results/folktexts/0-variations/model-meta-llama--Meta-Llama-3.3-70B-Instruct/meta-llama--Meta-Llama-3.3-70B-Instruct_task-ACSIncome/meta-llama--Meta-Llama-3.3-70B-Instruct_bench-2834787103/ACSIncome_full_seed-42_hash-1998608642.test_predictions.csv
ACSIncome,meta-llama--Meta-Llama-3.3-70B-Instruct,1,0,0.5,0.6030579753679783,4279203404,0,text,is,original, reversed,results/folktexts/0-variations/model-meta-llama--Meta-Llama-3.3-70B-Instruct/meta-llama--Meta-Llama-3.3-70B-Instruct_task-ACSIncome/meta-llama--Meta-Llama-3.3-70B-Instruct_bench-4279203404/results.bench-4279203404.json,results/folktexts/0-variations/model-meta-llama--Meta-Llama-3.3-70B-Instruct/meta-llama--Meta-Llama-3.3-70B-Instruct_task-ACSIncome/meta-llama--Meta-Llama-3.3-70B-Instruct_bench-4279203404/ACSIncome_full_seed-42_hash-1998608642.test_predictions.csv
ACSIncome,meta-llama--Meta-Llama-3.3-70B-Instruct,1,0,0.5,0.6083148092520276,2473346345,0,bullet,=,low,default,results/folktexts/0-variations/model-meta-llama--Meta-Llama-3.3-70B-Instruct/meta-llama--Meta-Llama-3.3-70B-Instruct_task-ACSIncome/meta-llama--Meta-Llama-3.3-70B-Instruct_bench-2473346345/results.bench-2473346345.json,results/folktexts/0-variations/model-meta-llama--Meta-Llama-3.3-70B-Instruct/meta-llama--Meta-Llama-3.3-70B-Instruct_task-ACSIncome/meta-llama--Meta-Llama-3.3-70B-Instruct_bench-2473346345/ACSIncome_full_seed-42_hash-1998608642.test_predictions.csv
ACSIncome,meta-llama--Meta-Llama-3.3-70B-Instruct,1,1,0.9987523517179919,0.7616521477921298,1116953943,0,bullet,is,low,rand 1,results/folktexts/0-variations/model-meta-llama--Meta-Llama-3.3-70B-Instruct/meta-llama--Meta-Llama-3.3-70B-Instruct_task-ACSIncome/meta-llama--Meta-Llama-3.3-70B-Instruct_bench-1116953943/results.bench-1116953943.json,results/folktexts/0-variations/model-meta-llama--Meta-Llama-3.3-70B-Instruct/meta-llama--Meta-Llama-3.3-70B-Instruct_task-ACSIncome/meta-llama--Meta-Llama-3.3-70B-Instruct_bench-4288314322/ACSIncome_full_seed-42_hash-1998608642.test_predictions.csv
ACSIncome,meta-llama--Meta-Llama-3.3-70B-Instruct,1,0,0.5,0.6278702313006909,1986183661,0,bullet,=,low,rand 3,results/folktexts/0-variations/model-meta-llama--Meta-Llama-3.3-70B-Instruct/meta-llama--Meta-Llama-3.3-70B-Instruct_task-ACSIncome/meta-llama--Meta-Llama-3.3-70B-Instruct_bench-1986183661/results.bench-1986183661.json,results/folktexts/0-variations/model-meta-llama--Meta-Llama-3.3-70B-Instruct/meta-llama--Meta-Llama-3.3-70B-Instruct_task-ACSIncome/meta-llama--Meta-Llama-3.3-70B-Instruct_bench-1986183661/ACSIncome_full_seed-42_hash-1998608642.test_predictions.csv
ACSIncome,meta-llama--Meta-Llama-3.3-70B-Instruct,1,1,0.999192663108189,0.7763472514268549,724835136,0,bullet,=,original, reversed,results/folktexts/0-variations/model-meta-llama--Meta-Llama-3.3-70B-Instruct/meta-llama--Meta-Llama-3.3-70B-Instruct_task-ACSIncome/meta-llama--Meta-Llama-3.3-70B-Instruct_bench-724835136/results.bench-724835136.json,results/folktexts/0-variations/model-meta-llama--Meta-Llama-3.3-70B-Instruct/meta-llama--Meta-Llama-3.3-70B-Instruct_task-ACSIncome/meta-llama--Meta-Llama-3.3-70B-Instruct_bench-3973734344/ACSIncome_full_seed-42_hash-1998608642.test_predictions.csv
ACSIncome,meta-llama--Meta-Llama-3.3-70B-Instruct,1,0,0.5,0.6465425052568339,3773567451,0,bullet,=,original,rand 3,results/folktexts/0-variations/model-meta-llama--Meta-Llama-3.3-70B-Instruct/meta-llama--Meta-Llama-3.3-70B-Instruct_task-ACSIncome/meta-llama--Meta-Llama-3.3-70B-Instruct_bench-3773567451/results.bench-3773567451.json,results/folktexts/0-variations/model-meta-llama--Meta-Llama-3.3-70B-Instruct/meta-llama--Meta-Llama-3.3-70B-Instruct_task-ACSIncome/meta-llama--Meta-Llama-3.3-70B-Instruct_bench-3773567451/ACSIncome_full_seed-42_hash-1998608642.test_predictions.csv
ACSIncome,meta-llama--Meta-Llama-3.3-70B-Instruct,1,0,0.5,0.5940943226194052,1361173222,0,comma,=,low, reversed,results/folktexts/0-variations/model-meta-llama--Meta-Llama-3.3-70B-Instruct/meta-llama--Meta-Llama-3.3-70B-Instruct_task-ACSIncome/meta-llama--Meta-Llama-3.3-70B-Instruct_bench-1361173222/results.bench-1361173222.json,results/folktexts/0-variations/model-meta-llama--Meta-Llama-3.3-70B-Instruct/meta-llama--Meta-Llama-3.3-70B-Instruct_task-ACSIncome/meta-llama--Meta-Llama-3.3-70B-Instruct_bench-1361173222/ACSIncome_full_seed-42_hash-1998608642.test_predictions.csv
ACSIncome,meta-llama--Meta-Llama-3.3-70B-Instruct,1,1,0.9989651604001379,0.742715530189246,250727487,0,text,is,low, reversed,results/folktexts/0-variations/model-meta-llama--Meta-Llama-3.3-70B-Instruct/meta-llama--Meta-Llama-3.3-70B-Instruct_task-ACSIncome/meta-llama--Meta-Llama-3.3-70B-Instruct_bench-250727487/results.bench-250727487.json,results/folktexts/0-variations/model-meta-llama--Meta-Llama-3.3-70B-Instruct/meta-llama--Meta-Llama-3.3-70B-Instruct_task-ACSIncome/meta-llama--Meta-Llama-3.3-70B-Instruct_bench-1177027320/ACSIncome_full_seed-42_hash-1998608642.test_predictions.csv
ACSIncome,meta-llama--Meta-Llama-3.3-70B-Instruct,1,1,0.9981912116715587,0.7483808951637129,1203288279,0,text,=,original,rand 2,results/folktexts/0-variations/model-meta-llama--Meta-Llama-3.3-70B-Instruct/meta-llama--Meta-Llama-3.3-70B-Instruct_task-ACSIncome/meta-llama--Meta-Llama-3.3-70B-Instruct_bench-1203288279/results.bench-1203288279.json,results/folktexts/0-variations/model-meta-llama--Meta-Llama-3.3-70B-Instruct/meta-llama--Meta-Llama-3.3-70B-Instruct_task-ACSIncome/meta-llama--Meta-Llama-3.3-70B-Instruct_bench-3604102676/ACSIncome_full_seed-42_hash-1998608642.test_predictions.csv
ACSIncome,meta-llama--Meta-Llama-3.3-70B-Instruct,1,1,0.9994096858741766,0.7694442775608291,2530829891,0,comma,:,low,default,results/folktexts/0-variations/model-meta-llama--Meta-Llama-3.3-70B-Instruct/meta-llama--Meta-Llama-3.3-70B-Instruct_task-ACSIncome/meta-llama--Meta-Llama-3.3-70B-Instruct_bench-2530829891/results.bench-2530829891.json,results/folktexts/0-variations/model-meta-llama--Meta-Llama-3.3-70B-Instruct/meta-llama--Meta-Llama-3.3-70B-Instruct_task-ACSIncome/meta-llama--Meta-Llama-3.3-70B-Instruct_bench-1675941197/ACSIncome_full_seed-42_hash-1998608642.test_predictions.csv
ACSIncome,meta-llama--Meta-Llama-3.3-70B-Instruct,1,0,0.5,0.6076779813757885,2045339710,0,comma,:,low,rand 2,results/folktexts/0-variations/model-meta-llama--Meta-Llama-3.3-70B-Instruct/meta-llama--Meta-Llama-3.3-70B-Instruct_task-ACSIncome/meta-llama--Meta-Llama-3.3-70B-Instruct_bench-2045339710/results.bench-2045339710.json,results/folktexts/0-variations/model-meta-llama--Meta-Llama-3.3-70B-Instruct/meta-llama--Meta-Llama-3.3-70B-Instruct_task-ACSIncome/meta-llama--Meta-Llama-3.3-70B-Instruct_bench-2045339710/ACSIncome_full_seed-42_hash-1998608642.test_predictions.csv
ACSIncome,meta-llama--Meta-Llama-3.3-70B-Instruct,1,0,0.5,0.6054791228597176,42194196,0,bullet,:,low,default,results/folktexts/0-variations/model-meta-llama--Meta-Llama-3.3-70B-Instruct/meta-llama--Meta-Llama-3.3-70B-Instruct_task-ACSIncome/meta-llama--Meta-Llama-3.3-70B-Instruct_bench-42194196/results.bench-42194196.json,results/folktexts/0-variations/model-meta-llama--Meta-Llama-3.3-70B-Instruct/meta-llama--Meta-Llama-3.3-70B-Instruct_task-ACSIncome/meta-llama--Meta-Llama-3.3-70B-Instruct_bench-42194196/ACSIncome_full_seed-42_hash-1998608642.test_predictions.csv
ACSIncome,meta-llama--Meta-Llama-3.3-70B-Instruct,1,1,0.9994486782787155,0.7719255031541004,743695087,0,comma,is,original,rand 1,results/folktexts/0-variations/model-meta-llama--Meta-Llama-3.3-70B-Instruct/meta-llama--Meta-Llama-3.3-70B-Instruct_task-ACSIncome/meta-llama--Meta-Llama-3.3-70B-Instruct_bench-743695087/results.bench-743695087.json,results/folktexts/0-variations/model-meta-llama--Meta-Llama-3.3-70B-Instruct/meta-llama--Meta-Llama-3.3-70B-Instruct_task-ACSIncome/meta-llama--Meta-Llama-3.3-70B-Instruct_bench-178865545/ACSIncome_full_seed-42_hash-1998608642.test_predictions.csv
ACSIncome,meta-llama--Meta-Llama-3.3-70B-Instruct,1,1,0.9984984435085148,0.7585401021327726,1282942894,0,bullet,is,low,default,results/folktexts/0-variations/model-meta-llama--Meta-Llama-3.3-70B-Instruct/meta-llama--Meta-Llama-3.3-70B-Instruct_task-ACSIncome/meta-llama--Meta-Llama-3.3-70B-Instruct_bench-1282942894/results.bench-1282942894.json,results/folktexts/0-variations/model-meta-llama--Meta-Llama-3.3-70B-Instruct/meta-llama--Meta-Llama-3.3-70B-Instruct_task-ACSIncome/meta-llama--Meta-Llama-3.3-70B-Instruct_bench-266885362/ACSIncome_full_seed-42_hash-1998608642.test_predictions.csv
ACSIncome,meta-llama--Meta-Llama-3.3-70B-Instruct,1,1,0.9981958912879009,0.7596335235806548,105674426,0,bullet,:,low,rand 1,results/folktexts/0-variations/model-meta-llama--Meta-Llama-3.3-70B-Instruct/meta-llama--Meta-Llama-3.3-70B-Instruct_task-ACSIncome/meta-llama--Meta-Llama-3.3-70B-Instruct_bench-105674426/results.bench-105674426.json,results/folktexts/0-variations/model-meta-llama--Meta-Llama-3.3-70B-Instruct/meta-llama--Meta-Llama-3.3-70B-Instruct_task-ACSIncome/meta-llama--Meta-Llama-3.3-70B-Instruct_bench-1688111224/ACSIncome_full_seed-42_hash-1998608642.test_predictions.csv
ACSIncome,meta-llama--Meta-Llama-3.3-70B-Instruct,1,0,0.5,0.6108020426554521,3515755311,0,comma,=,low,rand 3,results/folktexts/0-variations/model-meta-llama--Meta-Llama-3.3-70B-Instruct/meta-llama--Meta-Llama-3.3-70B-Instruct_task-ACSIncome/meta-llama--Meta-Llama-3.3-70B-Instruct_bench-3515755311/results.bench-3515755311.json,results/folktexts/0-variations/model-meta-llama--Meta-Llama-3.3-70B-Instruct/meta-llama--Meta-Llama-3.3-70B-Instruct_task-ACSIncome/meta-llama--Meta-Llama-3.3-70B-Instruct_bench-3515755311/ACSIncome_full_seed-42_hash-1998608642.test_predictions.csv
ACSIncome,meta-llama--Meta-Llama-3.3-70B-Instruct,1,1,0.997371158392435,0.7636227095223791,3375287792,0,bullet,=,low,rand 3,results/folktexts/0-variations/model-meta-llama--Meta-Llama-3.3-70B-Instruct/meta-llama--Meta-Llama-3.3-70B-Instruct_task-ACSIncome/meta-llama--Meta-Llama-3.3-70B-Instruct_bench-3375287792/results.bench-3375287792.json,results/folktexts/0-variations/model-meta-llama--Meta-Llama-3.3-70B-Instruct/meta-llama--Meta-Llama-3.3-70B-Instruct_task-ACSIncome/meta-llama--Meta-Llama-3.3-70B-Instruct_bench-1986183661/ACSIncome_full_seed-42_hash-1998608642.test_predictions.csv
ACSIncome,meta-llama--Meta-Llama-3.3-70B-Instruct,1,0,0.5,0.5969660558726344,363181908,0,text,is,low,default,results/folktexts/0-variations/model-meta-llama--Meta-Llama-3.3-70B-Instruct/meta-llama--Meta-Llama-3.3-70B-Instruct_task-ACSIncome/meta-llama--Meta-Llama-3.3-70B-Instruct_bench-363181908/results.bench-363181908.json,results/folktexts/0-variations/model-meta-llama--Meta-Llama-3.3-70B-Instruct/meta-llama--Meta-Llama-3.3-70B-Instruct_task-ACSIncome/meta-llama--Meta-Llama-3.3-70B-Instruct_bench-363181908/ACSIncome_full_seed-42_hash-1998608642.test_predictions.csv
ACSIncome,meta-llama--Meta-Llama-3.3-70B-Instruct,1,1,0.9889980683631477,0.7200120156203064,3503941106,0,bullet,=,low,rand 2,results/folktexts/0-variations/model-meta-llama--Meta-Llama-3.3-70B-Instruct/meta-llama--Meta-Llama-3.3-70B-Instruct_task-ACSIncome/meta-llama--Meta-Llama-3.3-70B-Instruct_bench-3503941106/results.bench-3503941106.json,results/folktexts/0-variations/model-meta-llama--Meta-Llama-3.3-70B-Instruct/meta-llama--Meta-Llama-3.3-70B-Instruct_task-ACSIncome/meta-llama--Meta-Llama-3.3-70B-Instruct_bench-2154957250/ACSIncome_full_seed-42_hash-1998608642.test_predictions.csv
ACSIncome,meta-llama--Meta-Llama-3.3-70B-Instruct,1,0,0.5,0.6025172724541904,1465956757,0,text,is,low,rand 2,results/folktexts/0-variations/model-meta-llama--Meta-Llama-3.3-70B-Instruct/meta-llama--Meta-Llama-3.3-70B-Instruct_task-ACSIncome/meta-llama--Meta-Llama-3.3-70B-Instruct_bench-1465956757/results.bench-1465956757.json,results/folktexts/0-variations/model-meta-llama--Meta-Llama-3.3-70B-Instruct/meta-llama--Meta-Llama-3.3-70B-Instruct_task-ACSIncome/meta-llama--Meta-Llama-3.3-70B-Instruct_bench-1465956757/ACSIncome_full_seed-42_hash-1998608642.test_predictions.csv
ACSIncome,meta-llama--Meta-Llama-3.3-70B-Instruct,1,0,0.5,0.6098528086512466,1231208927,0,comma,:,original,rand 1,results/folktexts/0-variations/model-meta-llama--Meta-Llama-3.3-70B-Instruct/meta-llama--Meta-Llama-3.3-70B-Instruct_task-ACSIncome/meta-llama--Meta-Llama-3.3-70B-Instruct_bench-1231208927/results.bench-1231208927.json,results/folktexts/0-variations/model-meta-llama--Meta-Llama-3.3-70B-Instruct/meta-llama--Meta-Llama-3.3-70B-Instruct_task-ACSIncome/meta-llama--Meta-Llama-3.3-70B-Instruct_bench-1231208927/ACSIncome_full_seed-42_hash-1998608642.test_predictions.csv
ACSIncome,meta-llama--Meta-Llama-3.3-70B-Instruct,1,1,0.9991944176547343,0.7636887954340643,3047959488,0,comma,=,original,rand 2,results/folktexts/0-variations/model-meta-llama--Meta-Llama-3.3-70B-Instruct/meta-llama--Meta-Llama-3.3-70B-Instruct_task-ACSIncome/meta-llama--Meta-Llama-3.3-70B-Instruct_bench-3047959488/results.bench-3047959488.json,results/folktexts/0-variations/model-meta-llama--Meta-Llama-3.3-70B-Instruct/meta-llama--Meta-Llama-3.3-70B-Instruct_task-ACSIncome/meta-llama--Meta-Llama-3.3-70B-Instruct_bench-6647459/ACSIncome_full_seed-42_hash-1998608642.test_predictions.csv
ACSIncome,meta-llama--Meta-Llama-3.3-70B-Instruct,1,1,0.9981958912879008,0.7596034845298889,485871809,0,bullet,:,low,rand 1,results/folktexts/0-variations/model-meta-llama--Meta-Llama-3.3-70B-Instruct/meta-llama--Meta-Llama-3.3-70B-Instruct_task-ACSIncome/meta-llama--Meta-Llama-3.3-70B-Instruct_bench-485871809/results.bench-485871809.json,results/folktexts/0-variations/model-meta-llama--Meta-Llama-3.3-70B-Instruct/meta-llama--Meta-Llama-3.3-70B-Instruct_task-ACSIncome/meta-llama--Meta-Llama-3.3-70B-Instruct_bench-1688111224/ACSIncome_full_seed-42_hash-1998608642.test_predictions.csv
ACSIncome,meta-llama--Meta-Llama-3.3-70B-Instruct,1,0,0.5,0.5894623009912887,1675941197,0,comma,:,low,default,results/folktexts/0-variations/model-meta-llama--Meta-Llama-3.3-70B-Instruct/meta-llama--Meta-Llama-3.3-70B-Instruct_task-ACSIncome/meta-llama--Meta-Llama-3.3-70B-Instruct_bench-1675941197/results.bench-1675941197.json,results/folktexts/0-variations/model-meta-llama--Meta-Llama-3.3-70B-Instruct/meta-llama--Meta-Llama-3.3-70B-Instruct_task-ACSIncome/meta-llama--Meta-Llama-3.3-70B-Instruct_bench-1675941197/ACSIncome_full_seed-42_hash-1998608642.test_predictions.csv
ACSIncome,meta-llama--Meta-Llama-3.3-70B-Instruct,1,1,0.997948833079914,0.7664103334334635,925979942,0,bullet,:,original,rand 3,results/folktexts/0-variations/model-meta-llama--Meta-Llama-3.3-70B-Instruct/meta-llama--Meta-Llama-3.3-70B-Instruct_task-ACSIncome/meta-llama--Meta-Llama-3.3-70B-Instruct_bench-925979942/results.bench-925979942.json,results/folktexts/0-variations/model-meta-llama--Meta-Llama-3.3-70B-Instruct/meta-llama--Meta-Llama-3.3-70B-Instruct_task-ACSIncome/meta-llama--Meta-Llama-3.3-70B-Instruct_bench-950195260/ACSIncome_full_seed-42_hash-1998608642.test_predictions.csv
ACSIncome,meta-llama--Meta-Llama-3.3-70B-Instruct,1,0,0.5,0.6010213277260439,2058731547,0,text,:,low, reversed,results/folktexts/0-variations/model-meta-llama--Meta-Llama-3.3-70B-Instruct/meta-llama--Meta-Llama-3.3-70B-Instruct_task-ACSIncome/meta-llama--Meta-Llama-3.3-70B-Instruct_bench-2058731547/results.bench-2058731547.json,results/folktexts/0-variations/model-meta-llama--Meta-Llama-3.3-70B-Instruct/meta-llama--Meta-Llama-3.3-70B-Instruct_task-ACSIncome/meta-llama--Meta-Llama-3.3-70B-Instruct_bench-2058731547/ACSIncome_full_seed-42_hash-1998608642.test_predictions.csv
ACSIncome,meta-llama--Meta-Llama-3.3-70B-Instruct,1,1,0.9994486782787156,0.7719255031541004,2302900180,0,comma,is,original,rand 1,results/folktexts/0-variations/model-meta-llama--Meta-Llama-3.3-70B-Instruct/meta-llama--Meta-Llama-3.3-70B-Instruct_task-ACSIncome/meta-llama--Meta-Llama-3.3-70B-Instruct_bench-2302900180/results.bench-2302900180.json,results/folktexts/0-variations/model-meta-llama--Meta-Llama-3.3-70B-Instruct/meta-llama--Meta-Llama-3.3-70B-Instruct_task-ACSIncome/meta-llama--Meta-Llama-3.3-70B-Instruct_bench-178865545/ACSIncome_full_seed-42_hash-1998608642.test_predictions.csv
ACSIncome,meta-llama--Meta-Llama-3.3-70B-Instruct,1,0,0.5,0.594508861519976,2919157384,0,bullet,is,low, reversed,results/folktexts/0-variations/model-meta-llama--Meta-Llama-3.3-70B-Instruct/meta-llama--Meta-Llama-3.3-70B-Instruct_task-ACSIncome/meta-llama--Meta-Llama-3.3-70B-Instruct_bench-2919157384/results.bench-2919157384.json,results/folktexts/0-variations/model-meta-llama--Meta-Llama-3.3-70B-Instruct/meta-llama--Meta-Llama-3.3-70B-Instruct_task-ACSIncome/meta-llama--Meta-Llama-3.3-70B-Instruct_bench-2919157384/ACSIncome_full_seed-42_hash-1998608642.test_predictions.csv
ACSIncome,meta-llama--Meta-Llama-3.3-70B-Instruct,1,0,0.5,0.6498528086512466,575338841,0,bullet,is,original,rand 3,results/folktexts/0-variations/model-meta-llama--Meta-Llama-3.3-70B-Instruct/meta-llama--Meta-Llama-3.3-70B-Instruct_task-ACSIncome/meta-llama--Meta-Llama-3.3-70B-Instruct_bench-575338841/results.bench-575338841.json,results/folktexts/0-variations/model-meta-llama--Meta-Llama-3.3-70B-Instruct/meta-llama--Meta-Llama-3.3-70B-Instruct_task-ACSIncome/meta-llama--Meta-Llama-3.3-70B-Instruct_bench-575338841/ACSIncome_full_seed-42_hash-1998608642.test_predictions.csv
ACSIncome,meta-llama--Meta-Llama-3.3-70B-Instruct,1,1,0.9994469206493802,0.7666866927005107,1608348166,0,comma,is,low,default,results/folktexts/0-variations/model-meta-llama--Meta-Llama-3.3-70B-Instruct/meta-llama--Meta-Llama-3.3-70B-Instruct_task-ACSIncome/meta-llama--Meta-Llama-3.3-70B-Instruct_bench-1608348166/results.bench-1608348166.json,results/folktexts/0-variations/model-meta-llama--Meta-Llama-3.3-70B-Instruct/meta-llama--Meta-Llama-3.3-70B-Instruct_task-ACSIncome/meta-llama--Meta-Llama-3.3-70B-Instruct_bench-327620728/ACSIncome_full_seed-42_hash-1998608642.test_predictions.csv
ACSIncome,meta-llama--Meta-Llama-3.3-70B-Instruct,1,1,0.9993338578403287,0.7683748873535596,3039461281,0,comma,=,low,default,results/folktexts/0-variations/model-meta-llama--Meta-Llama-3.3-70B-Instruct/meta-llama--Meta-Llama-3.3-70B-Instruct_task-ACSIncome/meta-llama--Meta-Llama-3.3-70B-Instruct_bench-3039461281/results.bench-3039461281.json,results/folktexts/0-variations/model-meta-llama--Meta-Llama-3.3-70B-Instruct/meta-llama--Meta-Llama-3.3-70B-Instruct_task-ACSIncome/meta-llama--Meta-Llama-3.3-70B-Instruct_bench-131751011/ACSIncome_full_seed-42_hash-1998608642.test_predictions.csv
ACSIncome,meta-llama--Meta-Llama-3.3-70B-Instruct,1,1,0.9961781669098743,0.7269870832081706,2793177455,0,text,=,low,rand 2,results/folktexts/0-variations/model-meta-llama--Meta-Llama-3.3-70B-Instruct/meta-llama--Meta-Llama-3.3-70B-Instruct_task-ACSIncome/meta-llama--Meta-Llama-3.3-70B-Instruct_bench-2793177455/results.bench-2793177455.json,results/folktexts/0-variations/model-meta-llama--Meta-Llama-3.3-70B-Instruct/meta-llama--Meta-Llama-3.3-70B-Instruct_task-ACSIncome/meta-llama--Meta-Llama-3.3-70B-Instruct_bench-996259229/ACSIncome_full_seed-42_hash-1998608642.test_predictions.csv
ACSIncome,meta-llama--Meta-Llama-3.3-70B-Instruct,1,1,0.999029835290014,0.7775367978371883,1191424281,0,bullet,=,original,rand 2,results/folktexts/0-variations/model-meta-llama--Meta-Llama-3.3-70B-Instruct/meta-llama--Meta-Llama-3.3-70B-Instruct_task-ACSIncome/meta-llama--Meta-Llama-3.3-70B-Instruct_bench-1191424281/results.bench-1191424281.json,results/folktexts/0-variations/model-meta-llama--Meta-Llama-3.3-70B-Instruct/meta-llama--Meta-Llama-3.3-70B-Instruct_task-ACSIncome/meta-llama--Meta-Llama-3.3-70B-Instruct_bench-1852130592/ACSIncome_full_seed-42_hash-1998608642.test_predictions.csv
ACSIncome,meta-llama--Meta-Llama-3.3-70B-Instruct,1,1,0.9990292635573832,0.7710483628717333,3606864800,0,bullet,=,low,rand 1,results/folktexts/0-variations/model-meta-llama--Meta-Llama-3.3-70B-Instruct/meta-llama--Meta-Llama-3.3-70B-Instruct_task-ACSIncome/meta-llama--Meta-Llama-3.3-70B-Instruct_bench-3606864800/results.bench-3606864800.json,results/folktexts/0-variations/model-meta-llama--Meta-Llama-3.3-70B-Instruct/meta-llama--Meta-Llama-3.3-70B-Instruct_task-ACSIncome/meta-llama--Meta-Llama-3.3-70B-Instruct_bench-1621459624/ACSIncome_full_seed-42_hash-1998608642.test_predictions.csv
ACSIncome,meta-llama--Meta-Llama-3.3-70B-Instruct,1,1,0.9994469206493802,0.7732051667167318,2389768392,0,comma,:,original,rand 2,results/folktexts/0-variations/model-meta-llama--Meta-Llama-3.3-70B-Instruct/meta-llama--Meta-Llama-3.3-70B-Instruct_task-ACSIncome/meta-llama--Meta-Llama-3.3-70B-Instruct_bench-2389768392/results.bench-2389768392.json,results/folktexts/0-variations/model-meta-llama--Meta-Llama-3.3-70B-Instruct/meta-llama--Meta-Llama-3.3-70B-Instruct_task-ACSIncome/meta-llama--Meta-Llama-3.3-70B-Instruct_bench-440804183/ACSIncome_full_seed-42_hash-1998608642.test_predictions.csv
ACSIncome,meta-llama--Meta-Llama-3.3-70B-Instruct,1,0,0.5,0.6188344848302794,672355384,0,bullet,is,original,rand 2,results/folktexts/0-variations/model-meta-llama--Meta-Llama-3.3-70B-Instruct/meta-llama--Meta-Llama-3.3-70B-Instruct_task-ACSIncome/meta-llama--Meta-Llama-3.3-70B-Instruct_bench-672355384/results.bench-672355384.json,results/folktexts/0-variations/model-meta-llama--Meta-Llama-3.3-70B-Instruct/meta-llama--Meta-Llama-3.3-70B-Instruct_task-ACSIncome/meta-llama--Meta-Llama-3.3-70B-Instruct_bench-672355384/ACSIncome_full_seed-42_hash-1998608642.test_predictions.csv
ACSIncome,meta-llama--Meta-Llama-3.3-70B-Instruct,1,1,0.9996194954772445,0.7718053469510363,3850690411,0,text,is,low,rand 1,results/folktexts/0-variations/model-meta-llama--Meta-Llama-3.3-70B-Instruct/meta-llama--Meta-Llama-3.3-70B-Instruct_task-ACSIncome/meta-llama--Meta-Llama-3.3-70B-Instruct_bench-3850690411/results.bench-3850690411.json,results/folktexts/0-variations/model-meta-llama--Meta-Llama-3.3-70B-Instruct/meta-llama--Meta-Llama-3.3-70B-Instruct_task-ACSIncome/meta-llama--Meta-Llama-3.3-70B-Instruct_bench-22249940/ACSIncome_full_seed-42_hash-1998608642.test_predictions.csv
ACSIncome,meta-llama--Meta-Llama-3.3-70B-Instruct,1,1,0.9989000870971756,0.7794352658455993,2874731118,0,bullet,:,original,default,results/folktexts/0-variations/model-meta-llama--Meta-Llama-3.3-70B-Instruct/meta-llama--Meta-Llama-3.3-70B-Instruct_task-ACSIncome/meta-llama--Meta-Llama-3.3-70B-Instruct_bench-2874731118/results.bench-2874731118.json,results/folktexts/0-variations/model-meta-llama--Meta-Llama-3.3-70B-Instruct/meta-llama--Meta-Llama-3.3-70B-Instruct_task-ACSIncome/meta-llama--Meta-Llama-3.3-70B-Instruct_bench-1471784134/ACSIncome_full_seed-42_hash-1998608642.test_predictions.csv
ACSIncome,meta-llama--Meta-Llama-3.3-70B-Instruct,1,1,0.9990298352900139,0.7775367978371883,2183365390,0,bullet,=,original,rand 2,results/folktexts/0-variations/model-meta-llama--Meta-Llama-3.3-70B-Instruct/meta-llama--Meta-Llama-3.3-70B-Instruct_task-ACSIncome/meta-llama--Meta-Llama-3.3-70B-Instruct_bench-2183365390/results.bench-2183365390.json,results/folktexts/0-variations/model-meta-llama--Meta-Llama-3.3-70B-Instruct/meta-llama--Meta-Llama-3.3-70B-Instruct_task-ACSIncome/meta-llama--Meta-Llama-3.3-70B-Instruct_bench-1852130592/ACSIncome_full_seed-42_hash-1998608642.test_predictions.csv
ACSIncome,meta-llama--Meta-Llama-3.3-70B-Instruct,1,1,0.998752351717992,0.7616521477921298,4207352565,0,bullet,is,low,rand 1,results/folktexts/0-variations/model-meta-llama--Meta-Llama-3.3-70B-Instruct/meta-llama--Meta-Llama-3.3-70B-Instruct_task-ACSIncome/meta-llama--Meta-Llama-3.3-70B-Instruct_bench-4207352565/results.bench-4207352565.json,results/folktexts/0-variations/model-meta-llama--Meta-Llama-3.3-70B-Instruct/meta-llama--Meta-Llama-3.3-70B-Instruct_task-ACSIncome/meta-llama--Meta-Llama-3.3-70B-Instruct_bench-4288314322/ACSIncome_full_seed-42_hash-1998608642.test_predictions.csv
ACSIncome,meta-llama--Meta-Llama-3.3-70B-Instruct,1,1,0.9986764193660744,0.7593511565034545,1739092344,0,bullet,is,low, reversed,results/folktexts/0-variations/model-meta-llama--Meta-Llama-3.3-70B-Instruct/meta-llama--Meta-Llama-3.3-70B-Instruct_task-ACSIncome/meta-llama--Meta-Llama-3.3-70B-Instruct_bench-1739092344/results.bench-1739092344.json,results/folktexts/0-variations/model-meta-llama--Meta-Llama-3.3-70B-Instruct/meta-llama--Meta-Llama-3.3-70B-Instruct_task-ACSIncome/meta-llama--Meta-Llama-3.3-70B-Instruct_bench-2919157384/ACSIncome_full_seed-42_hash-1998608642.test_predictions.csv
ACSIncome,meta-llama--Meta-Llama-3.3-70B-Instruct,1,0,0.5,0.6274076299188945,1754405284,0,text,:,original,default,results/folktexts/0-variations/model-meta-llama--Meta-Llama-3.3-70B-Instruct/meta-llama--Meta-Llama-3.3-70B-Instruct_task-ACSIncome/meta-llama--Meta-Llama-3.3-70B-Instruct_bench-1754405284/results.bench-1754405284.json,results/folktexts/0-variations/model-meta-llama--Meta-Llama-3.3-70B-Instruct/meta-llama--Meta-Llama-3.3-70B-Instruct_task-ACSIncome/meta-llama--Meta-Llama-3.3-70B-Instruct_bench-1754405284/ACSIncome_full_seed-42_hash-1998608642.test_predictions.csv
ACSIncome,meta-llama--Meta-Llama-3.3-70B-Instruct,1,1,0.9989651604001379,0.7643376389306098,929760594,0,comma,:,original,rand 3,results/folktexts/0-variations/model-meta-llama--Meta-Llama-3.3-70B-Instruct/meta-llama--Meta-Llama-3.3-70B-Instruct_task-ACSIncome/meta-llama--Meta-Llama-3.3-70B-Instruct_bench-929760594/results.bench-929760594.json,results/folktexts/0-variations/model-meta-llama--Meta-Llama-3.3-70B-Instruct/meta-llama--Meta-Llama-3.3-70B-Instruct_task-ACSIncome/meta-llama--Meta-Llama-3.3-70B-Instruct_bench-2633584198/ACSIncome_full_seed-42_hash-1998608642.test_predictions.csv
ACSIncome,meta-llama--Meta-Llama-3.3-70B-Instruct,1,1,0.9991483505637242,0.7634725142685491,1231028668,0,comma,is,low,rand 3,results/folktexts/0-variations/model-meta-llama--Meta-Llama-3.3-70B-Instruct/meta-llama--Meta-Llama-3.3-70B-Instruct_task-ACSIncome/meta-llama--Meta-Llama-3.3-70B-Instruct_bench-1231028668/results.bench-1231028668.json,results/folktexts/0-variations/model-meta-llama--Meta-Llama-3.3-70B-Instruct/meta-llama--Meta-Llama-3.3-70B-Instruct_task-ACSIncome/meta-llama--Meta-Llama-3.3-70B-Instruct_bench-3042307958/ACSIncome_full_seed-42_hash-1998608642.test_predictions.csv
ACSIncome,meta-llama--Meta-Llama-3.3-70B-Instruct,1,0,0.5,0.6187683989185941,1008276075,0,bullet,is,original,rand 1,results/folktexts/0-variations/model-meta-llama--Meta-Llama-3.3-70B-Instruct/meta-llama--Meta-Llama-3.3-70B-Instruct_task-ACSIncome/meta-llama--Meta-Llama-3.3-70B-Instruct_bench-1008276075/results.bench-1008276075.json,results/folktexts/0-variations/model-meta-llama--Meta-Llama-3.3-70B-Instruct/meta-llama--Meta-Llama-3.3-70B-Instruct_task-ACSIncome/meta-llama--Meta-Llama-3.3-70B-Instruct_bench-1008276075/ACSIncome_full_seed-42_hash-1998608642.test_predictions.csv
ACSIncome,meta-llama--Meta-Llama-3.3-70B-Instruct,1,0,0.5,0.6082126764794232,2834787103,0,comma,:,low,rand 1,results/folktexts/0-variations/model-meta-llama--Meta-Llama-3.3-70B-Instruct/meta-llama--Meta-Llama-3.3-70B-Instruct_task-ACSIncome/meta-llama--Meta-Llama-3.3-70B-Instruct_bench-2834787103/results.bench-2834787103.json,results/folktexts/0-variations/model-meta-llama--Meta-Llama-3.3-70B-Instruct/meta-llama--Meta-Llama-3.3-70B-Instruct_task-ACSIncome/meta-llama--Meta-Llama-3.3-70B-Instruct_bench-2834787103/ACSIncome_full_seed-42_hash-1998608642.test_predictions.csv
ACSIncome,meta-llama--Meta-Llama-3.3-70B-Instruct,1,0,0.5,0.627149294082307,2825750809,0,bullet,is,low,rand 3,results/folktexts/0-variations/model-meta-llama--Meta-Llama-3.3-70B-Instruct/meta-llama--Meta-Llama-3.3-70B-Instruct_task-ACSIncome/meta-llama--Meta-Llama-3.3-70B-Instruct_bench-2825750809/results.bench-2825750809.json,results/folktexts/0-variations/model-meta-llama--Meta-Llama-3.3-70B-Instruct/meta-llama--Meta-Llama-3.3-70B-Instruct_task-ACSIncome/meta-llama--Meta-Llama-3.3-70B-Instruct_bench-2825750809/ACSIncome_full_seed-42_hash-1998608642.test_predictions.csv
ACSIncome,meta-llama--Meta-Llama-3.3-70B-Instruct,1,0,0.5,0.6038449984980475,3042307958,0,comma,is,low,rand 3,results/folktexts/0-variations/model-meta-llama--Meta-Llama-3.3-70B-Instruct/meta-llama--Meta-Llama-3.3-70B-Instruct_task-ACSIncome/meta-llama--Meta-Llama-3.3-70B-Instruct_bench-3042307958/results.bench-3042307958.json,results/folktexts/0-variations/model-meta-llama--Meta-Llama-3.3-70B-Instruct/meta-llama--Meta-Llama-3.3-70B-Instruct_task-ACSIncome/meta-llama--Meta-Llama-3.3-70B-Instruct_bench-3042307958/ACSIncome_full_seed-42_hash-1998608642.test_predictions.csv
ACSIncome,meta-llama--Meta-Llama-3.3-70B-Instruct,1,0,0.5,0.6056353259237008,514563058,0,comma,=,low,rand 1,results/folktexts/0-variations/model-meta-llama--Meta-Llama-3.3-70B-Instruct/meta-llama--Meta-Llama-3.3-70B-Instruct_task-ACSIncome/meta-llama--Meta-Llama-3.3-70B-Instruct_bench-514563058/results.bench-514563058.json,results/folktexts/0-variations/model-meta-llama--Meta-Llama-3.3-70B-Instruct/meta-llama--Meta-Llama-3.3-70B-Instruct_task-ACSIncome/meta-llama--Meta-Llama-3.3-70B-Instruct_bench-514563058/ACSIncome_full_seed-42_hash-1998608642.test_predictions.csv
ACSIncome,meta-llama--Meta-Llama-3.3-70B-Instruct,1,0,0.5,0.6122739561429859,392616494,0,comma,is,original,default,results/folktexts/0-variations/model-meta-llama--Meta-Llama-3.3-70B-Instruct/meta-llama--Meta-Llama-3.3-70B-Instruct_task-ACSIncome/meta-llama--Meta-Llama-3.3-70B-Instruct_bench-392616494/results.bench-392616494.json,results/folktexts/0-variations/model-meta-llama--Meta-Llama-3.3-70B-Instruct/meta-llama--Meta-Llama-3.3-70B-Instruct_task-ACSIncome/meta-llama--Meta-Llama-3.3-70B-Instruct_bench-392616494/ACSIncome_full_seed-42_hash-1998608642.test_predictions.csv
ACSIncome,meta-llama--Meta-Llama-3.3-70B-Instruct,1,0,0.5,0.5950735956743767,358544996,0,comma,is,original, reversed,results/folktexts/0-variations/model-meta-llama--Meta-Llama-3.3-70B-Instruct/meta-llama--Meta-Llama-3.3-70B-Instruct_task-ACSIncome/meta-llama--Meta-Llama-3.3-70B-Instruct_bench-358544996/results.bench-358544996.json,results/folktexts/0-variations/model-meta-llama--Meta-Llama-3.3-70B-Instruct/meta-llama--Meta-Llama-3.3-70B-Instruct_task-ACSIncome/meta-llama--Meta-Llama-3.3-70B-Instruct_bench-358544996/ACSIncome_full_seed-42_hash-1998608642.test_predictions.csv
ACSIncome,meta-llama--Meta-Llama-3.3-70B-Instruct,1,0,0.5,0.6430880144187444,2929307851,0,text,=,original,rand 3,results/folktexts/0-variations/model-meta-llama--Meta-Llama-3.3-70B-Instruct/meta-llama--Meta-Llama-3.3-70B-Instruct_task-ACSIncome/meta-llama--Meta-Llama-3.3-70B-Instruct_bench-2929307851/results.bench-2929307851.json,results/folktexts/0-variations/model-meta-llama--Meta-Llama-3.3-70B-Instruct/meta-llama--Meta-Llama-3.3-70B-Instruct_task-ACSIncome/meta-llama--Meta-Llama-3.3-70B-Instruct_bench-2929307851/ACSIncome_full_seed-42_hash-1998608642.test_predictions.csv
ACSIncome,meta-llama--Meta-Llama-3.3-70B-Instruct,1,0,0.5,0.6120276359267047,1834222522,0,bullet,is,low,rand 2,results/folktexts/0-variations/model-meta-llama--Meta-Llama-3.3-70B-Instruct/meta-llama--Meta-Llama-3.3-70B-Instruct_task-ACSIncome/meta-llama--Meta-Llama-3.3-70B-Instruct_bench-1834222522/results.bench-1834222522.json,results/folktexts/0-variations/model-meta-llama--Meta-Llama-3.3-70B-Instruct/meta-llama--Meta-Llama-3.3-70B-Instruct_task-ACSIncome/meta-llama--Meta-Llama-3.3-70B-Instruct_bench-1834222522/ACSIncome_full_seed-42_hash-1998608642.test_predictions.csv
ACSIncome,meta-llama--Meta-Llama-3.3-70B-Instruct,1,0,0.5,0.6198978672273956,296703492,0,text,:,original,rand 1,results/folktexts/0-variations/model-meta-llama--Meta-Llama-3.3-70B-Instruct/meta-llama--Meta-Llama-3.3-70B-Instruct_task-ACSIncome/meta-llama--Meta-Llama-3.3-70B-Instruct_bench-296703492/results.bench-296703492.json,results/folktexts/0-variations/model-meta-llama--Meta-Llama-3.3-70B-Instruct/meta-llama--Meta-Llama-3.3-70B-Instruct_task-ACSIncome/meta-llama--Meta-Llama-3.3-70B-Instruct_bench-296703492/ACSIncome_full_seed-42_hash-1998608642.test_predictions.csv
ACSIncome,meta-llama--Meta-Llama-3.3-70B-Instruct,1,1,0.9984984435085149,0.7585340943226194,2967250077,0,bullet,is,low,default,results/folktexts/0-variations/model-meta-llama--Meta-Llama-3.3-70B-Instruct/meta-llama--Meta-Llama-3.3-70B-Instruct_task-ACSIncome/meta-llama--Meta-Llama-3.3-70B-Instruct_bench-2967250077/results.bench-2967250077.json,results/folktexts/0-variations/model-meta-llama--Meta-Llama-3.3-70B-Instruct/meta-llama--Meta-Llama-3.3-70B-Instruct_task-ACSIncome/meta-llama--Meta-Llama-3.3-70B-Instruct_bench-266885362/ACSIncome_full_seed-42_hash-1998608642.test_predictions.csv
ACSIncome,meta-llama--Meta-Llama-3.3-70B-Instruct,1,1,0.9984930413970393,0.7481165515169721,3593332139,0,text,=,low,rand 1,results/folktexts/0-variations/model-meta-llama--Meta-Llama-3.3-70B-Instruct/meta-llama--Meta-Llama-3.3-70B-Instruct_task-ACSIncome/meta-llama--Meta-Llama-3.3-70B-Instruct_bench-3593332139/results.bench-3593332139.json,results/folktexts/0-variations/model-meta-llama--Meta-Llama-3.3-70B-Instruct/meta-llama--Meta-Llama-3.3-70B-Instruct_task-ACSIncome/meta-llama--Meta-Llama-3.3-70B-Instruct_bench-107892830/ACSIncome_full_seed-42_hash-1998608642.test_predictions.csv
ACSIncome,meta-llama--Meta-Llama-3.3-70B-Instruct,1,1,0.9981889075916732,0.7448122559327125,728090634,0,comma,:,low, reversed,results/folktexts/0-variations/model-meta-llama--Meta-Llama-3.3-70B-Instruct/meta-llama--Meta-Llama-3.3-70B-Instruct_task-ACSIncome/meta-llama--Meta-Llama-3.3-70B-Instruct_bench-728090634/results.bench-728090634.json,results/folktexts/0-variations/model-meta-llama--Meta-Llama-3.3-70B-Instruct/meta-llama--Meta-Llama-3.3-70B-Instruct_task-ACSIncome/meta-llama--Meta-Llama-3.3-70B-Instruct_bench-3651792212/ACSIncome_full_seed-42_hash-1998608642.test_predictions.csv
ACSIncome,meta-llama--Meta-Llama-3.3-70B-Instruct,1,1,0.9968197015412216,0.7447702012616402,1750329922,0,bullet,:,original,rand 2,results/folktexts/0-variations/model-meta-llama--Meta-Llama-3.3-70B-Instruct/meta-llama--Meta-Llama-3.3-70B-Instruct_task-ACSIncome/meta-llama--Meta-Llama-3.3-70B-Instruct_bench-1750329922/results.bench-1750329922.json,results/folktexts/0-variations/model-meta-llama--Meta-Llama-3.3-70B-Instruct/meta-llama--Meta-Llama-3.3-70B-Instruct_task-ACSIncome/meta-llama--Meta-Llama-3.3-70B-Instruct_bench-1634932459/ACSIncome_full_seed-42_hash-1998608642.test_predictions.csv
ACSIncome,meta-llama--Meta-Llama-3.3-70B-Instruct,1,0,0.5,0.5937338540102133,3415646313,0,comma,:,original, reversed,results/folktexts/0-variations/model-meta-llama--Meta-Llama-3.3-70B-Instruct/meta-llama--Meta-Llama-3.3-70B-Instruct_task-ACSIncome/meta-llama--Meta-Llama-3.3-70B-Instruct_bench-3415646313/results.bench-3415646313.json,results/folktexts/0-variations/model-meta-llama--Meta-Llama-3.3-70B-Instruct/meta-llama--Meta-Llama-3.3-70B-Instruct_task-ACSIncome/meta-llama--Meta-Llama-3.3-70B-Instruct_bench-3415646313/ACSIncome_full_seed-42_hash-1998608642.test_predictions.csv
ACSIncome,meta-llama--Meta-Llama-3.3-70B-Instruct,1,0,0.5,0.6021267647942325,258970644,0,text,:,original, reversed,results/folktexts/0-variations/model-meta-llama--Meta-Llama-3.3-70B-Instruct/meta-llama--Meta-Llama-3.3-70B-Instruct_task-ACSIncome/meta-llama--Meta-Llama-3.3-70B-Instruct_bench-258970644/results.bench-258970644.json,results/folktexts/0-variations/model-meta-llama--Meta-Llama-3.3-70B-Instruct/meta-llama--Meta-Llama-3.3-70B-Instruct_task-ACSIncome/meta-llama--Meta-Llama-3.3-70B-Instruct_bench-258970644/ACSIncome_full_seed-42_hash-1998608642.test_predictions.csv
ACSIncome,meta-llama--Meta-Llama-3.3-70B-Instruct,1,1,0.9981868870996042,0.7585280865124662,1213185275,0,bullet,:,low,default,results/folktexts/0-variations/model-meta-llama--Meta-Llama-3.3-70B-Instruct/meta-llama--Meta-Llama-3.3-70B-Instruct_task-ACSIncome/meta-llama--Meta-Llama-3.3-70B-Instruct_bench-1213185275/results.bench-1213185275.json,results/folktexts/0-variations/model-meta-llama--Meta-Llama-3.3-70B-Instruct/meta-llama--Meta-Llama-3.3-70B-Instruct_task-ACSIncome/meta-llama--Meta-Llama-3.3-70B-Instruct_bench-42194196/ACSIncome_full_seed-42_hash-1998608642.test_predictions.csv
ACSIncome,meta-llama--Meta-Llama-3.3-70B-Instruct,1,1,0.9993726036946672,0.7754340642835686,3085271936,0,comma,:,original,default,results/folktexts/0-variations/model-meta-llama--Meta-Llama-3.3-70B-Instruct/meta-llama--Meta-Llama-3.3-70B-Instruct_task-ACSIncome/meta-llama--Meta-Llama-3.3-70B-Instruct_bench-3085271936/results.bench-3085271936.json,results/folktexts/0-variations/model-meta-llama--Meta-Llama-3.3-70B-Instruct/meta-llama--Meta-Llama-3.3-70B-Instruct_task-ACSIncome/meta-llama--Meta-Llama-3.3-70B-Instruct_bench-1273590008/ACSIncome_full_seed-42_hash-1998608642.test_predictions.csv
ACSIncome,meta-llama--Meta-Llama-3.3-70B-Instruct,1,1,0.9993330311281013,0.7674016221087414,995207377,0,comma,:,original,rand 1,results/folktexts/0-variations/model-meta-llama--Meta-Llama-3.3-70B-Instruct/meta-llama--Meta-Llama-3.3-70B-Instruct_task-ACSIncome/meta-llama--Meta-Llama-3.3-70B-Instruct_bench-995207377/results.bench-995207377.json,results/folktexts/0-variations/model-meta-llama--Meta-Llama-3.3-70B-Instruct/meta-llama--Meta-Llama-3.3-70B-Instruct_task-ACSIncome/meta-llama--Meta-Llama-3.3-70B-Instruct_bench-1231208927/ACSIncome_full_seed-42_hash-1998608642.test_predictions.csv
ACSIncome,meta-llama--Meta-Llama-3.3-70B-Instruct,1,0,0.5,0.6109642535295885,6647459,0,comma,=,original,rand 2,results/folktexts/0-variations/model-meta-llama--Meta-Llama-3.3-70B-Instruct/meta-llama--Meta-Llama-3.3-70B-Instruct_task-ACSIncome/meta-llama--Meta-Llama-3.3-70B-Instruct_bench-6647459/results.bench-6647459.json,results/folktexts/0-variations/model-meta-llama--Meta-Llama-3.3-70B-Instruct/meta-llama--Meta-Llama-3.3-70B-Instruct_task-ACSIncome/meta-llama--Meta-Llama-3.3-70B-Instruct_bench-6647459/ACSIncome_full_seed-42_hash-1998608642.test_predictions.csv
ACSIncome,meta-llama--Meta-Llama-3.3-70B-Instruct,1,0,0.5,0.6100330429558426,440804183,0,comma,:,original,rand 2,results/folktexts/0-variations/model-meta-llama--Meta-Llama-3.3-70B-Instruct/meta-llama--Meta-Llama-3.3-70B-Instruct_task-ACSIncome/meta-llama--Meta-Llama-3.3-70B-Instruct_bench-440804183/results.bench-440804183.json,results/folktexts/0-variations/model-meta-llama--Meta-Llama-3.3-70B-Instruct/meta-llama--Meta-Llama-3.3-70B-Instruct_task-ACSIncome/meta-llama--Meta-Llama-3.3-70B-Instruct_bench-440804183/ACSIncome_full_seed-42_hash-1998608642.test_predictions.csv
ACSIncome,meta-llama--Meta-Llama-3.3-70B-Instruct,1,0,0.5,0.6148933613697807,3604102676,0,text,=,original,rand 2,results/folktexts/0-variations/model-meta-llama--Meta-Llama-3.3-70B-Instruct/meta-llama--Meta-Llama-3.3-70B-Instruct_task-ACSIncome/meta-llama--Meta-Llama-3.3-70B-Instruct_bench-3604102676/results.bench-3604102676.json,results/folktexts/0-variations/model-meta-llama--Meta-Llama-3.3-70B-Instruct/meta-llama--Meta-Llama-3.3-70B-Instruct_task-ACSIncome/meta-llama--Meta-Llama-3.3-70B-Instruct_bench-3604102676/ACSIncome_full_seed-42_hash-1998608642.test_predictions.csv
ACSIncome,meta-llama--Meta-Llama-3.3-70B-Instruct,1,1,0.9994811492800304,0.7708380895163712,4005883715,0,text,:,original,rand 1,results/folktexts/0-variations/model-meta-llama--Meta-Llama-3.3-70B-Instruct/meta-llama--Meta-Llama-3.3-70B-Instruct_task-ACSIncome/meta-llama--Meta-Llama-3.3-70B-Instruct_bench-4005883715/results.bench-4005883715.json,results/folktexts/0-variations/model-meta-llama--Meta-Llama-3.3-70B-Instruct/meta-llama--Meta-Llama-3.3-70B-Instruct_task-ACSIncome/meta-llama--Meta-Llama-3.3-70B-Instruct_bench-296703492/ACSIncome_full_seed-42_hash-1998608642.test_predictions.csv
ACSIncome,meta-llama--Meta-Llama-3.3-70B-Instruct,1,0,0.5,0.6432802643436467,3621152066,0,text,:,original,rand 3,results/folktexts/0-variations/model-meta-llama--Meta-Llama-3.3-70B-Instruct/meta-llama--Meta-Llama-3.3-70B-Instruct_task-ACSIncome/meta-llama--Meta-Llama-3.3-70B-Instruct_bench-3621152066/results.bench-3621152066.json,results/folktexts/0-variations/model-meta-llama--Meta-Llama-3.3-70B-Instruct/meta-llama--Meta-Llama-3.3-70B-Instruct_task-ACSIncome/meta-llama--Meta-Llama-3.3-70B-Instruct_bench-3621152066/ACSIncome_full_seed-42_hash-1998608642.test_predictions.csv
ACSIncome,meta-llama--Meta-Llama-3.3-70B-Instruct,1,0,0.5,0.5971583057975368,3651792212,0,comma,:,low, reversed,results/folktexts/0-variations/model-meta-llama--Meta-Llama-3.3-70B-Instruct/meta-llama--Meta-Llama-3.3-70B-Instruct_task-ACSIncome/meta-llama--Meta-Llama-3.3-70B-Instruct_bench-3651792212/results.bench-3651792212.json,results/folktexts/0-variations/model-meta-llama--Meta-Llama-3.3-70B-Instruct/meta-llama--Meta-Llama-3.3-70B-Instruct_task-ACSIncome/meta-llama--Meta-Llama-3.3-70B-Instruct_bench-3651792212/ACSIncome_full_seed-42_hash-1998608642.test_predictions.csv
ACSIncome,meta-llama--Meta-Llama-3.3-70B-Instruct,1,0,0.5,0.6109101832382097,1093766006,0,comma,=,original,default,results/folktexts/0-variations/model-meta-llama--Meta-Llama-3.3-70B-Instruct/meta-llama--Meta-Llama-3.3-70B-Instruct_task-ACSIncome/meta-llama--Meta-Llama-3.3-70B-Instruct_bench-1093766006/results.bench-1093766006.json,results/folktexts/0-variations/model-meta-llama--Meta-Llama-3.3-70B-Instruct/meta-llama--Meta-Llama-3.3-70B-Instruct_task-ACSIncome/meta-llama--Meta-Llama-3.3-70B-Instruct_bench-1093766006/ACSIncome_full_seed-42_hash-1998608642.test_predictions.csv
ACSIncome,meta-llama--Meta-Llama-3.3-70B-Instruct,1,1,0.9989654858196515,0.7534635025533193,1087696818,0,text,=,original, reversed,results/folktexts/0-variations/model-meta-llama--Meta-Llama-3.3-70B-Instruct/meta-llama--Meta-Llama-3.3-70B-Instruct_task-ACSIncome/meta-llama--Meta-Llama-3.3-70B-Instruct_bench-1087696818/results.bench-1087696818.json,results/folktexts/0-variations/model-meta-llama--Meta-Llama-3.3-70B-Instruct/meta-llama--Meta-Llama-3.3-70B-Instruct_task-ACSIncome/meta-llama--Meta-Llama-3.3-70B-Instruct_bench-1594326583/ACSIncome_full_seed-42_hash-1998608642.test_predictions.csv
ACSIncome,meta-llama--Meta-Llama-3.3-70B-Instruct,1,0,0.5,0.6153980174226494,1621459624,0,bullet,=,low,rand 1,results/folktexts/0-variations/model-meta-llama--Meta-Llama-3.3-70B-Instruct/meta-llama--Meta-Llama-3.3-70B-Instruct_task-ACSIncome/meta-llama--Meta-Llama-3.3-70B-Instruct_bench-1621459624/results.bench-1621459624.json,results/folktexts/0-variations/model-meta-llama--Meta-Llama-3.3-70B-Instruct/meta-llama--Meta-Llama-3.3-70B-Instruct_task-ACSIncome/meta-llama--Meta-Llama-3.3-70B-Instruct_bench-1621459624/ACSIncome_full_seed-42_hash-1998608642.test_predictions.csv
ACSIncome,meta-llama--Meta-Llama-3.3-70B-Instruct,1,0,0.5,0.6074857314508861,178865545,0,comma,is,original,rand 1,results/folktexts/0-variations/model-meta-llama--Meta-Llama-3.3-70B-Instruct/meta-llama--Meta-Llama-3.3-70B-Instruct_task-ACSIncome/meta-llama--Meta-Llama-3.3-70B-Instruct_bench-178865545/results.bench-178865545.json,results/folktexts/0-variations/model-meta-llama--Meta-Llama-3.3-70B-Instruct/meta-llama--Meta-Llama-3.3-70B-Instruct_task-ACSIncome/meta-llama--Meta-Llama-3.3-70B-Instruct_bench-178865545/ACSIncome_full_seed-42_hash-1998608642.test_predictions.csv
ACSIncome,meta-llama--Meta-Llama-3.3-70B-Instruct,1,1,0.9995146081720886,0.7776930009011715,102770027,0,text,=,original,rand 1,results/folktexts/0-variations/model-meta-llama--Meta-Llama-3.3-70B-Instruct/meta-llama--Meta-Llama-3.3-70B-Instruct_task-ACSIncome/meta-llama--Meta-Llama-3.3-70B-Instruct_bench-102770027/results.bench-102770027.json,results/folktexts/0-variations/model-meta-llama--Meta-Llama-3.3-70B-Instruct/meta-llama--Meta-Llama-3.3-70B-Instruct_task-ACSIncome/meta-llama--Meta-Llama-3.3-70B-Instruct_bench-3442845078/ACSIncome_full_seed-42_hash-1998608642.test_predictions.csv
ACSIncome,meta-llama--Meta-Llama-3.3-70B-Instruct,1,0,0.5,0.6024632021628117,4106636620,0,bullet,:,low, reversed,results/folktexts/0-variations/model-meta-llama--Meta-Llama-3.3-70B-Instruct/meta-llama--Meta-Llama-3.3-70B-Instruct_task-ACSIncome/meta-llama--Meta-Llama-3.3-70B-Instruct_bench-4106636620/results.bench-4106636620.json,results/folktexts/0-variations/model-meta-llama--Meta-Llama-3.3-70B-Instruct/meta-llama--Meta-Llama-3.3-70B-Instruct_task-ACSIncome/meta-llama--Meta-Llama-3.3-70B-Instruct_bench-4106636620/ACSIncome_full_seed-42_hash-1998608642.test_predictions.csv
ACSIncome,meta-llama--Meta-Llama-3.3-70B-Instruct,1,1,0.9986767954199197,0.7489336136978072,3729510498,0,comma,=,original,rand 1,results/folktexts/0-variations/model-meta-llama--Meta-Llama-3.3-70B-Instruct/meta-llama--Meta-Llama-3.3-70B-Instruct_task-ACSIncome/meta-llama--Meta-Llama-3.3-70B-Instruct_bench-3729510498/results.bench-3729510498.json,results/folktexts/0-variations/model-meta-llama--Meta-Llama-3.3-70B-Instruct/meta-llama--Meta-Llama-3.3-70B-Instruct_task-ACSIncome/meta-llama--Meta-Llama-3.3-70B-Instruct_bench-3546242641/ACSIncome_full_seed-42_hash-1998608642.test_predictions.csv
ACSIncome,meta-llama--Meta-Llama-3.3-70B-Instruct,1,0,0.5,0.6302313006908982,1520140278,0,text,is,original,default,results/folktexts/0-variations/model-meta-llama--Meta-Llama-3.3-70B-Instruct/meta-llama--Meta-Llama-3.3-70B-Instruct_task-ACSIncome/meta-llama--Meta-Llama-3.3-70B-Instruct_bench-1520140278/results.bench-1520140278.json,results/folktexts/0-variations/model-meta-llama--Meta-Llama-3.3-70B-Instruct/meta-llama--Meta-Llama-3.3-70B-Instruct_task-ACSIncome/meta-llama--Meta-Llama-3.3-70B-Instruct_bench-1520140278/ACSIncome_full_seed-42_hash-1998608642.test_predictions.csv
ACSIncome,meta-llama--Meta-Llama-3.3-70B-Instruct,1,1,0.9986744975483592,0.7591829378191649,1321768960,0,text,:,original,rand 3,results/folktexts/0-variations/model-meta-llama--Meta-Llama-3.3-70B-Instruct/meta-llama--Meta-Llama-3.3-70B-Instruct_task-ACSIncome/meta-llama--Meta-Llama-3.3-70B-Instruct_bench-1321768960/results.bench-1321768960.json,results/folktexts/0-variations/model-meta-llama--Meta-Llama-3.3-70B-Instruct/meta-llama--Meta-Llama-3.3-70B-Instruct_task-ACSIncome/meta-llama--Meta-Llama-3.3-70B-Instruct_bench-3621152066/ACSIncome_full_seed-42_hash-1998608642.test_predictions.csv
ACSIncome,meta-llama--Meta-Llama-3.3-70B-Instruct,1,1,0.9992433453528359,0.7590147191348754,3034734674,0,text,:,original,rand 2,results/folktexts/0-variations/model-meta-llama--Meta-Llama-3.3-70B-Instruct/meta-llama--Meta-Llama-3.3-70B-Instruct_task-ACSIncome/meta-llama--Meta-Llama-3.3-70B-Instruct_bench-3034734674/results.bench-3034734674.json,results/folktexts/0-variations/model-meta-llama--Meta-Llama-3.3-70B-Instruct/meta-llama--Meta-Llama-3.3-70B-Instruct_task-ACSIncome/meta-llama--Meta-Llama-3.3-70B-Instruct_bench-1030210370/ACSIncome_full_seed-42_hash-1998608642.test_predictions.csv
ACSIncome,meta-llama--Meta-Llama-3.3-70B-Instruct,1,1,0.9992931520145167,0.7674376689696606,165699386,0,comma,=,low,rand 1,results/folktexts/0-variations/model-meta-llama--Meta-Llama-3.3-70B-Instruct/meta-llama--Meta-Llama-3.3-70B-Instruct_task-ACSIncome/meta-llama--Meta-Llama-3.3-70B-Instruct_bench-165699386/results.bench-165699386.json,results/folktexts/0-variations/model-meta-llama--Meta-Llama-3.3-70B-Instruct/meta-llama--Meta-Llama-3.3-70B-Instruct_task-ACSIncome/meta-llama--Meta-Llama-3.3-70B-Instruct_bench-514563058/ACSIncome_full_seed-42_hash-1998608642.test_predictions.csv
ACSIncome,meta-llama--Meta-Llama-3.3-70B-Instruct,1,0,0.5,0.6307539801742265,4267617667,0,comma,is,original,rand 3,results/folktexts/0-variations/model-meta-llama--Meta-Llama-3.3-70B-Instruct/meta-llama--Meta-Llama-3.3-70B-Instruct_task-ACSIncome/meta-llama--Meta-Llama-3.3-70B-Instruct_bench-4267617667/results.bench-4267617667.json,results/folktexts/0-variations/model-meta-llama--Meta-Llama-3.3-70B-Instruct/meta-llama--Meta-Llama-3.3-70B-Instruct_task-ACSIncome/meta-llama--Meta-Llama-3.3-70B-Instruct_bench-4267617667/ACSIncome_full_seed-42_hash-1998608642.test_predictions.csv
ACSIncome,meta-llama--Meta-Llama-3.3-70B-Instruct,1,0,0.5,0.6179693601682187,2154957250,0,bullet,=,low,rand 2,results/folktexts/0-variations/model-meta-llama--Meta-Llama-3.3-70B-Instruct/meta-llama--Meta-Llama-3.3-70B-Instruct_task-ACSIncome/meta-llama--Meta-Llama-3.3-70B-Instruct_bench-2154957250/results.bench-2154957250.json,results/folktexts/0-variations/model-meta-llama--Meta-Llama-3.3-70B-Instruct/meta-llama--Meta-Llama-3.3-70B-Instruct_task-ACSIncome/meta-llama--Meta-Llama-3.3-70B-Instruct_bench-2154957250/ACSIncome_full_seed-42_hash-1998608642.test_predictions.csv
ACSIncome,meta-llama--Meta-Llama-3.3-70B-Instruct,1,1,0.9995407936336206,0.7850946230099128,2982431102,0,bullet,is,original, reversed,results/folktexts/0-variations/model-meta-llama--Meta-Llama-3.3-70B-Instruct/meta-llama--Meta-Llama-3.3-70B-Instruct_task-ACSIncome/meta-llama--Meta-Llama-3.3-70B-Instruct_bench-2982431102/results.bench-2982431102.json,results/folktexts/0-variations/model-meta-llama--Meta-Llama-3.3-70B-Instruct/meta-llama--Meta-Llama-3.3-70B-Instruct_task-ACSIncome/meta-llama--Meta-Llama-3.3-70B-Instruct_bench-3174278538/ACSIncome_full_seed-42_hash-1998608642.test_predictions.csv
ACSIncome,meta-llama--Meta-Llama-3.3-70B-Instruct,1,0,0.5,0.6079483328326825,1146204600,0,bullet,:,original, reversed,results/folktexts/0-variations/model-meta-llama--Meta-Llama-3.3-70B-Instruct/meta-llama--Meta-Llama-3.3-70B-Instruct_task-ACSIncome/meta-llama--Meta-Llama-3.3-70B-Instruct_bench-1146204600/results.bench-1146204600.json,results/folktexts/0-variations/model-meta-llama--Meta-Llama-3.3-70B-Instruct/meta-llama--Meta-Llama-3.3-70B-Instruct_task-ACSIncome/meta-llama--Meta-Llama-3.3-70B-Instruct_bench-1146204600/ACSIncome_full_seed-42_hash-1998608642.test_predictions.csv
ACSIncome,meta-llama--Meta-Llama-3.3-70B-Instruct,1,0,0.5,0.6229197957344548,2849313398,0,text,:,low,rand 3,results/folktexts/0-variations/model-meta-llama--Meta-Llama-3.3-70B-Instruct/meta-llama--Meta-Llama-3.3-70B-Instruct_task-ACSIncome/meta-llama--Meta-Llama-3.3-70B-Instruct_bench-2849313398/results.bench-2849313398.json,results/folktexts/0-variations/model-meta-llama--Meta-Llama-3.3-70B-Instruct/meta-llama--Meta-Llama-3.3-70B-Instruct_task-ACSIncome/meta-llama--Meta-Llama-3.3-70B-Instruct_bench-2849313398/ACSIncome_full_seed-42_hash-1998608642.test_predictions.csv
ACSIncome,Qwen--Qwen2.5-72B-Instruct,1,0,0.5,0.6321237608891559,2175873832,10,bullet,=,low, reversed,results/folktexts/10-variations/model-Qwen--Qwen2.5-72B-Instruct/Qwen--Qwen2.5-72B-Instruct_task-ACSIncome/Qwen--Qwen2.5-72B-Instruct_bench-2175873832/results.bench-2175873832.json,results/folktexts/10-variations/model-Qwen--Qwen2.5-72B-Instruct/Qwen--Qwen2.5-72B-Instruct_task-ACSIncome/Qwen--Qwen2.5-72B-Instruct_bench-2175873832/ACSIncome_full_seed-42_hash-1998608642.test_predictions.csv
ACSIncome,Qwen--Qwen2.5-72B-Instruct,1,0,0.5,0.6322979873835987,94837955,10,bullet,is,low,rand 3,results/folktexts/10-variations/model-Qwen--Qwen2.5-72B-Instruct/Qwen--Qwen2.5-72B-Instruct_task-ACSIncome/Qwen--Qwen2.5-72B-Instruct_bench-94837955/results.bench-94837955.json,results/folktexts/10-variations/model-Qwen--Qwen2.5-72B-Instruct/Qwen--Qwen2.5-72B-Instruct_task-ACSIncome/Qwen--Qwen2.5-72B-Instruct_bench-94837955/ACSIncome_full_seed-42_hash-1998608642.test_predictions.csv
ACSIncome,Qwen--Qwen2.5-72B-Instruct,1,0,0.5,0.6371703214178432,1940603789,10,text,=,low,default,results/folktexts/10-variations/model-Qwen--Qwen2.5-72B-Instruct/Qwen--Qwen2.5-72B-Instruct_task-ACSIncome/Qwen--Qwen2.5-72B-Instruct_bench-1940603789/results.bench-1940603789.json,results/folktexts/10-variations/model-Qwen--Qwen2.5-72B-Instruct/Qwen--Qwen2.5-72B-Instruct_task-ACSIncome/Qwen--Qwen2.5-72B-Instruct_bench-1940603789/ACSIncome_full_seed-42_hash-1998608642.test_predictions.csv
ACSIncome,Qwen--Qwen2.5-72B-Instruct,1,0,0.5,0.6321357765094623,2095062184,10,bullet,=,original, reversed,results/folktexts/10-variations/model-Qwen--Qwen2.5-72B-Instruct/Qwen--Qwen2.5-72B-Instruct_task-ACSIncome/Qwen--Qwen2.5-72B-Instruct_bench-2095062184/results.bench-2095062184.json,results/folktexts/10-variations/model-Qwen--Qwen2.5-72B-Instruct/Qwen--Qwen2.5-72B-Instruct_task-ACSIncome/Qwen--Qwen2.5-72B-Instruct_bench-2095062184/ACSIncome_full_seed-42_hash-1998608642.test_predictions.csv
ACSIncome,Qwen--Qwen2.5-72B-Instruct,1,0,0.5,0.6409011715229799,3094332779,10,text,is,low,rand 3,results/folktexts/10-variations/model-Qwen--Qwen2.5-72B-Instruct/Qwen--Qwen2.5-72B-Instruct_task-ACSIncome/Qwen--Qwen2.5-72B-Instruct_bench-3094332779/results.bench-3094332779.json,results/folktexts/10-variations/model-Qwen--Qwen2.5-72B-Instruct/Qwen--Qwen2.5-72B-Instruct_task-ACSIncome/Qwen--Qwen2.5-72B-Instruct_bench-3094332779/ACSIncome_full_seed-42_hash-1998608642.test_predictions.csv
ACSIncome,Qwen--Qwen2.5-72B-Instruct,1,0,0.5,0.632670471613097,1805275361,10,text,=,original,rand 2,results/folktexts/10-variations/model-Qwen--Qwen2.5-72B-Instruct/Qwen--Qwen2.5-72B-Instruct_task-ACSIncome/Qwen--Qwen2.5-72B-Instruct_bench-1805275361/results.bench-1805275361.json,results/folktexts/10-variations/model-Qwen--Qwen2.5-72B-Instruct/Qwen--Qwen2.5-72B-Instruct_task-ACSIncome/Qwen--Qwen2.5-72B-Instruct_bench-1805275361/ACSIncome_full_seed-42_hash-1998608642.test_predictions.csv
ACSIncome,Qwen--Qwen2.5-72B-Instruct,1,0,0.5,0.6336016821868429,1183864815,10,text,=,low,rand 2,results/folktexts/10-variations/model-Qwen--Qwen2.5-72B-Instruct/Qwen--Qwen2.5-72B-Instruct_task-ACSIncome/Qwen--Qwen2.5-72B-Instruct_bench-1183864815/results.bench-1183864815.json,results/folktexts/10-variations/model-Qwen--Qwen2.5-72B-Instruct/Qwen--Qwen2.5-72B-Instruct_task-ACSIncome/Qwen--Qwen2.5-72B-Instruct_bench-1183864815/ACSIncome_full_seed-42_hash-1998608642.test_predictions.csv
ACSIncome,Qwen--Qwen2.5-72B-Instruct,1,0,0.5,0.6321417843196155,498319641,10,bullet,:,low, reversed,results/folktexts/10-variations/model-Qwen--Qwen2.5-72B-Instruct/Qwen--Qwen2.5-72B-Instruct_task-ACSIncome/Qwen--Qwen2.5-72B-Instruct_bench-498319641/results.bench-498319641.json,results/folktexts/10-variations/model-Qwen--Qwen2.5-72B-Instruct/Qwen--Qwen2.5-72B-Instruct_task-ACSIncome/Qwen--Qwen2.5-72B-Instruct_bench-498319641/ACSIncome_full_seed-42_hash-1998608642.test_predictions.csv
ACSIncome,Qwen--Qwen2.5-72B-Instruct,1,0,0.5,0.6321477921297687,1778397065,10,bullet,:,low,rand 2,results/folktexts/10-variations/model-Qwen--Qwen2.5-72B-Instruct/Qwen--Qwen2.5-72B-Instruct_task-ACSIncome/Qwen--Qwen2.5-72B-Instruct_bench-1778397065/results.bench-1778397065.json,results/folktexts/10-variations/model-Qwen--Qwen2.5-72B-Instruct/Qwen--Qwen2.5-72B-Instruct_task-ACSIncome/Qwen--Qwen2.5-72B-Instruct_bench-1778397065/ACSIncome_full_seed-42_hash-1998608642.test_predictions.csv
ACSIncome,Qwen--Qwen2.5-72B-Instruct,1,0,0.5,0.6322138780414539,1346599652,10,bullet,=,low,rand 3,results/folktexts/10-variations/model-Qwen--Qwen2.5-72B-Instruct/Qwen--Qwen2.5-72B-Instruct_task-ACSIncome/Qwen--Qwen2.5-72B-Instruct_bench-1346599652/results.bench-1346599652.json,results/folktexts/10-variations/model-Qwen--Qwen2.5-72B-Instruct/Qwen--Qwen2.5-72B-Instruct_task-ACSIncome/Qwen--Qwen2.5-72B-Instruct_bench-1346599652/ACSIncome_full_seed-42_hash-1998608642.test_predictions.csv
ACSIncome,Qwen--Qwen2.5-72B-Instruct,1,0,0.5,0.6321297686993091,3089473755,10,bullet,is,low, reversed,results/folktexts/10-variations/model-Qwen--Qwen2.5-72B-Instruct/Qwen--Qwen2.5-72B-Instruct_task-ACSIncome/Qwen--Qwen2.5-72B-Instruct_bench-3089473755/results.bench-3089473755.json,results/folktexts/10-variations/model-Qwen--Qwen2.5-72B-Instruct/Qwen--Qwen2.5-72B-Instruct_task-ACSIncome/Qwen--Qwen2.5-72B-Instruct_bench-3089473755/ACSIncome_full_seed-42_hash-1998608642.test_predictions.csv
ACSIncome,Qwen--Qwen2.5-72B-Instruct,1,0,0.5,0.6337398618203665,299205327,10,text,is,original,default,results/folktexts/10-variations/model-Qwen--Qwen2.5-72B-Instruct/Qwen--Qwen2.5-72B-Instruct_task-ACSIncome/Qwen--Qwen2.5-72B-Instruct_bench-299205327/results.bench-299205327.json,results/folktexts/10-variations/model-Qwen--Qwen2.5-72B-Instruct/Qwen--Qwen2.5-72B-Instruct_task-ACSIncome/Qwen--Qwen2.5-72B-Instruct_bench-299205327/ACSIncome_full_seed-42_hash-1998608642.test_predictions.csv
ACSIncome,Qwen--Qwen2.5-72B-Instruct,1,0,0.5,0.6361610093121057,2389771121,10,text,is,original, reversed,results/folktexts/10-variations/model-Qwen--Qwen2.5-72B-Instruct/Qwen--Qwen2.5-72B-Instruct_task-ACSIncome/Qwen--Qwen2.5-72B-Instruct_bench-2389771121/results.bench-2389771121.json,results/folktexts/10-variations/model-Qwen--Qwen2.5-72B-Instruct/Qwen--Qwen2.5-72B-Instruct_task-ACSIncome/Qwen--Qwen2.5-72B-Instruct_bench-2389771121/ACSIncome_full_seed-42_hash-1998608642.test_predictions.csv
ACSIncome,Qwen--Qwen2.5-72B-Instruct,1,0,0.5,0.6321658155602283,2886959342,10,bullet,is,original,default,results/folktexts/10-variations/model-Qwen--Qwen2.5-72B-Instruct/Qwen--Qwen2.5-72B-Instruct_task-ACSIncome/Qwen--Qwen2.5-72B-Instruct_bench-2886959342/results.bench-2886959342.json,results/folktexts/10-variations/model-Qwen--Qwen2.5-72B-Instruct/Qwen--Qwen2.5-72B-Instruct_task-ACSIncome/Qwen--Qwen2.5-72B-Instruct_bench-2886959342/ACSIncome_full_seed-42_hash-1998608642.test_predictions.csv
ACSIncome,Qwen--Qwen2.5-72B-Instruct,1,0,0.5,0.6321357765094623,1300052864,10,bullet,is,original, reversed,results/folktexts/10-variations/model-Qwen--Qwen2.5-72B-Instruct/Qwen--Qwen2.5-72B-Instruct_task-ACSIncome/Qwen--Qwen2.5-72B-Instruct_bench-1300052864/results.bench-1300052864.json,results/folktexts/10-variations/model-Qwen--Qwen2.5-72B-Instruct/Qwen--Qwen2.5-72B-Instruct_task-ACSIncome/Qwen--Qwen2.5-72B-Instruct_bench-1300052864/ACSIncome_full_seed-42_hash-1998608642.test_predictions.csv
ACSIncome,Qwen--Qwen2.5-72B-Instruct,1,0,0.5,0.6323280264343647,3530768259,10,bullet,:,low,rand 3,results/folktexts/10-variations/model-Qwen--Qwen2.5-72B-Instruct/Qwen--Qwen2.5-72B-Instruct_task-ACSIncome/Qwen--Qwen2.5-72B-Instruct_bench-3530768259/results.bench-3530768259.json,results/folktexts/10-variations/model-Qwen--Qwen2.5-72B-Instruct/Qwen--Qwen2.5-72B-Instruct_task-ACSIncome/Qwen--Qwen2.5-72B-Instruct_bench-3530768259/ACSIncome_full_seed-42_hash-1998608642.test_predictions.csv
ACSIncome,Qwen--Qwen2.5-72B-Instruct,1,0,0.5,0.6322979873835987,796058564,10,bullet,:,original,default,results/folktexts/10-variations/model-Qwen--Qwen2.5-72B-Instruct/Qwen--Qwen2.5-72B-Instruct_task-ACSIncome/Qwen--Qwen2.5-72B-Instruct_bench-796058564/results.bench-796058564.json,results/folktexts/10-variations/model-Qwen--Qwen2.5-72B-Instruct/Qwen--Qwen2.5-72B-Instruct_task-ACSIncome/Qwen--Qwen2.5-72B-Instruct_bench-796058564/ACSIncome_full_seed-42_hash-1998608642.test_predictions.csv
ACSIncome,Qwen--Qwen2.5-72B-Instruct,1,0,0.5,0.6326224091318714,3031191944,10,bullet,:,original,rand 3,results/folktexts/10-variations/model-Qwen--Qwen2.5-72B-Instruct/Qwen--Qwen2.5-72B-Instruct_task-ACSIncome/Qwen--Qwen2.5-72B-Instruct_bench-3031191944/results.bench-3031191944.json,results/folktexts/10-variations/model-Qwen--Qwen2.5-72B-Instruct/Qwen--Qwen2.5-72B-Instruct_task-ACSIncome/Qwen--Qwen2.5-72B-Instruct_bench-3031191944/ACSIncome_full_seed-42_hash-1998608642.test_predictions.csv
ACSIncome,Qwen--Qwen2.5-72B-Instruct,1,0,0.5,0.6373986182036647,2263656736,10,text,=,low,rand 3,results/folktexts/10-variations/model-Qwen--Qwen2.5-72B-Instruct/Qwen--Qwen2.5-72B-Instruct_task-ACSIncome/Qwen--Qwen2.5-72B-Instruct_bench-2263656736/results.bench-2263656736.json,results/folktexts/10-variations/model-Qwen--Qwen2.5-72B-Instruct/Qwen--Qwen2.5-72B-Instruct_task-ACSIncome/Qwen--Qwen2.5-72B-Instruct_bench-2263656736/ACSIncome_full_seed-42_hash-1998608642.test_predictions.csv
ACSIncome,Qwen--Qwen2.5-72B-Instruct,1,0,0.5,0.6321537999399219,1599344708,10,bullet,is,low,rand 2,results/folktexts/10-variations/model-Qwen--Qwen2.5-72B-Instruct/Qwen--Qwen2.5-72B-Instruct_task-ACSIncome/Qwen--Qwen2.5-72B-Instruct_bench-1599344708/results.bench-1599344708.json,results/folktexts/10-variations/model-Qwen--Qwen2.5-72B-Instruct/Qwen--Qwen2.5-72B-Instruct_task-ACSIncome/Qwen--Qwen2.5-72B-Instruct_bench-1599344708/ACSIncome_full_seed-42_hash-1998608642.test_predictions.csv
ACSIncome,Qwen--Qwen2.5-72B-Instruct,1,0,0.5,0.6321838389906879,950430875,10,bullet,:,original, reversed,results/folktexts/10-variations/model-Qwen--Qwen2.5-72B-Instruct/Qwen--Qwen2.5-72B-Instruct_task-ACSIncome/Qwen--Qwen2.5-72B-Instruct_bench-950430875/results.bench-950430875.json,results/folktexts/10-variations/model-Qwen--Qwen2.5-72B-Instruct/Qwen--Qwen2.5-72B-Instruct_task-ACSIncome/Qwen--Qwen2.5-72B-Instruct_bench-950430875/ACSIncome_full_seed-42_hash-1998608642.test_predictions.csv
ACSIncome,Qwen--Qwen2.5-72B-Instruct,1,0,0.5,0.6348693301291679,2419866802,10,text,=,low,rand 1,results/folktexts/10-variations/model-Qwen--Qwen2.5-72B-Instruct/Qwen--Qwen2.5-72B-Instruct_task-ACSIncome/Qwen--Qwen2.5-72B-Instruct_bench-2419866802/results.bench-2419866802.json,results/folktexts/10-variations/model-Qwen--Qwen2.5-72B-Instruct/Qwen--Qwen2.5-72B-Instruct_task-ACSIncome/Qwen--Qwen2.5-72B-Instruct_bench-2419866802/ACSIncome_full_seed-42_hash-1998608642.test_predictions.csv
ACSIncome,Qwen--Qwen2.5-72B-Instruct,1,0,0.5,0.6322559327125263,3362906935,10,bullet,is,low,default,results/folktexts/10-variations/model-Qwen--Qwen2.5-72B-Instruct/Qwen--Qwen2.5-72B-Instruct_task-ACSIncome/Qwen--Qwen2.5-72B-Instruct_bench-3362906935/results.bench-3362906935.json,results/folktexts/10-variations/model-Qwen--Qwen2.5-72B-Instruct/Qwen--Qwen2.5-72B-Instruct_task-ACSIncome/Qwen--Qwen2.5-72B-Instruct_bench-3362906935/ACSIncome_full_seed-42_hash-1998608642.test_predictions.csv
ACSIncome,Qwen--Qwen2.5-72B-Instruct,1,0,0.5,0.6365815560228297,3027785070,10,text,is,original,rand 1,results/folktexts/10-variations/model-Qwen--Qwen2.5-72B-Instruct/Qwen--Qwen2.5-72B-Instruct_task-ACSIncome/Qwen--Qwen2.5-72B-Instruct_bench-3027785070/results.bench-3027785070.json,results/folktexts/10-variations/model-Qwen--Qwen2.5-72B-Instruct/Qwen--Qwen2.5-72B-Instruct_task-ACSIncome/Qwen--Qwen2.5-72B-Instruct_bench-3027785070/ACSIncome_full_seed-42_hash-1998608642.test_predictions.csv
ACSIncome,Qwen--Qwen2.5-72B-Instruct,1,0,0.5,0.6321297686993091,4146121316,10,bullet,is,original,rand 2,results/folktexts/10-variations/model-Qwen--Qwen2.5-72B-Instruct/Qwen--Qwen2.5-72B-Instruct_task-ACSIncome/Qwen--Qwen2.5-72B-Instruct_bench-4146121316/results.bench-4146121316.json,results/folktexts/10-variations/model-Qwen--Qwen2.5-72B-Instruct/Qwen--Qwen2.5-72B-Instruct_task-ACSIncome/Qwen--Qwen2.5-72B-Instruct_bench-4146121316/ACSIncome_full_seed-42_hash-1998608642.test_predictions.csv
ACSIncome,Qwen--Qwen2.5-72B-Instruct,1,0,0.5,0.6321357765094623,1648573022,10,bullet,is,original,rand 1,results/folktexts/10-variations/model-Qwen--Qwen2.5-72B-Instruct/Qwen--Qwen2.5-72B-Instruct_task-ACSIncome/Qwen--Qwen2.5-72B-Instruct_bench-1648573022/results.bench-1648573022.json,results/folktexts/10-variations/model-Qwen--Qwen2.5-72B-Instruct/Qwen--Qwen2.5-72B-Instruct_task-ACSIncome/Qwen--Qwen2.5-72B-Instruct_bench-1648573022/ACSIncome_full_seed-42_hash-1998608642.test_predictions.csv
ACSIncome,Qwen--Qwen2.5-72B-Instruct,1,0,0.5,0.6405106638630219,3140637579,10,text,is,low,rand 1,results/folktexts/10-variations/model-Qwen--Qwen2.5-72B-Instruct/Qwen--Qwen2.5-72B-Instruct_task-ACSIncome/Qwen--Qwen2.5-72B-Instruct_bench-3140637579/results.bench-3140637579.json,results/folktexts/10-variations/model-Qwen--Qwen2.5-72B-Instruct/Qwen--Qwen2.5-72B-Instruct_task-ACSIncome/Qwen--Qwen2.5-72B-Instruct_bench-3140637579/ACSIncome_full_seed-42_hash-1998608642.test_predictions.csv
ACSIncome,Qwen--Qwen2.5-72B-Instruct,1,0,0.5,0.6322679483328327,1184314070,10,bullet,=,original,rand 3,results/folktexts/10-variations/model-Qwen--Qwen2.5-72B-Instruct/Qwen--Qwen2.5-72B-Instruct_task-ACSIncome/Qwen--Qwen2.5-72B-Instruct_bench-1184314070/results.bench-1184314070.json,results/folktexts/10-variations/model-Qwen--Qwen2.5-72B-Instruct/Qwen--Qwen2.5-72B-Instruct_task-ACSIncome/Qwen--Qwen2.5-72B-Instruct_bench-1184314070/ACSIncome_full_seed-42_hash-1998608642.test_predictions.csv
ACSIncome,Qwen--Qwen2.5-72B-Instruct,1,0,0.5,0.6322078702313007,2267960291,10,bullet,:,low,rand 1,results/folktexts/10-variations/model-Qwen--Qwen2.5-72B-Instruct/Qwen--Qwen2.5-72B-Instruct_task-ACSIncome/Qwen--Qwen2.5-72B-Instruct_bench-2267960291/results.bench-2267960291.json,results/folktexts/10-variations/model-Qwen--Qwen2.5-72B-Instruct/Qwen--Qwen2.5-72B-Instruct_task-ACSIncome/Qwen--Qwen2.5-72B-Instruct_bench-2267960291/ACSIncome_full_seed-42_hash-1998608642.test_predictions.csv
ACSIncome,Qwen--Qwen2.5-72B-Instruct,1,0,0.5,0.6323580654851306,2735002361,10,bullet,=,low,default,results/folktexts/10-variations/model-Qwen--Qwen2.5-72B-Instruct/Qwen--Qwen2.5-72B-Instruct_task-ACSIncome/Qwen--Qwen2.5-72B-Instruct_bench-2735002361/results.bench-2735002361.json,results/folktexts/10-variations/model-Qwen--Qwen2.5-72B-Instruct/Qwen--Qwen2.5-72B-Instruct_task-ACSIncome/Qwen--Qwen2.5-72B-Instruct_bench-2735002361/ACSIncome_full_seed-42_hash-1998608642.test_predictions.csv
ACSIncome,Qwen--Qwen2.5-72B-Instruct,1,0,0.5,0.6346290177230399,398196773,10,text,is,original,rand 3,results/folktexts/10-variations/model-Qwen--Qwen2.5-72B-Instruct/Qwen--Qwen2.5-72B-Instruct_task-ACSIncome/Qwen--Qwen2.5-72B-Instruct_bench-398196773/results.bench-398196773.json,results/folktexts/10-variations/model-Qwen--Qwen2.5-72B-Instruct/Qwen--Qwen2.5-72B-Instruct_task-ACSIncome/Qwen--Qwen2.5-72B-Instruct_bench-398196773/ACSIncome_full_seed-42_hash-1998608642.test_predictions.csv
ACSIncome,Qwen--Qwen2.5-72B-Instruct,1,0,0.5,0.6321598077500751,2419437734,10,bullet,=,low,rand 1,results/folktexts/10-variations/model-Qwen--Qwen2.5-72B-Instruct/Qwen--Qwen2.5-72B-Instruct_task-ACSIncome/Qwen--Qwen2.5-72B-Instruct_bench-2419437734/results.bench-2419437734.json,results/folktexts/10-variations/model-Qwen--Qwen2.5-72B-Instruct/Qwen--Qwen2.5-72B-Instruct_task-ACSIncome/Qwen--Qwen2.5-72B-Instruct_bench-2419437734/ACSIncome_full_seed-42_hash-1998608642.test_predictions.csv
ACSIncome,Qwen--Qwen2.5-72B-Instruct,1,0,0.5,0.6321357765094623,2033104972,10,bullet,=,low,rand 2,results/folktexts/10-variations/model-Qwen--Qwen2.5-72B-Instruct/Qwen--Qwen2.5-72B-Instruct_task-ACSIncome/Qwen--Qwen2.5-72B-Instruct_bench-2033104972/results.bench-2033104972.json,results/folktexts/10-variations/model-Qwen--Qwen2.5-72B-Instruct/Qwen--Qwen2.5-72B-Instruct_task-ACSIncome/Qwen--Qwen2.5-72B-Instruct_bench-2033104972/ACSIncome_full_seed-42_hash-1998608642.test_predictions.csv
ACSIncome,Qwen--Qwen2.5-72B-Instruct,1,0,0.5,0.6322319014719134,3354079218,10,bullet,=,original,default,results/folktexts/10-variations/model-Qwen--Qwen2.5-72B-Instruct/Qwen--Qwen2.5-72B-Instruct_task-ACSIncome/Qwen--Qwen2.5-72B-Instruct_bench-3354079218/results.bench-3354079218.json,results/folktexts/10-variations/model-Qwen--Qwen2.5-72B-Instruct/Qwen--Qwen2.5-72B-Instruct_task-ACSIncome/Qwen--Qwen2.5-72B-Instruct_bench-3354079218/ACSIncome_full_seed-42_hash-1998608642.test_predictions.csv
ACSIncome,Qwen--Qwen2.5-72B-Instruct,1,0,0.5,0.63432862721538,2727616749,10,text,=,original, reversed,results/folktexts/10-variations/model-Qwen--Qwen2.5-72B-Instruct/Qwen--Qwen2.5-72B-Instruct_task-ACSIncome/Qwen--Qwen2.5-72B-Instruct_bench-2727616749/results.bench-2727616749.json,results/folktexts/10-variations/model-Qwen--Qwen2.5-72B-Instruct/Qwen--Qwen2.5-72B-Instruct_task-ACSIncome/Qwen--Qwen2.5-72B-Instruct_bench-2727616749/ACSIncome_full_seed-42_hash-1998608642.test_predictions.csv
ACSIncome,Qwen--Qwen2.5-72B-Instruct,1,0,0.5,0.6331030339441274,831049836,10,text,is,original,rand 2,results/folktexts/10-variations/model-Qwen--Qwen2.5-72B-Instruct/Qwen--Qwen2.5-72B-Instruct_task-ACSIncome/Qwen--Qwen2.5-72B-Instruct_bench-831049836/results.bench-831049836.json,results/folktexts/10-variations/model-Qwen--Qwen2.5-72B-Instruct/Qwen--Qwen2.5-72B-Instruct_task-ACSIncome/Qwen--Qwen2.5-72B-Instruct_bench-831049836/ACSIncome_full_seed-42_hash-1998608642.test_predictions.csv
ACSIncome,Qwen--Qwen2.5-72B-Instruct,1,0,0.5,0.6321718233703815,1850807828,10,bullet,:,original,rand 2,results/folktexts/10-variations/model-Qwen--Qwen2.5-72B-Instruct/Qwen--Qwen2.5-72B-Instruct_task-ACSIncome/Qwen--Qwen2.5-72B-Instruct_bench-1850807828/results.bench-1850807828.json,results/folktexts/10-variations/model-Qwen--Qwen2.5-72B-Instruct/Qwen--Qwen2.5-72B-Instruct_task-ACSIncome/Qwen--Qwen2.5-72B-Instruct_bench-1850807828/ACSIncome_full_seed-42_hash-1998608642.test_predictions.csv
ACSIncome,Qwen--Qwen2.5-72B-Instruct,1,0,0.5,0.6321357765094623,96374166,10,bullet,:,original,rand 1,results/folktexts/10-variations/model-Qwen--Qwen2.5-72B-Instruct/Qwen--Qwen2.5-72B-Instruct_task-ACSIncome/Qwen--Qwen2.5-72B-Instruct_bench-96374166/results.bench-96374166.json,results/folktexts/10-variations/model-Qwen--Qwen2.5-72B-Instruct/Qwen--Qwen2.5-72B-Instruct_task-ACSIncome/Qwen--Qwen2.5-72B-Instruct_bench-96374166/ACSIncome_full_seed-42_hash-1998608642.test_predictions.csv
ACSIncome,Qwen--Qwen2.5-72B-Instruct,1,0,0.5,0.6330729948933613,3427650282,10,text,=,original,rand 3,results/folktexts/10-variations/model-Qwen--Qwen2.5-72B-Instruct/Qwen--Qwen2.5-72B-Instruct_task-ACSIncome/Qwen--Qwen2.5-72B-Instruct_bench-3427650282/results.bench-3427650282.json,results/folktexts/10-variations/model-Qwen--Qwen2.5-72B-Instruct/Qwen--Qwen2.5-72B-Instruct_task-ACSIncome/Qwen--Qwen2.5-72B-Instruct_bench-3427650282/ACSIncome_full_seed-42_hash-1998608642.test_predictions.csv
ACSIncome,Qwen--Qwen2.5-72B-Instruct,1,0,0.5,0.6326524481826374,1888900239,10,bullet,:,low,default,results/folktexts/10-variations/model-Qwen--Qwen2.5-72B-Instruct/Qwen--Qwen2.5-72B-Instruct_task-ACSIncome/Qwen--Qwen2.5-72B-Instruct_bench-1888900239/results.bench-1888900239.json,results/folktexts/10-variations/model-Qwen--Qwen2.5-72B-Instruct/Qwen--Qwen2.5-72B-Instruct_task-ACSIncome/Qwen--Qwen2.5-72B-Instruct_bench-1888900239/ACSIncome_full_seed-42_hash-1998608642.test_predictions.csv
ACSIncome,Qwen--Qwen2.5-72B-Instruct,1,0,0.5,0.6376629618504055,2360616891,10,text,is,low,default,results/folktexts/10-variations/model-Qwen--Qwen2.5-72B-Instruct/Qwen--Qwen2.5-72B-Instruct_task-ACSIncome/Qwen--Qwen2.5-72B-Instruct_bench-2360616891/results.bench-2360616891.json,results/folktexts/10-variations/model-Qwen--Qwen2.5-72B-Instruct/Qwen--Qwen2.5-72B-Instruct_task-ACSIncome/Qwen--Qwen2.5-72B-Instruct_bench-2360616891/ACSIncome_full_seed-42_hash-1998608642.test_predictions.csv
ACSIncome,Qwen--Qwen2.5-72B-Instruct,1,0,0.5,0.6321838389906879,2148046618,10,bullet,is,low,rand 1,results/folktexts/10-variations/model-Qwen--Qwen2.5-72B-Instruct/Qwen--Qwen2.5-72B-Instruct_task-ACSIncome/Qwen--Qwen2.5-72B-Instruct_bench-2148046618/results.bench-2148046618.json,results/folktexts/10-variations/model-Qwen--Qwen2.5-72B-Instruct/Qwen--Qwen2.5-72B-Instruct_task-ACSIncome/Qwen--Qwen2.5-72B-Instruct_bench-2148046618/ACSIncome_full_seed-42_hash-1998608642.test_predictions.csv
ACSIncome,Qwen--Qwen2.5-72B-Instruct,1,0,0.5,0.6321477921297687,1111011077,10,bullet,=,original,rand 2,results/folktexts/10-variations/model-Qwen--Qwen2.5-72B-Instruct/Qwen--Qwen2.5-72B-Instruct_task-ACSIncome/Qwen--Qwen2.5-72B-Instruct_bench-1111011077/results.bench-1111011077.json,results/folktexts/10-variations/model-Qwen--Qwen2.5-72B-Instruct/Qwen--Qwen2.5-72B-Instruct_task-ACSIncome/Qwen--Qwen2.5-72B-Instruct_bench-1111011077/ACSIncome_full_seed-42_hash-1998608642.test_predictions.csv
ACSIncome,Qwen--Qwen2.5-72B-Instruct,1,0,0.5,0.6351396815860619,3496070520,10,text,is,low,rand 2,results/folktexts/10-variations/model-Qwen--Qwen2.5-72B-Instruct/Qwen--Qwen2.5-72B-Instruct_task-ACSIncome/Qwen--Qwen2.5-72B-Instruct_bench-3496070520/results.bench-3496070520.json,results/folktexts/10-variations/model-Qwen--Qwen2.5-72B-Instruct/Qwen--Qwen2.5-72B-Instruct_task-ACSIncome/Qwen--Qwen2.5-72B-Instruct_bench-3496070520/ACSIncome_full_seed-42_hash-1998608642.test_predictions.csv
ACSIncome,Qwen--Qwen2.5-72B-Instruct,1,0,0.5,0.6321537999399219,2035887103,10,bullet,=,original,rand 1,results/folktexts/10-variations/model-Qwen--Qwen2.5-72B-Instruct/Qwen--Qwen2.5-72B-Instruct_task-ACSIncome/Qwen--Qwen2.5-72B-Instruct_bench-2035887103/results.bench-2035887103.json,results/folktexts/10-variations/model-Qwen--Qwen2.5-72B-Instruct/Qwen--Qwen2.5-72B-Instruct_task-ACSIncome/Qwen--Qwen2.5-72B-Instruct_bench-2035887103/ACSIncome_full_seed-42_hash-1998608642.test_predictions.csv
ACSIncome,Qwen--Qwen2.5-72B-Instruct,1,0,0.5,0.6373024932412136,877789452,10,text,is,low, reversed,results/folktexts/10-variations/model-Qwen--Qwen2.5-72B-Instruct/Qwen--Qwen2.5-72B-Instruct_task-ACSIncome/Qwen--Qwen2.5-72B-Instruct_bench-877789452/results.bench-877789452.json,results/folktexts/10-variations/model-Qwen--Qwen2.5-72B-Instruct/Qwen--Qwen2.5-72B-Instruct_task-ACSIncome/Qwen--Qwen2.5-72B-Instruct_bench-877789452/ACSIncome_full_seed-42_hash-1998608642.test_predictions.csv
ACSIncome,Qwen--Qwen2.5-72B-Instruct,1,0,0.5,0.6322859717632923,1706933626,10,bullet,is,original,rand 3,results/folktexts/10-variations/model-Qwen--Qwen2.5-72B-Instruct/Qwen--Qwen2.5-72B-Instruct_task-ACSIncome/Qwen--Qwen2.5-72B-Instruct_bench-1706933626/results.bench-1706933626.json,results/folktexts/10-variations/model-Qwen--Qwen2.5-72B-Instruct/Qwen--Qwen2.5-72B-Instruct_task-ACSIncome/Qwen--Qwen2.5-72B-Instruct_bench-1706933626/ACSIncome_full_seed-42_hash-1998608642.test_predictions.csv
ACSIncome,Qwen--Qwen2.5-72B-Instruct,1,0,0.5,0.63387804145389,1479960067,10,text,=,original,default,results/folktexts/10-variations/model-Qwen--Qwen2.5-72B-Instruct/Qwen--Qwen2.5-72B-Instruct_task-ACSIncome/Qwen--Qwen2.5-72B-Instruct_bench-1479960067/results.bench-1479960067.json,results/folktexts/10-variations/model-Qwen--Qwen2.5-72B-Instruct/Qwen--Qwen2.5-72B-Instruct_task-ACSIncome/Qwen--Qwen2.5-72B-Instruct_bench-1479960067/ACSIncome_full_seed-42_hash-1998608642.test_predictions.csv
ACSIncome,Qwen--Qwen2.5-72B-Instruct,1,0,0.5,0.6326224091318714,933855270,10,text,=,original,rand 1,results/folktexts/10-variations/model-Qwen--Qwen2.5-72B-Instruct/Qwen--Qwen2.5-72B-Instruct_task-ACSIncome/Qwen--Qwen2.5-72B-Instruct_bench-933855270/results.bench-933855270.json,results/folktexts/10-variations/model-Qwen--Qwen2.5-72B-Instruct/Qwen--Qwen2.5-72B-Instruct_task-ACSIncome/Qwen--Qwen2.5-72B-Instruct_bench-933855270/ACSIncome_full_seed-42_hash-1998608642.test_predictions.csv
ACSIncome,meta-llama--Meta-Llama-3-8B-Instruct,1,1,0.1191553544494721,0.6402042655452088,558763732,10,text,:,original,rand 1,results/folktexts/10-variations/model-meta-llama--Meta-Llama-3-8B-Instruct/meta-llama--Meta-Llama-3-8B-Instruct_task-ACSIncome/meta-llama--Meta-Llama-3-8B-Instruct_bench-558763732/results.bench-558763732.json,results/folktexts/10-variations/model-meta-llama--Meta-Llama-3-8B-Instruct/meta-llama--Meta-Llama-3-8B-Instruct_task-ACSIncome/meta-llama--Meta-Llama-3-8B-Instruct_bench-2611743655/ACSIncome_full_seed-42_hash-1998608642.test_predictions.csv
ACSIncome,meta-llama--Meta-Llama-3-8B-Instruct,1,1,0.09494949494949495,0.5858095524181436,4040616360,10,text,:,original,rand 3,results/folktexts/10-variations/model-meta-llama--Meta-Llama-3-8B-Instruct/meta-llama--Meta-Llama-3-8B-Instruct_task-ACSIncome/meta-llama--Meta-Llama-3-8B-Instruct_bench-4040616360/results.bench-4040616360.json,results/folktexts/10-variations/model-meta-llama--Meta-Llama-3-8B-Instruct/meta-llama--Meta-Llama-3-8B-Instruct_task-ACSIncome/meta-llama--Meta-Llama-3-8B-Instruct_bench-1165523492/ACSIncome_full_seed-42_hash-1998608642.test_predictions.csv
ACSIncome,meta-llama--Meta-Llama-3-8B-Instruct,1,1,0.12033195020746888,0.6330609792730549,3314184908,10,bullet,is,original,rand 1,results/folktexts/10-variations/model-meta-llama--Meta-Llama-3-8B-Instruct/meta-llama--Meta-Llama-3-8B-Instruct_task-ACSIncome/meta-llama--Meta-Llama-3-8B-Instruct_bench-3314184908/results.bench-3314184908.json,results/folktexts/10-variations/model-meta-llama--Meta-Llama-3-8B-Instruct/meta-llama--Meta-Llama-3-8B-Instruct_task-ACSIncome/meta-llama--Meta-Llama-3-8B-Instruct_bench-3624467690/ACSIncome_full_seed-42_hash-1998608642.test_predictions.csv
ACSIncome,meta-llama--Meta-Llama-3-8B-Instruct,1,1,0.1134020618556701,0.5226194052267948,1335525241,10,comma,is,low,rand 3,results/folktexts/10-variations/model-meta-llama--Meta-Llama-3-8B-Instruct/meta-llama--Meta-Llama-3-8B-Instruct_task-ACSIncome/meta-llama--Meta-Llama-3-8B-Instruct_bench-1335525241/results.bench-1335525241.json,results/folktexts/10-variations/model-meta-llama--Meta-Llama-3-8B-Instruct/meta-llama--Meta-Llama-3-8B-Instruct_task-ACSIncome/meta-llama--Meta-Llama-3-8B-Instruct_bench-2877577586/ACSIncome_full_seed-42_hash-1998608642.test_predictions.csv
ACSIncome,meta-llama--Meta-Llama-3-8B-Instruct,1,1,0.10083698684734954,0.52313607689997,3459368326,10,comma,=,low,rand 3,results/folktexts/10-variations/model-meta-llama--Meta-Llama-3-8B-Instruct/meta-llama--Meta-Llama-3-8B-Instruct_task-ACSIncome/meta-llama--Meta-Llama-3-8B-Instruct_bench-3459368326/results.bench-3459368326.json,results/folktexts/10-variations/model-meta-llama--Meta-Llama-3-8B-Instruct/meta-llama--Meta-Llama-3-8B-Instruct_task-ACSIncome/meta-llama--Meta-Llama-3-8B-Instruct_bench-1374638876/ACSIncome_full_seed-42_hash-1998608642.test_predictions.csv
ACSIncome,meta-llama--Meta-Llama-3-8B-Instruct,1,1,0.07596253902185224,0.5218504055271853,4051019527,10,bullet,:,original,rand 3,results/folktexts/10-variations/model-meta-llama--Meta-Llama-3-8B-Instruct/meta-llama--Meta-Llama-3-8B-Instruct_task-ACSIncome/meta-llama--Meta-Llama-3-8B-Instruct_bench-4051019527/results.bench-4051019527.json,results/folktexts/10-variations/model-meta-llama--Meta-Llama-3-8B-Instruct/meta-llama--Meta-Llama-3-8B-Instruct_task-ACSIncome/meta-llama--Meta-Llama-3-8B-Instruct_bench-3914710528/ACSIncome_full_seed-42_hash-1998608642.test_predictions.csv
ACSIncome,meta-llama--Meta-Llama-3-8B-Instruct,1,0,0.5,0.6321237608891559,45696729,10,comma,:,original,default,results/folktexts/10-variations/model-meta-llama--Meta-Llama-3-8B-Instruct/meta-llama--Meta-Llama-3-8B-Instruct_task-ACSIncome/meta-llama--Meta-Llama-3-8B-Instruct_bench-45696729/results.bench-45696729.json,results/folktexts/10-variations/model-meta-llama--Meta-Llama-3-8B-Instruct/meta-llama--Meta-Llama-3-8B-Instruct_task-ACSIncome/meta-llama--Meta-Llama-3-8B-Instruct_bench-45696729/ACSIncome_full_seed-42_hash-1998608642.test_predictions.csv
ACSIncome,meta-llama--Meta-Llama-3-8B-Instruct,1,0,0.5,0.6321237608891559,2527479214,10,comma,=,original,rand 3,results/folktexts/10-variations/model-meta-llama--Meta-Llama-3-8B-Instruct/meta-llama--Meta-Llama-3-8B-Instruct_task-ACSIncome/meta-llama--Meta-Llama-3-8B-Instruct_bench-2527479214/results.bench-2527479214.json,results/folktexts/10-variations/model-meta-llama--Meta-Llama-3-8B-Instruct/meta-llama--Meta-Llama-3-8B-Instruct_task-ACSIncome/meta-llama--Meta-Llama-3-8B-Instruct_bench-2527479214/ACSIncome_full_seed-42_hash-1998608642.test_predictions.csv
ACSIncome,meta-llama--Meta-Llama-3-8B-Instruct,1,1,0.10546875,0.5439411234604986,789317361,10,comma,=,low,rand 1,results/folktexts/10-variations/model-meta-llama--Meta-Llama-3-8B-Instruct/meta-llama--Meta-Llama-3-8B-Instruct_task-ACSIncome/meta-llama--Meta-Llama-3-8B-Instruct_bench-789317361/results.bench-789317361.json,results/folktexts/10-variations/model-meta-llama--Meta-Llama-3-8B-Instruct/meta-llama--Meta-Llama-3-8B-Instruct_task-ACSIncome/meta-llama--Meta-Llama-3-8B-Instruct_bench-1478185210/ACSIncome_full_seed-42_hash-1998608642.test_predictions.csv
ACSIncome,meta-llama--Meta-Llama-3-8B-Instruct,1,1,0.09560723514211886,0.5658876539501352,3108265874,10,comma,is,original,rand 3,results/folktexts/10-variations/model-meta-llama--Meta-Llama-3-8B-Instruct/meta-llama--Meta-Llama-3-8B-Instruct_task-ACSIncome/meta-llama--Meta-Llama-3-8B-Instruct_bench-3108265874/results.bench-3108265874.json,results/folktexts/10-variations/model-meta-llama--Meta-Llama-3-8B-Instruct/meta-llama--Meta-Llama-3-8B-Instruct_task-ACSIncome/meta-llama--Meta-Llama-3-8B-Instruct_bench-217795652/ACSIncome_full_seed-42_hash-1998608642.test_predictions.csv
ACSIncome,meta-llama--Meta-Llama-3-8B-Instruct,1,1,0.1072463768115942,0.6256353259237009,3896530869,10,bullet,is,original,rand 3,results/folktexts/10-variations/model-meta-llama--Meta-Llama-3-8B-Instruct/meta-llama--Meta-Llama-3-8B-Instruct_task-ACSIncome/meta-llama--Meta-Llama-3-8B-Instruct_bench-3896530869/results.bench-3896530869.json,results/folktexts/10-variations/model-meta-llama--Meta-Llama-3-8B-Instruct/meta-llama--Meta-Llama-3-8B-Instruct_task-ACSIncome/meta-llama--Meta-Llama-3-8B-Instruct_bench-3018726972/ACSIncome_full_seed-42_hash-1998608642.test_predictions.csv
ACSIncome,meta-llama--Meta-Llama-3-8B-Instruct,1,1,0.11208791208791209,0.4635566236106939,3922143328,10,text,=,low,default,results/folktexts/10-variations/model-meta-llama--Meta-Llama-3-8B-Instruct/meta-llama--Meta-Llama-3-8B-Instruct_task-ACSIncome/meta-llama--Meta-Llama-3-8B-Instruct_bench-3922143328/results.bench-3922143328.json,results/folktexts/10-variations/model-meta-llama--Meta-Llama-3-8B-Instruct/meta-llama--Meta-Llama-3-8B-Instruct_task-ACSIncome/meta-llama--Meta-Llama-3-8B-Instruct_bench-307361213/ACSIncome_full_seed-42_hash-1998608642.test_predictions.csv
ACSIncome,meta-llama--Meta-Llama-3-8B-Instruct,1,1,0.09036144578313253,0.4705016521477921,3021320279,10,comma,:,low,rand 3,results/folktexts/10-variations/model-meta-llama--Meta-Llama-3-8B-Instruct/meta-llama--Meta-Llama-3-8B-Instruct_task-ACSIncome/meta-llama--Meta-Llama-3-8B-Instruct_bench-3021320279/results.bench-3021320279.json,results/folktexts/10-variations/model-meta-llama--Meta-Llama-3-8B-Instruct/meta-llama--Meta-Llama-3-8B-Instruct_task-ACSIncome/meta-llama--Meta-Llama-3-8B-Instruct_bench-1767738573/ACSIncome_full_seed-42_hash-1998608642.test_predictions.csv
ACSIncome,meta-llama--Meta-Llama-3-8B-Instruct,1,1,0.13246753246753246,0.5862961850405527,1221621141,10,text,is,low,rand 1,results/folktexts/10-variations/model-meta-llama--Meta-Llama-3-8B-Instruct/meta-llama--Meta-Llama-3-8B-Instruct_task-ACSIncome/meta-llama--Meta-Llama-3-8B-Instruct_bench-1221621141/results.bench-1221621141.json,results/folktexts/10-variations/model-meta-llama--Meta-Llama-3-8B-Instruct/meta-llama--Meta-Llama-3-8B-Instruct_task-ACSIncome/meta-llama--Meta-Llama-3-8B-Instruct_bench-763207938/ACSIncome_full_seed-42_hash-1998608642.test_predictions.csv
ACSIncome,meta-llama--Meta-Llama-3-8B-Instruct,1,1,0.11874105865522175,0.4744247521778312,1613848606,10,bullet,is,low,rand 2,results/folktexts/10-variations/model-meta-llama--Meta-Llama-3-8B-Instruct/meta-llama--Meta-Llama-3-8B-Instruct_task-ACSIncome/meta-llama--Meta-Llama-3-8B-Instruct_bench-1613848606/results.bench-1613848606.json,results/folktexts/10-variations/model-meta-llama--Meta-Llama-3-8B-Instruct/meta-llama--Meta-Llama-3-8B-Instruct_task-ACSIncome/meta-llama--Meta-Llama-3-8B-Instruct_bench-868722242/ACSIncome_full_seed-42_hash-1998608642.test_predictions.csv
ACSIncome,meta-llama--Meta-Llama-3-8B-Instruct,1,0,0.5,0.6321237608891559,2146579511,10,comma,:,original,rand 2,results/folktexts/10-variations/model-meta-llama--Meta-Llama-3-8B-Instruct/meta-llama--Meta-Llama-3-8B-Instruct_task-ACSIncome/meta-llama--Meta-Llama-3-8B-Instruct_bench-2146579511/results.bench-2146579511.json,results/folktexts/10-variations/model-meta-llama--Meta-Llama-3-8B-Instruct/meta-llama--Meta-Llama-3-8B-Instruct_task-ACSIncome/meta-llama--Meta-Llama-3-8B-Instruct_bench-2146579511/ACSIncome_full_seed-42_hash-1998608642.test_predictions.csv
ACSIncome,meta-llama--Meta-Llama-3-8B-Instruct,1,1,0.09644670050761421,0.3829077801141484,2150505384,10,bullet,is,low, reversed,results/folktexts/10-variations/model-meta-llama--Meta-Llama-3-8B-Instruct/meta-llama--Meta-Llama-3-8B-Instruct_task-ACSIncome/meta-llama--Meta-Llama-3-8B-Instruct_bench-2150505384/results.bench-2150505384.json,results/folktexts/10-variations/model-meta-llama--Meta-Llama-3-8B-Instruct/meta-llama--Meta-Llama-3-8B-Instruct_task-ACSIncome/meta-llama--Meta-Llama-3-8B-Instruct_bench-2612609062/ACSIncome_full_seed-42_hash-1998608642.test_predictions.csv
ACSIncome,meta-llama--Meta-Llama-3-8B-Instruct,1,1,0.11877394636015326,0.4583658756383298,1059617266,10,text,=,low,rand 1,results/folktexts/10-variations/model-meta-llama--Meta-Llama-3-8B-Instruct/meta-llama--Meta-Llama-3-8B-Instruct_task-ACSIncome/meta-llama--Meta-Llama-3-8B-Instruct_bench-1059617266/results.bench-1059617266.json,results/folktexts/10-variations/model-meta-llama--Meta-Llama-3-8B-Instruct/meta-llama--Meta-Llama-3-8B-Instruct_task-ACSIncome/meta-llama--Meta-Llama-3-8B-Instruct_bench-936276270/ACSIncome_full_seed-42_hash-1998608642.test_predictions.csv
ACSIncome,meta-llama--Meta-Llama-3-8B-Instruct,1,1,0.10074626865671642,0.4436527485731451,2752327657,10,text,is,low,default,results/folktexts/10-variations/model-meta-llama--Meta-Llama-3-8B-Instruct/meta-llama--Meta-Llama-3-8B-Instruct_task-ACSIncome/meta-llama--Meta-Llama-3-8B-Instruct_bench-2752327657/results.bench-2752327657.json,results/folktexts/10-variations/model-meta-llama--Meta-Llama-3-8B-Instruct/meta-llama--Meta-Llama-3-8B-Instruct_task-ACSIncome/meta-llama--Meta-Llama-3-8B-Instruct_bench-525648824/ACSIncome_full_seed-42_hash-1998608642.test_predictions.csv
ACSIncome,meta-llama--Meta-Llama-3-8B-Instruct,1,1,0.09560723514211886,0.4666446380294383,1438941553,10,text,:,low,default,results/folktexts/10-variations/model-meta-llama--Meta-Llama-3-8B-Instruct/meta-llama--Meta-Llama-3-8B-Instruct_task-ACSIncome/meta-llama--Meta-Llama-3-8B-Instruct_bench-1438941553/results.bench-1438941553.json,results/folktexts/10-variations/model-meta-llama--Meta-Llama-3-8B-Instruct/meta-llama--Meta-Llama-3-8B-Instruct_task-ACSIncome/meta-llama--Meta-Llama-3-8B-Instruct_bench-1077095631/ACSIncome_full_seed-42_hash-1998608642.test_predictions.csv
ACSIncome,meta-llama--Meta-Llama-3-8B-Instruct,1,1,0.09002433090024331,0.5805527185340943,1813259245,10,text,:,original,default,results/folktexts/10-variations/model-meta-llama--Meta-Llama-3-8B-Instruct/meta-llama--Meta-Llama-3-8B-Instruct_task-ACSIncome/meta-llama--Meta-Llama-3-8B-Instruct_bench-1813259245/results.bench-1813259245.json,results/folktexts/10-variations/model-meta-llama--Meta-Llama-3-8B-Instruct/meta-llama--Meta-Llama-3-8B-Instruct_task-ACSIncome/meta-llama--Meta-Llama-3-8B-Instruct_bench-3923277571/ACSIncome_full_seed-42_hash-1998608642.test_predictions.csv
ACSIncome,meta-llama--Meta-Llama-3-8B-Instruct,1,1,0.09407665505226481,0.6133974166416342,3027688110,10,bullet,:,original,rand 1,results/folktexts/10-variations/model-meta-llama--Meta-Llama-3-8B-Instruct/meta-llama--Meta-Llama-3-8B-Instruct_task-ACSIncome/meta-llama--Meta-Llama-3-8B-Instruct_bench-3027688110/results.bench-3027688110.json,results/folktexts/10-variations/model-meta-llama--Meta-Llama-3-8B-Instruct/meta-llama--Meta-Llama-3-8B-Instruct_task-ACSIncome/meta-llama--Meta-Llama-3-8B-Instruct_bench-3884309329/ACSIncome_full_seed-42_hash-1998608642.test_predictions.csv
ACSIncome,meta-llama--Meta-Llama-3-8B-Instruct,1,1,0.1006585136406397,0.5755962751577051,3029522539,10,comma,is,original, reversed,results/folktexts/10-variations/model-meta-llama--Meta-Llama-3-8B-Instruct/meta-llama--Meta-Llama-3-8B-Instruct_task-ACSIncome/meta-llama--Meta-Llama-3-8B-Instruct_bench-3029522539/results.bench-3029522539.json,results/folktexts/10-variations/model-meta-llama--Meta-Llama-3-8B-Instruct/meta-llama--Meta-Llama-3-8B-Instruct_task-ACSIncome/meta-llama--Meta-Llama-3-8B-Instruct_bench-1182018283/ACSIncome_full_seed-42_hash-1998608642.test_predictions.csv
ACSIncome,meta-llama--Meta-Llama-3-8B-Instruct,1,1,0.13924050632911392,0.6059477320516672,2491986704,10,text,=,original,rand 2,results/folktexts/10-variations/model-meta-llama--Meta-Llama-3-8B-Instruct/meta-llama--Meta-Llama-3-8B-Instruct_task-ACSIncome/meta-llama--Meta-Llama-3-8B-Instruct_bench-2491986704/results.bench-2491986704.json,results/folktexts/10-variations/model-meta-llama--Meta-Llama-3-8B-Instruct/meta-llama--Meta-Llama-3-8B-Instruct_task-ACSIncome/meta-llama--Meta-Llama-3-8B-Instruct_bench-250247890/ACSIncome_full_seed-42_hash-1998608642.test_predictions.csv
ACSIncome,meta-llama--Meta-Llama-3-8B-Instruct,1,0,0.5,0.6321237608891559,3181562909,10,comma,=,original, reversed,results/folktexts/10-variations/model-meta-llama--Meta-Llama-3-8B-Instruct/meta-llama--Meta-Llama-3-8B-Instruct_task-ACSIncome/meta-llama--Meta-Llama-3-8B-Instruct_bench-3181562909/results.bench-3181562909.json,results/folktexts/10-variations/model-meta-llama--Meta-Llama-3-8B-Instruct/meta-llama--Meta-Llama-3-8B-Instruct_task-ACSIncome/meta-llama--Meta-Llama-3-8B-Instruct_bench-3181562909/ACSIncome_full_seed-42_hash-1998608642.test_predictions.csv
ACSIncome,meta-llama--Meta-Llama-3-8B-Instruct,1,1,0.08120649651972157,0.38162811655151696,797755207,10,bullet,=,low, reversed,results/folktexts/10-variations/model-meta-llama--Meta-Llama-3-8B-Instruct/meta-llama--Meta-Llama-3-8B-Instruct_task-ACSIncome/meta-llama--Meta-Llama-3-8B-Instruct_bench-797755207/results.bench-797755207.json,results/folktexts/10-variations/model-meta-llama--Meta-Llama-3-8B-Instruct/meta-llama--Meta-Llama-3-8B-Instruct_task-ACSIncome/meta-llama--Meta-Llama-3-8B-Instruct_bench-2297502598/ACSIncome_full_seed-42_hash-1998608642.test_predictions.csv
ACSIncome,meta-llama--Meta-Llama-3-8B-Instruct,1,1,0.14069591527987896,0.6290597777110243,245282798,10,bullet,is,original,rand 2,results/folktexts/10-variations/model-meta-llama--Meta-Llama-3-8B-Instruct/meta-llama--Meta-Llama-3-8B-Instruct_task-ACSIncome/meta-llama--Meta-Llama-3-8B-Instruct_bench-245282798/results.bench-245282798.json,results/folktexts/10-variations/model-meta-llama--Meta-Llama-3-8B-Instruct/meta-llama--Meta-Llama-3-8B-Instruct_task-ACSIncome/meta-llama--Meta-Llama-3-8B-Instruct_bench-3707438704/ACSIncome_full_seed-42_hash-1998608642.test_predictions.csv
ACSIncome,meta-llama--Meta-Llama-3-8B-Instruct,1,0,0.5,0.6321237608891559,652865118,10,comma,:,original,rand 3,results/folktexts/10-variations/model-meta-llama--Meta-Llama-3-8B-Instruct/meta-llama--Meta-Llama-3-8B-Instruct_task-ACSIncome/meta-llama--Meta-Llama-3-8B-Instruct_bench-652865118/results.bench-652865118.json,results/folktexts/10-variations/model-meta-llama--Meta-Llama-3-8B-Instruct/meta-llama--Meta-Llama-3-8B-Instruct_task-ACSIncome/meta-llama--Meta-Llama-3-8B-Instruct_bench-652865118/ACSIncome_full_seed-42_hash-1998608642.test_predictions.csv
ACSIncome,meta-llama--Meta-Llama-3-8B-Instruct,1,0,0.5,0.6321237608891559,3723995255,10,comma,=,original,rand 2,results/folktexts/10-variations/model-meta-llama--Meta-Llama-3-8B-Instruct/meta-llama--Meta-Llama-3-8B-Instruct_task-ACSIncome/meta-llama--Meta-Llama-3-8B-Instruct_bench-3723995255/results.bench-3723995255.json,results/folktexts/10-variations/model-meta-llama--Meta-Llama-3-8B-Instruct/meta-llama--Meta-Llama-3-8B-Instruct_task-ACSIncome/meta-llama--Meta-Llama-3-8B-Instruct_bench-3723995255/ACSIncome_full_seed-42_hash-1998608642.test_predictions.csv
ACSIncome,meta-llama--Meta-Llama-3-8B-Instruct,1,1,0.12601626016260162,0.5963652748573145,2073126799,10,text,=,original,rand 1,results/folktexts/10-variations/model-meta-llama--Meta-Llama-3-8B-Instruct/meta-llama--Meta-Llama-3-8B-Instruct_task-ACSIncome/meta-llama--Meta-Llama-3-8B-Instruct_bench-2073126799/results.bench-2073126799.json,results/folktexts/10-variations/model-meta-llama--Meta-Llama-3-8B-Instruct/meta-llama--Meta-Llama-3-8B-Instruct_task-ACSIncome/meta-llama--Meta-Llama-3-8B-Instruct_bench-2317427063/ACSIncome_full_seed-42_hash-1998608642.test_predictions.csv
ACSIncome,meta-llama--Meta-Llama-3-8B-Instruct,1,1,0.09610389610389611,0.5020726945028537,2600234161,10,bullet,=,low,rand 1,results/folktexts/10-variations/model-meta-llama--Meta-Llama-3-8B-Instruct/meta-llama--Meta-Llama-3-8B-Instruct_task-ACSIncome/meta-llama--Meta-Llama-3-8B-Instruct_bench-2600234161/results.bench-2600234161.json,results/folktexts/10-variations/model-meta-llama--Meta-Llama-3-8B-Instruct/meta-llama--Meta-Llama-3-8B-Instruct_task-ACSIncome/meta-llama--Meta-Llama-3-8B-Instruct_bench-3468712739/ACSIncome_full_seed-42_hash-1998608642.test_predictions.csv
ACSIncome,meta-llama--Meta-Llama-3-8B-Instruct,1,1,0.11827956989247312,0.5978011414839292,1496917793,10,bullet,is,low,default,results/folktexts/10-variations/model-meta-llama--Meta-Llama-3-8B-Instruct/meta-llama--Meta-Llama-3-8B-Instruct_task-ACSIncome/meta-llama--Meta-Llama-3-8B-Instruct_bench-1496917793/results.bench-1496917793.json,results/folktexts/10-variations/model-meta-llama--Meta-Llama-3-8B-Instruct/meta-llama--Meta-Llama-3-8B-Instruct_task-ACSIncome/meta-llama--Meta-Llama-3-8B-Instruct_bench-1406021255/ACSIncome_full_seed-42_hash-1998608642.test_predictions.csv
ACSIncome,meta-llama--Meta-Llama-3-8B-Instruct,1,1,0.10688836104513064,0.498822469209973,3005308722,10,comma,is,low,default,results/folktexts/10-variations/model-meta-llama--Meta-Llama-3-8B-Instruct/meta-llama--Meta-Llama-3-8B-Instruct_task-ACSIncome/meta-llama--Meta-Llama-3-8B-Instruct_bench-3005308722/results.bench-3005308722.json,results/folktexts/10-variations/model-meta-llama--Meta-Llama-3-8B-Instruct/meta-llama--Meta-Llama-3-8B-Instruct_task-ACSIncome/meta-llama--Meta-Llama-3-8B-Instruct_bench-864088483/ACSIncome_full_seed-42_hash-1998608642.test_predictions.csv
ACSIncome,meta-llama--Meta-Llama-3-8B-Instruct,1,1,0.11301859799713877,0.5713187143286272,3702024920,10,text,:,original,rand 2,results/folktexts/10-variations/model-meta-llama--Meta-Llama-3-8B-Instruct/meta-llama--Meta-Llama-3-8B-Instruct_task-ACSIncome/meta-llama--Meta-Llama-3-8B-Instruct_bench-3702024920/results.bench-3702024920.json,results/folktexts/10-variations/model-meta-llama--Meta-Llama-3-8B-Instruct/meta-llama--Meta-Llama-3-8B-Instruct_task-ACSIncome/meta-llama--Meta-Llama-3-8B-Instruct_bench-610012764/ACSIncome_full_seed-42_hash-1998608642.test_predictions.csv
ACSIncome,meta-llama--Meta-Llama-3-8B-Instruct,1,1,0.11957671957671957,0.5367197356563532,3989866920,10,text,is,low,rand 2,results/folktexts/10-variations/model-meta-llama--Meta-Llama-3-8B-Instruct/meta-llama--Meta-Llama-3-8B-Instruct_task-ACSIncome/meta-llama--Meta-Llama-3-8B-Instruct_bench-3989866920/results.bench-3989866920.json,results/folktexts/10-variations/model-meta-llama--Meta-Llama-3-8B-Instruct/meta-llama--Meta-Llama-3-8B-Instruct_task-ACSIncome/meta-llama--Meta-Llama-3-8B-Instruct_bench-2311088326/ACSIncome_full_seed-42_hash-1998608642.test_predictions.csv
ACSIncome,meta-llama--Meta-Llama-3-8B-Instruct,1,1,0.08986615678776291,0.4414899369179934,707393877,10,comma,:,low, reversed,results/folktexts/10-variations/model-meta-llama--Meta-Llama-3-8B-Instruct/meta-llama--Meta-Llama-3-8B-Instruct_task-ACSIncome/meta-llama--Meta-Llama-3-8B-Instruct_bench-707393877/results.bench-707393877.json,results/folktexts/10-variations/model-meta-llama--Meta-Llama-3-8B-Instruct/meta-llama--Meta-Llama-3-8B-Instruct_task-ACSIncome/meta-llama--Meta-Llama-3-8B-Instruct_bench-734473895/ACSIncome_full_seed-42_hash-1998608642.test_predictions.csv
ACSIncome,meta-llama--Meta-Llama-3-8B-Instruct,1,1,0.09546986147510296,0.49513367377590867,2410643010,10,comma,:,low,rand 1,results/folktexts/10-variations/model-meta-llama--Meta-Llama-3-8B-Instruct/meta-llama--Meta-Llama-3-8B-Instruct_task-ACSIncome/meta-llama--Meta-Llama-3-8B-Instruct_bench-2410643010/results.bench-2410643010.json,results/folktexts/10-variations/model-meta-llama--Meta-Llama-3-8B-Instruct/meta-llama--Meta-Llama-3-8B-Instruct_task-ACSIncome/meta-llama--Meta-Llama-3-8B-Instruct_bench-1013428144/ACSIncome_full_seed-42_hash-1998608642.test_predictions.csv
ACSIncome,meta-llama--Meta-Llama-3-8B-Instruct,1,1,0.10667996011964108,0.6091739261039352,1888706742,10,text,=,original,default,results/folktexts/10-variations/model-meta-llama--Meta-Llama-3-8B-Instruct/meta-llama--Meta-Llama-3-8B-Instruct_task-ACSIncome/meta-llama--Meta-Llama-3-8B-Instruct_bench-1888706742/results.bench-1888706742.json,results/folktexts/10-variations/model-meta-llama--Meta-Llama-3-8B-Instruct/meta-llama--Meta-Llama-3-8B-Instruct_task-ACSIncome/meta-llama--Meta-Llama-3-8B-Instruct_bench-1136660749/ACSIncome_full_seed-42_hash-1998608642.test_predictions.csv
ACSIncome,meta-llama--Meta-Llama-3-8B-Instruct,1,1,0.0957004160887656,0.592670471613097,3842578875,10,text,is,original,rand 3,results/folktexts/10-variations/model-meta-llama--Meta-Llama-3-8B-Instruct/meta-llama--Meta-Llama-3-8B-Instruct_task-ACSIncome/meta-llama--Meta-Llama-3-8B-Instruct_bench-3842578875/results.bench-3842578875.json,results/folktexts/10-variations/model-meta-llama--Meta-Llama-3-8B-Instruct/meta-llama--Meta-Llama-3-8B-Instruct_task-ACSIncome/meta-llama--Meta-Llama-3-8B-Instruct_bench-3852955918/ACSIncome_full_seed-42_hash-1998608642.test_predictions.csv
ACSIncome,meta-llama--Meta-Llama-3-8B-Instruct,1,1,0.165,0.5907059176930008,3796796604,10,text,=,low, reversed,results/folktexts/10-variations/model-meta-llama--Meta-Llama-3-8B-Instruct/meta-llama--Meta-Llama-3-8B-Instruct_task-ACSIncome/meta-llama--Meta-Llama-3-8B-Instruct_bench-3796796604/results.bench-3796796604.json,results/folktexts/10-variations/model-meta-llama--Meta-Llama-3-8B-Instruct/meta-llama--Meta-Llama-3-8B-Instruct_task-ACSIncome/meta-llama--Meta-Llama-3-8B-Instruct_bench-2102420089/ACSIncome_full_seed-42_hash-1998608642.test_predictions.csv
ACSIncome,meta-llama--Meta-Llama-3-8B-Instruct,1,1,0.08542713567839195,0.4649804746170021,4290983535,10,bullet,:,low,rand 1,results/folktexts/10-variations/model-meta-llama--Meta-Llama-3-8B-Instruct/meta-llama--Meta-Llama-3-8B-Instruct_task-ACSIncome/meta-llama--Meta-Llama-3-8B-Instruct_bench-4290983535/results.bench-4290983535.json,results/folktexts/10-variations/model-meta-llama--Meta-Llama-3-8B-Instruct/meta-llama--Meta-Llama-3-8B-Instruct_task-ACSIncome/meta-llama--Meta-Llama-3-8B-Instruct_bench-582902624/ACSIncome_full_seed-42_hash-1998608642.test_predictions.csv
ACSIncome,meta-llama--Meta-Llama-3-8B-Instruct,1,1,0.11313868613138686,0.5153799939921898,1218230211,10,text,:,low,rand 2,results/folktexts/10-variations/model-meta-llama--Meta-Llama-3-8B-Instruct/meta-llama--Meta-Llama-3-8B-Instruct_task-ACSIncome/meta-llama--Meta-Llama-3-8B-Instruct_bench-1218230211/results.bench-1218230211.json,results/folktexts/10-variations/model-meta-llama--Meta-Llama-3-8B-Instruct/meta-llama--Meta-Llama-3-8B-Instruct_task-ACSIncome/meta-llama--Meta-Llama-3-8B-Instruct_bench-1952690685/ACSIncome_full_seed-42_hash-1998608642.test_predictions.csv
ACSIncome,meta-llama--Meta-Llama-3-8B-Instruct,1,1,0.19330855018587362,0.6298588164613999,3461628127,10,text,is,low, reversed,results/folktexts/10-variations/model-meta-llama--Meta-Llama-3-8B-Instruct/meta-llama--Meta-Llama-3-8B-Instruct_task-ACSIncome/meta-llama--Meta-Llama-3-8B-Instruct_bench-3461628127/results.bench-3461628127.json,results/folktexts/10-variations/model-meta-llama--Meta-Llama-3-8B-Instruct/meta-llama--Meta-Llama-3-8B-Instruct_task-ACSIncome/meta-llama--Meta-Llama-3-8B-Instruct_bench-1592235494/ACSIncome_full_seed-42_hash-1998608642.test_predictions.csv
ACSIncome,meta-llama--Meta-Llama-3-8B-Instruct,1,1,0.11336717428087986,0.6195974767197356,3313866941,10,bullet,=,original,rand 1,results/folktexts/10-variations/model-meta-llama--Meta-Llama-3-8B-Instruct/meta-llama--Meta-Llama-3-8B-Instruct_task-ACSIncome/meta-llama--Meta-Llama-3-8B-Instruct_bench-3313866941/results.bench-3313866941.json,results/folktexts/10-variations/model-meta-llama--Meta-Llama-3-8B-Instruct/meta-llama--Meta-Llama-3-8B-Instruct_task-ACSIncome/meta-llama--Meta-Llama-3-8B-Instruct_bench-420684764/ACSIncome_full_seed-42_hash-1998608642.test_predictions.csv
ACSIncome,meta-llama--Meta-Llama-3-8B-Instruct,1,0,0.5,0.6321237608891559,2399134357,10,comma,:,original,rand 1,results/folktexts/10-variations/model-meta-llama--Meta-Llama-3-8B-Instruct/meta-llama--Meta-Llama-3-8B-Instruct_task-ACSIncome/meta-llama--Meta-Llama-3-8B-Instruct_bench-2399134357/results.bench-2399134357.json,results/folktexts/10-variations/model-meta-llama--Meta-Llama-3-8B-Instruct/meta-llama--Meta-Llama-3-8B-Instruct_task-ACSIncome/meta-llama--Meta-Llama-3-8B-Instruct_bench-2399134357/ACSIncome_full_seed-42_hash-1998608642.test_predictions.csv
ACSIncome,meta-llama--Meta-Llama-3-8B-Instruct,1,1,0.10163934426229508,0.5045419044758186,3070260417,10,bullet,is,low,rand 3,results/folktexts/10-variations/model-meta-llama--Meta-Llama-3-8B-Instruct/meta-llama--Meta-Llama-3-8B-Instruct_task-ACSIncome/meta-llama--Meta-Llama-3-8B-Instruct_bench-3070260417/results.bench-3070260417.json,results/folktexts/10-variations/model-meta-llama--Meta-Llama-3-8B-Instruct/meta-llama--Meta-Llama-3-8B-Instruct_task-ACSIncome/meta-llama--Meta-Llama-3-8B-Instruct_bench-1076307597/ACSIncome_full_seed-42_hash-1998608642.test_predictions.csv
ACSIncome,meta-llama--Meta-Llama-3-8B-Instruct,1,1,0.10135135135135136,0.5579573445479122,1895774808,10,bullet,=,low,default,results/folktexts/10-variations/model-meta-llama--Meta-Llama-3-8B-Instruct/meta-llama--Meta-Llama-3-8B-Instruct_task-ACSIncome/meta-llama--Meta-Llama-3-8B-Instruct_bench-1895774808/results.bench-1895774808.json,results/folktexts/10-variations/model-meta-llama--Meta-Llama-3-8B-Instruct/meta-llama--Meta-Llama-3-8B-Instruct_task-ACSIncome/meta-llama--Meta-Llama-3-8B-Instruct_bench-1229170052/ACSIncome_full_seed-42_hash-1998608642.test_predictions.csv
ACSIncome,meta-llama--Meta-Llama-3-8B-Instruct,1,1,0.10062893081761007,0.5835145689396215,115706906,10,comma,is,original,default,results/folktexts/10-variations/model-meta-llama--Meta-Llama-3-8B-Instruct/meta-llama--Meta-Llama-3-8B-Instruct_task-ACSIncome/meta-llama--Meta-Llama-3-8B-Instruct_bench-115706906/results.bench-115706906.json,results/folktexts/10-variations/model-meta-llama--Meta-Llama-3-8B-Instruct/meta-llama--Meta-Llama-3-8B-Instruct_task-ACSIncome/meta-llama--Meta-Llama-3-8B-Instruct_bench-2299334663/ACSIncome_full_seed-42_hash-1998608642.test_predictions.csv
ACSIncome,meta-llama--Meta-Llama-3-8B-Instruct,1,1,0.11331679073614558,0.5951637128266747,3017105724,10,comma,=,low,rand 2,results/folktexts/10-variations/model-meta-llama--Meta-Llama-3-8B-Instruct/meta-llama--Meta-Llama-3-8B-Instruct_task-ACSIncome/meta-llama--Meta-Llama-3-8B-Instruct_bench-3017105724/results.bench-3017105724.json,results/folktexts/10-variations/model-meta-llama--Meta-Llama-3-8B-Instruct/meta-llama--Meta-Llama-3-8B-Instruct_task-ACSIncome/meta-llama--Meta-Llama-3-8B-Instruct_bench-2305371193/ACSIncome_full_seed-42_hash-1998608642.test_predictions.csv
ACSIncome,meta-llama--Meta-Llama-3-8B-Instruct,1,1,0.11267605633802817,0.6070411534995495,370293799,10,text,=,original,rand 3,results/folktexts/10-variations/model-meta-llama--Meta-Llama-3-8B-Instruct/meta-llama--Meta-Llama-3-8B-Instruct_task-ACSIncome/meta-llama--Meta-Llama-3-8B-Instruct_bench-370293799/results.bench-370293799.json,results/folktexts/10-variations/model-meta-llama--Meta-Llama-3-8B-Instruct/meta-llama--Meta-Llama-3-8B-Instruct_task-ACSIncome/meta-llama--Meta-Llama-3-8B-Instruct_bench-2828761384/ACSIncome_full_seed-42_hash-1998608642.test_predictions.csv
ACSIncome,meta-llama--Meta-Llama-3-8B-Instruct,1,1,0.1334214002642008,0.6097026133974166,2907647979,10,text,:,original, reversed,results/folktexts/10-variations/model-meta-llama--Meta-Llama-3-8B-Instruct/meta-llama--Meta-Llama-3-8B-Instruct_task-ACSIncome/meta-llama--Meta-Llama-3-8B-Instruct_bench-2907647979/results.bench-2907647979.json,results/folktexts/10-variations/model-meta-llama--Meta-Llama-3-8B-Instruct/meta-llama--Meta-Llama-3-8B-Instruct_task-ACSIncome/meta-llama--Meta-Llama-3-8B-Instruct_bench-4086040156/ACSIncome_full_seed-42_hash-1998608642.test_predictions.csv
ACSIncome,meta-llama--Meta-Llama-3-8B-Instruct,1,1,0.12589073634204276,0.6064103334334635,2773234203,10,bullet,=,original, reversed,results/folktexts/10-variations/model-meta-llama--Meta-Llama-3-8B-Instruct/meta-llama--Meta-Llama-3-8B-Instruct_task-ACSIncome/meta-llama--Meta-Llama-3-8B-Instruct_bench-2773234203/results.bench-2773234203.json,results/folktexts/10-variations/model-meta-llama--Meta-Llama-3-8B-Instruct/meta-llama--Meta-Llama-3-8B-Instruct_task-ACSIncome/meta-llama--Meta-Llama-3-8B-Instruct_bench-225770709/ACSIncome_full_seed-42_hash-1998608642.test_predictions.csv
ACSIncome,meta-llama--Meta-Llama-3-8B-Instruct,1,1,0.1191553544494721,0.5249384199459297,2657521441,10,text,:,low,rand 1,results/folktexts/10-variations/model-meta-llama--Meta-Llama-3-8B-Instruct/meta-llama--Meta-Llama-3-8B-Instruct_task-ACSIncome/meta-llama--Meta-Llama-3-8B-Instruct_bench-2657521441/results.bench-2657521441.json,results/folktexts/10-variations/model-meta-llama--Meta-Llama-3-8B-Instruct/meta-llama--Meta-Llama-3-8B-Instruct_task-ACSIncome/meta-llama--Meta-Llama-3-8B-Instruct_bench-2533959428/ACSIncome_full_seed-42_hash-1998608642.test_predictions.csv
ACSIncome,meta-llama--Meta-Llama-3-8B-Instruct,1,1,0.10124101894186806,0.5637608891559027,696612613,10,bullet,:,original,rand 2,results/folktexts/10-variations/model-meta-llama--Meta-Llama-3-8B-Instruct/meta-llama--Meta-Llama-3-8B-Instruct_task-ACSIncome/meta-llama--Meta-Llama-3-8B-Instruct_bench-696612613/results.bench-696612613.json,results/folktexts/10-variations/model-meta-llama--Meta-Llama-3-8B-Instruct/meta-llama--Meta-Llama-3-8B-Instruct_task-ACSIncome/meta-llama--Meta-Llama-3-8B-Instruct_bench-1340881755/ACSIncome_full_seed-42_hash-1998608642.test_predictions.csv
ACSIncome,meta-llama--Meta-Llama-3-8B-Instruct,1,1,0.09523809523809523,0.4401261640132172,3796306638,10,bullet,is,low,rand 1,results/folktexts/10-variations/model-meta-llama--Meta-Llama-3-8B-Instruct/meta-llama--Meta-Llama-3-8B-Instruct_task-ACSIncome/meta-llama--Meta-Llama-3-8B-Instruct_bench-3796306638/results.bench-3796306638.json,results/folktexts/10-variations/model-meta-llama--Meta-Llama-3-8B-Instruct/meta-llama--Meta-Llama-3-8B-Instruct_task-ACSIncome/meta-llama--Meta-Llama-3-8B-Instruct_bench-1180074650/ACSIncome_full_seed-42_hash-1998608642.test_predictions.csv
ACSIncome,meta-llama--Meta-Llama-3-8B-Instruct,1,1,0.09046454767726161,0.6064223490537699,2275709426,10,bullet,=,original,default,results/folktexts/10-variations/model-meta-llama--Meta-Llama-3-8B-Instruct/meta-llama--Meta-Llama-3-8B-Instruct_task-ACSIncome/meta-llama--Meta-Llama-3-8B-Instruct_bench-2275709426/results.bench-2275709426.json,results/folktexts/10-variations/model-meta-llama--Meta-Llama-3-8B-Instruct/meta-llama--Meta-Llama-3-8B-Instruct_task-ACSIncome/meta-llama--Meta-Llama-3-8B-Instruct_bench-2739703008/ACSIncome_full_seed-42_hash-1998608642.test_predictions.csv
ACSIncome,meta-llama--Meta-Llama-3-8B-Instruct,1,1,0.09062003179650238,0.47833583658756385,831902744,10,bullet,:,low,rand 3,results/folktexts/10-variations/model-meta-llama--Meta-Llama-3-8B-Instruct/meta-llama--Meta-Llama-3-8B-Instruct_task-ACSIncome/meta-llama--Meta-Llama-3-8B-Instruct_bench-831902744/results.bench-831902744.json,results/folktexts/10-variations/model-meta-llama--Meta-Llama-3-8B-Instruct/meta-llama--Meta-Llama-3-8B-Instruct_task-ACSIncome/meta-llama--Meta-Llama-3-8B-Instruct_bench-674958807/ACSIncome_full_seed-42_hash-1998608642.test_predictions.csv
ACSIncome,meta-llama--Meta-Llama-3-8B-Instruct,1,0,0.5,0.6321237608891559,2044284547,10,comma,=,original,default,results/folktexts/10-variations/model-meta-llama--Meta-Llama-3-8B-Instruct/meta-llama--Meta-Llama-3-8B-Instruct_task-ACSIncome/meta-llama--Meta-Llama-3-8B-Instruct_bench-2044284547/results.bench-2044284547.json,results/folktexts/10-variations/model-meta-llama--Meta-Llama-3-8B-Instruct/meta-llama--Meta-Llama-3-8B-Instruct_task-ACSIncome/meta-llama--Meta-Llama-3-8B-Instruct_bench-2044284547/ACSIncome_full_seed-42_hash-1998608642.test_predictions.csv
ACSIncome,meta-llama--Meta-Llama-3-8B-Instruct,1,1,0.10574018126888217,0.45240612796635626,3090693440,10,bullet,=,low,rand 2,results/folktexts/10-variations/model-meta-llama--Meta-Llama-3-8B-Instruct/meta-llama--Meta-Llama-3-8B-Instruct_task-ACSIncome/meta-llama--Meta-Llama-3-8B-Instruct_bench-3090693440/results.bench-3090693440.json,results/folktexts/10-variations/model-meta-llama--Meta-Llama-3-8B-Instruct/meta-llama--Meta-Llama-3-8B-Instruct_task-ACSIncome/meta-llama--Meta-Llama-3-8B-Instruct_bench-3318880110/ACSIncome_full_seed-42_hash-1998608642.test_predictions.csv
ACSIncome,meta-llama--Meta-Llama-3-8B-Instruct,1,1,0.11932255581216321,0.5793811955542205,1663353351,10,bullet,=,original,rand 2,results/folktexts/10-variations/model-meta-llama--Meta-Llama-3-8B-Instruct/meta-llama--Meta-Llama-3-8B-Instruct_task-ACSIncome/meta-llama--Meta-Llama-3-8B-Instruct_bench-1663353351/results.bench-1663353351.json,results/folktexts/10-variations/model-meta-llama--Meta-Llama-3-8B-Instruct/meta-llama--Meta-Llama-3-8B-Instruct_task-ACSIncome/meta-llama--Meta-Llama-3-8B-Instruct_bench-2180345987/ACSIncome_full_seed-42_hash-1998608642.test_predictions.csv
ACSIncome,meta-llama--Meta-Llama-3-8B-Instruct,1,1,0.1008174386920981,0.564734154400721,1278919978,10,comma,is,original,rand 1,results/folktexts/10-variations/model-meta-llama--Meta-Llama-3-8B-Instruct/meta-llama--Meta-Llama-3-8B-Instruct_task-ACSIncome/meta-llama--Meta-Llama-3-8B-Instruct_bench-1278919978/results.bench-1278919978.json,results/folktexts/10-variations/model-meta-llama--Meta-Llama-3-8B-Instruct/meta-llama--Meta-Llama-3-8B-Instruct_task-ACSIncome/meta-llama--Meta-Llama-3-8B-Instruct_bench-1482441784/ACSIncome_full_seed-42_hash-1998608642.test_predictions.csv
ACSIncome,meta-llama--Meta-Llama-3-8B-Instruct,1,1,0.08532423208191127,0.4633763893060979,3980560850,10,bullet,:,original, reversed,results/folktexts/10-variations/model-meta-llama--Meta-Llama-3-8B-Instruct/meta-llama--Meta-Llama-3-8B-Instruct_task-ACSIncome/meta-llama--Meta-Llama-3-8B-Instruct_bench-3980560850/results.bench-3980560850.json,results/folktexts/10-variations/model-meta-llama--Meta-Llama-3-8B-Instruct/meta-llama--Meta-Llama-3-8B-Instruct_task-ACSIncome/meta-llama--Meta-Llama-3-8B-Instruct_bench-135173227/ACSIncome_full_seed-42_hash-1998608642.test_predictions.csv
ACSIncome,meta-llama--Meta-Llama-3-8B-Instruct,1,1,0.13286713286713286,0.5597596875938721,4192427511,10,text,is,original, reversed,results/folktexts/10-variations/model-meta-llama--Meta-Llama-3-8B-Instruct/meta-llama--Meta-Llama-3-8B-Instruct_task-ACSIncome/meta-llama--Meta-Llama-3-8B-Instruct_bench-4192427511/results.bench-4192427511.json,results/folktexts/10-variations/model-meta-llama--Meta-Llama-3-8B-Instruct/meta-llama--Meta-Llama-3-8B-Instruct_task-ACSIncome/meta-llama--Meta-Llama-3-8B-Instruct_bench-2128963221/ACSIncome_full_seed-42_hash-1998608642.test_predictions.csv
ACSIncome,meta-llama--Meta-Llama-3-8B-Instruct,1,1,0.10028653295128939,0.4899729648543106,2173263763,10,comma,=,low, reversed,results/folktexts/10-variations/model-meta-llama--Meta-Llama-3-8B-Instruct/meta-llama--Meta-Llama-3-8B-Instruct_task-ACSIncome/meta-llama--Meta-Llama-3-8B-Instruct_bench-2173263763/results.bench-2173263763.json,results/folktexts/10-variations/model-meta-llama--Meta-Llama-3-8B-Instruct/meta-llama--Meta-Llama-3-8B-Instruct_task-ACSIncome/meta-llama--Meta-Llama-3-8B-Instruct_bench-339299494/ACSIncome_full_seed-42_hash-1998608642.test_predictions.csv
ACSIncome,meta-llama--Meta-Llama-3-8B-Instruct,1,1,0.09054325955734406,0.4935355962751577,3828651674,10,comma,=,low,default,results/folktexts/10-variations/model-meta-llama--Meta-Llama-3-8B-Instruct/meta-llama--Meta-Llama-3-8B-Instruct_task-ACSIncome/meta-llama--Meta-Llama-3-8B-Instruct_bench-3828651674/results.bench-3828651674.json,results/folktexts/10-variations/model-meta-llama--Meta-Llama-3-8B-Instruct/meta-llama--Meta-Llama-3-8B-Instruct_task-ACSIncome/meta-llama--Meta-Llama-3-8B-Instruct_bench-1928447147/ACSIncome_full_seed-42_hash-1998608642.test_predictions.csv
ACSIncome,meta-llama--Meta-Llama-3-8B-Instruct,1,1,0.11940298507462686,0.5389966957044158,748054453,10,bullet,is,original, reversed,results/folktexts/10-variations/model-meta-llama--Meta-Llama-3-8B-Instruct/meta-llama--Meta-Llama-3-8B-Instruct_task-ACSIncome/meta-llama--Meta-Llama-3-8B-Instruct_bench-748054453/results.bench-748054453.json,results/folktexts/10-variations/model-meta-llama--Meta-Llama-3-8B-Instruct/meta-llama--Meta-Llama-3-8B-Instruct_task-ACSIncome/meta-llama--Meta-Llama-3-8B-Instruct_bench-2436938306/ACSIncome_full_seed-42_hash-1998608642.test_predictions.csv
ACSIncome,meta-llama--Meta-Llama-3-8B-Instruct,1,0,0.5,0.6321237608891559,545044596,10,comma,=,original,rand 1,results/folktexts/10-variations/model-meta-llama--Meta-Llama-3-8B-Instruct/meta-llama--Meta-Llama-3-8B-Instruct_task-ACSIncome/meta-llama--Meta-Llama-3-8B-Instruct_bench-545044596/results.bench-545044596.json,results/folktexts/10-variations/model-meta-llama--Meta-Llama-3-8B-Instruct/meta-llama--Meta-Llama-3-8B-Instruct_task-ACSIncome/meta-llama--Meta-Llama-3-8B-Instruct_bench-545044596/ACSIncome_full_seed-42_hash-1998608642.test_predictions.csv
ACSIncome,meta-llama--Meta-Llama-3-8B-Instruct,1,1,0.09052631578947369,0.49659357164313606,1063186820,10,bullet,:,low,default,results/folktexts/10-variations/model-meta-llama--Meta-Llama-3-8B-Instruct/meta-llama--Meta-Llama-3-8B-Instruct_task-ACSIncome/meta-llama--Meta-Llama-3-8B-Instruct_bench-1063186820/results.bench-1063186820.json,results/folktexts/10-variations/model-meta-llama--Meta-Llama-3-8B-Instruct/meta-llama--Meta-Llama-3-8B-Instruct_task-ACSIncome/meta-llama--Meta-Llama-3-8B-Instruct_bench-1174917679/ACSIncome_full_seed-42_hash-1998608642.test_predictions.csv
ACSIncome,meta-llama--Meta-Llama-3-8B-Instruct,1,1,0.09612141652613827,0.4440612796635626,3770438321,10,bullet,:,low,rand 2,results/folktexts/10-variations/model-meta-llama--Meta-Llama-3-8B-Instruct/meta-llama--Meta-Llama-3-8B-Instruct_task-ACSIncome/meta-llama--Meta-Llama-3-8B-Instruct_bench-3770438321/results.bench-3770438321.json,results/folktexts/10-variations/model-meta-llama--Meta-Llama-3-8B-Instruct/meta-llama--Meta-Llama-3-8B-Instruct_task-ACSIncome/meta-llama--Meta-Llama-3-8B-Instruct_bench-1824205855/ACSIncome_full_seed-42_hash-1998608642.test_predictions.csv
ACSIncome,meta-llama--Meta-Llama-3-8B-Instruct,1,1,0.10682288077188146,0.5617302493241214,3896173853,10,comma,:,low,rand 2,results/folktexts/10-variations/model-meta-llama--Meta-Llama-3-8B-Instruct/meta-llama--Meta-Llama-3-8B-Instruct_task-ACSIncome/meta-llama--Meta-Llama-3-8B-Instruct_bench-3896173853/results.bench-3896173853.json,results/folktexts/10-variations/model-meta-llama--Meta-Llama-3-8B-Instruct/meta-llama--Meta-Llama-3-8B-Instruct_task-ACSIncome/meta-llama--Meta-Llama-3-8B-Instruct_bench-3182587176/ACSIncome_full_seed-42_hash-1998608642.test_predictions.csv
ACSIncome,meta-llama--Meta-Llama-3-8B-Instruct,1,1,0.11327649208282582,0.5571763292279964,153480146,10,comma,is,low,rand 2,results/folktexts/10-variations/model-meta-llama--Meta-Llama-3-8B-Instruct/meta-llama--Meta-Llama-3-8B-Instruct_task-ACSIncome/meta-llama--Meta-Llama-3-8B-Instruct_bench-153480146/results.bench-153480146.json,results/folktexts/10-variations/model-meta-llama--Meta-Llama-3-8B-Instruct/meta-llama--Meta-Llama-3-8B-Instruct_task-ACSIncome/meta-llama--Meta-Llama-3-8B-Instruct_bench-2878470743/ACSIncome_full_seed-42_hash-1998608642.test_predictions.csv
ACSIncome,meta-llama--Meta-Llama-3-8B-Instruct,1,1,0.1125,0.6237548813457495,2775370610,10,comma,is,original,rand 2,results/folktexts/10-variations/model-meta-llama--Meta-Llama-3-8B-Instruct/meta-llama--Meta-Llama-3-8B-Instruct_task-ACSIncome/meta-llama--Meta-Llama-3-8B-Instruct_bench-2775370610/results.bench-2775370610.json,results/folktexts/10-variations/model-meta-llama--Meta-Llama-3-8B-Instruct/meta-llama--Meta-Llama-3-8B-Instruct_task-ACSIncome/meta-llama--Meta-Llama-3-8B-Instruct_bench-616608167/ACSIncome_full_seed-42_hash-1998608642.test_predictions.csv
ACSIncome,meta-llama--Meta-Llama-3-8B-Instruct,1,1,0.09062003179650238,0.48316611595073594,3269772140,10,comma,:,low,default,results/folktexts/10-variations/model-meta-llama--Meta-Llama-3-8B-Instruct/meta-llama--Meta-Llama-3-8B-Instruct_task-ACSIncome/meta-llama--Meta-Llama-3-8B-Instruct_bench-3269772140/results.bench-3269772140.json,results/folktexts/10-variations/model-meta-llama--Meta-Llama-3-8B-Instruct/meta-llama--Meta-Llama-3-8B-Instruct_task-ACSIncome/meta-llama--Meta-Llama-3-8B-Instruct_bench-3294142108/ACSIncome_full_seed-42_hash-1998608642.test_predictions.csv
ACSIncome,meta-llama--Meta-Llama-3-8B-Instruct,1,1,0.11885245901639344,0.4500690898167618,3399516562,10,text,=,low,rand 3,results/folktexts/10-variations/model-meta-llama--Meta-Llama-3-8B-Instruct/meta-llama--Meta-Llama-3-8B-Instruct_task-ACSIncome/meta-llama--Meta-Llama-3-8B-Instruct_bench-3399516562/results.bench-3399516562.json,results/folktexts/10-variations/model-meta-llama--Meta-Llama-3-8B-Instruct/meta-llama--Meta-Llama-3-8B-Instruct_task-ACSIncome/meta-llama--Meta-Llama-3-8B-Instruct_bench-2827360444/ACSIncome_full_seed-42_hash-1998608642.test_predictions.csv
ACSIncome,meta-llama--Meta-Llama-3-8B-Instruct,1,1,0.11284046692607004,0.603832982877741,65855003,10,text,is,original,rand 1,results/folktexts/10-variations/model-meta-llama--Meta-Llama-3-8B-Instruct/meta-llama--Meta-Llama-3-8B-Instruct_task-ACSIncome/meta-llama--Meta-Llama-3-8B-Instruct_bench-65855003/results.bench-65855003.json,results/folktexts/10-variations/model-meta-llama--Meta-Llama-3-8B-Instruct/meta-llama--Meta-Llama-3-8B-Instruct_task-ACSIncome/meta-llama--Meta-Llama-3-8B-Instruct_bench-3370183687/ACSIncome_full_seed-42_hash-1998608642.test_predictions.csv
ACSIncome,meta-llama--Meta-Llama-3-8B-Instruct,1,1,0.09528049866429207,0.6004385701411835,3199192625,10,text,is,original,default,results/folktexts/10-variations/model-meta-llama--Meta-Llama-3-8B-Instruct/meta-llama--Meta-Llama-3-8B-Instruct_task-ACSIncome/meta-llama--Meta-Llama-3-8B-Instruct_bench-3199192625/results.bench-3199192625.json,results/folktexts/10-variations/model-meta-llama--Meta-Llama-3-8B-Instruct/meta-llama--Meta-Llama-3-8B-Instruct_task-ACSIncome/meta-llama--Meta-Llama-3-8B-Instruct_bench-3379361245/ACSIncome_full_seed-42_hash-1998608642.test_predictions.csv
ACSIncome,meta-llama--Meta-Llama-3-8B-Instruct,1,1,0.09570957095709572,0.4135536197056173,3966554047,10,comma,is,low, reversed,results/folktexts/10-variations/model-meta-llama--Meta-Llama-3-8B-Instruct/meta-llama--Meta-Llama-3-8B-Instruct_task-ACSIncome/meta-llama--Meta-Llama-3-8B-Instruct_bench-3966554047/results.bench-3966554047.json,results/folktexts/10-variations/model-meta-llama--Meta-Llama-3-8B-Instruct/meta-llama--Meta-Llama-3-8B-Instruct_task-ACSIncome/meta-llama--Meta-Llama-3-8B-Instruct_bench-1759502657/ACSIncome_full_seed-42_hash-1998608642.test_predictions.csv
ACSIncome,meta-llama--Meta-Llama-3-8B-Instruct,1,1,0.08052708638360176,0.582745569240012,1926854254,10,bullet,:,original,default,results/folktexts/10-variations/model-meta-llama--Meta-Llama-3-8B-Instruct/meta-llama--Meta-Llama-3-8B-Instruct_task-ACSIncome/meta-llama--Meta-Llama-3-8B-Instruct_bench-1926854254/results.bench-1926854254.json,results/folktexts/10-variations/model-meta-llama--Meta-Llama-3-8B-Instruct/meta-llama--Meta-Llama-3-8B-Instruct_task-ACSIncome/meta-llama--Meta-Llama-3-8B-Instruct_bench-1022548884/ACSIncome_full_seed-42_hash-1998608642.test_predictions.csv
ACSIncome,meta-llama--Meta-Llama-3-8B-Instruct,1,1,0.12542372881355932,0.5983178131571042,1236332442,10,comma,is,low,rand 1,results/folktexts/10-variations/model-meta-llama--Meta-Llama-3-8B-Instruct/meta-llama--Meta-Llama-3-8B-Instruct_task-ACSIncome/meta-llama--Meta-Llama-3-8B-Instruct_bench-1236332442/results.bench-1236332442.json,results/folktexts/10-variations/model-meta-llama--Meta-Llama-3-8B-Instruct/meta-llama--Meta-Llama-3-8B-Instruct_task-ACSIncome/meta-llama--Meta-Llama-3-8B-Instruct_bench-3136749034/ACSIncome_full_seed-42_hash-1998608642.test_predictions.csv
ACSIncome,meta-llama--Meta-Llama-3-8B-Instruct,1,1,0.10163934426229508,0.4671613097026134,970010321,10,text,:,low,rand 3,results/folktexts/10-variations/model-meta-llama--Meta-Llama-3-8B-Instruct/meta-llama--Meta-Llama-3-8B-Instruct_task-ACSIncome/meta-llama--Meta-Llama-3-8B-Instruct_bench-970010321/results.bench-970010321.json,results/folktexts/10-variations/model-meta-llama--Meta-Llama-3-8B-Instruct/meta-llama--Meta-Llama-3-8B-Instruct_task-ACSIncome/meta-llama--Meta-Llama-3-8B-Instruct_bench-3304864821/ACSIncome_full_seed-42_hash-1998608642.test_predictions.csv
ACSIncome,meta-llama--Meta-Llama-3-8B-Instruct,1,1,0.10685805422647528,0.5412135776509462,3259516153,10,text,is,original,rand 2,results/folktexts/10-variations/model-meta-llama--Meta-Llama-3-8B-Instruct/meta-llama--Meta-Llama-3-8B-Instruct_task-ACSIncome/meta-llama--Meta-Llama-3-8B-Instruct_bench-3259516153/results.bench-3259516153.json,results/folktexts/10-variations/model-meta-llama--Meta-Llama-3-8B-Instruct/meta-llama--Meta-Llama-3-8B-Instruct_task-ACSIncome/meta-llama--Meta-Llama-3-8B-Instruct_bench-1323632384/ACSIncome_full_seed-42_hash-1998608642.test_predictions.csv
ACSIncome,meta-llama--Meta-Llama-3-8B-Instruct,1,1,0.16411378555798686,0.632760588765395,3011714267,10,text,=,original, reversed,results/folktexts/10-variations/model-meta-llama--Meta-Llama-3-8B-Instruct/meta-llama--Meta-Llama-3-8B-Instruct_task-ACSIncome/meta-llama--Meta-Llama-3-8B-Instruct_bench-3011714267/results.bench-3011714267.json,results/folktexts/10-variations/model-meta-llama--Meta-Llama-3-8B-Instruct/meta-llama--Meta-Llama-3-8B-Instruct_task-ACSIncome/meta-llama--Meta-Llama-3-8B-Instruct_bench-4141966722/ACSIncome_full_seed-42_hash-1998608642.test_predictions.csv
ACSIncome,meta-llama--Meta-Llama-3-8B-Instruct,1,1,0.10086455331412104,0.541778311805347,3980562836,10,bullet,=,low,rand 3,results/folktexts/10-variations/model-meta-llama--Meta-Llama-3-8B-Instruct/meta-llama--Meta-Llama-3-8B-Instruct_task-ACSIncome/meta-llama--Meta-Llama-3-8B-Instruct_bench-3980562836/results.bench-3980562836.json,results/folktexts/10-variations/model-meta-llama--Meta-Llama-3-8B-Instruct/meta-llama--Meta-Llama-3-8B-Instruct_task-ACSIncome/meta-llama--Meta-Llama-3-8B-Instruct_bench-17563132/ACSIncome_full_seed-42_hash-1998608642.test_predictions.csv
ACSIncome,meta-llama--Meta-Llama-3-8B-Instruct,1,1,0.1242603550295858,0.46236106939020727,2807986908,10,text,:,low, reversed,results/folktexts/10-variations/model-meta-llama--Meta-Llama-3-8B-Instruct/meta-llama--Meta-Llama-3-8B-Instruct_task-ACSIncome/meta-llama--Meta-Llama-3-8B-Instruct_bench-2807986908/results.bench-2807986908.json,results/folktexts/10-variations/model-meta-llama--Meta-Llama-3-8B-Instruct/meta-llama--Meta-Llama-3-8B-Instruct_task-ACSIncome/meta-llama--Meta-Llama-3-8B-Instruct_bench-1518631272/ACSIncome_full_seed-42_hash-1998608642.test_predictions.csv
ACSIncome,meta-llama--Meta-Llama-3-8B-Instruct,1,1,0.08547008547008547,0.528717332532292,3490171320,10,bullet,is,original,default,results/folktexts/10-variations/model-meta-llama--Meta-Llama-3-8B-Instruct/meta-llama--Meta-Llama-3-8B-Instruct_task-ACSIncome/meta-llama--Meta-Llama-3-8B-Instruct_bench-3490171320/results.bench-3490171320.json,results/folktexts/10-variations/model-meta-llama--Meta-Llama-3-8B-Instruct/meta-llama--Meta-Llama-3-8B-Instruct_task-ACSIncome/meta-llama--Meta-Llama-3-8B-Instruct_bench-197799801/ACSIncome_full_seed-42_hash-1998608642.test_predictions.csv
ACSIncome,meta-llama--Meta-Llama-3-8B-Instruct,1,0,0.5,0.6321237608891559,2178633924,10,comma,:,original, reversed,results/folktexts/10-variations/model-meta-llama--Meta-Llama-3-8B-Instruct/meta-llama--Meta-Llama-3-8B-Instruct_task-ACSIncome/meta-llama--Meta-Llama-3-8B-Instruct_bench-2178633924/results.bench-2178633924.json,results/folktexts/10-variations/model-meta-llama--Meta-Llama-3-8B-Instruct/meta-llama--Meta-Llama-3-8B-Instruct_task-ACSIncome/meta-llama--Meta-Llama-3-8B-Instruct_bench-2178633924/ACSIncome_full_seed-42_hash-1998608642.test_predictions.csv
ACSIncome,meta-llama--Meta-Llama-3-8B-Instruct,1,1,0.11870503597122302,0.5331150495644338,964466192,10,text,is,low,rand 3,results/folktexts/10-variations/model-meta-llama--Meta-Llama-3-8B-Instruct/meta-llama--Meta-Llama-3-8B-Instruct_task-ACSIncome/meta-llama--Meta-Llama-3-8B-Instruct_bench-964466192/results.bench-964466192.json,results/folktexts/10-variations/model-meta-llama--Meta-Llama-3-8B-Instruct/meta-llama--Meta-Llama-3-8B-Instruct_task-ACSIncome/meta-llama--Meta-Llama-3-8B-Instruct_bench-3103808865/ACSIncome_full_seed-42_hash-1998608642.test_predictions.csv
ACSIncome,meta-llama--Meta-Llama-3-8B-Instruct,1,1,0.08495648570244509,0.3833643736857915,3668355485,10,bullet,:,low, reversed,results/folktexts/10-variations/model-meta-llama--Meta-Llama-3-8B-Instruct/meta-llama--Meta-Llama-3-8B-Instruct_task-ACSIncome/meta-llama--Meta-Llama-3-8B-Instruct_bench-3668355485/results.bench-3668355485.json,results/folktexts/10-variations/model-meta-llama--Meta-Llama-3-8B-Instruct/meta-llama--Meta-Llama-3-8B-Instruct_task-ACSIncome/meta-llama--Meta-Llama-3-8B-Instruct_bench-892821361/ACSIncome_full_seed-42_hash-1998608642.test_predictions.csv
ACSIncome,meta-llama--Meta-Llama-3-8B-Instruct,1,1,0.13303437967115098,0.4918293781916491,699943011,10,text,=,low,rand 2,results/folktexts/10-variations/model-meta-llama--Meta-Llama-3-8B-Instruct/meta-llama--Meta-Llama-3-8B-Instruct_task-ACSIncome/meta-llama--Meta-Llama-3-8B-Instruct_bench-699943011/results.bench-699943011.json,results/folktexts/10-variations/model-meta-llama--Meta-Llama-3-8B-Instruct/meta-llama--Meta-Llama-3-8B-Instruct_task-ACSIncome/meta-llama--Meta-Llama-3-8B-Instruct_bench-3402160750/ACSIncome_full_seed-42_hash-1998608642.test_predictions.csv
ACSIncome,meta-llama--Meta-Llama-3-8B-Instruct,1,1,0.10096153846153846,0.6343766896966055,863867714,10,bullet,=,original,rand 3,results/folktexts/10-variations/model-meta-llama--Meta-Llama-3-8B-Instruct/meta-llama--Meta-Llama-3-8B-Instruct_task-ACSIncome/meta-llama--Meta-Llama-3-8B-Instruct_bench-863867714/results.bench-863867714.json,results/folktexts/10-variations/model-meta-llama--Meta-Llama-3-8B-Instruct/meta-llama--Meta-Llama-3-8B-Instruct_task-ACSIncome/meta-llama--Meta-Llama-3-8B-Instruct_bench-3218331684/ACSIncome_full_seed-42_hash-1998608642.test_predictions.csv
ACSIncome,Qwen--Qwen2.5-7B-Instruct,1,0,0.5,0.6321237608891559,2825508201,10,bullet,is,original, reversed,results/folktexts/10-variations/model-Qwen--Qwen2.5-7B-Instruct/Qwen--Qwen2.5-7B-Instruct_task-ACSIncome/Qwen--Qwen2.5-7B-Instruct_bench-2825508201/results.bench-2825508201.json,results/folktexts/10-variations/model-Qwen--Qwen2.5-7B-Instruct/Qwen--Qwen2.5-7B-Instruct_task-ACSIncome/Qwen--Qwen2.5-7B-Instruct_bench-2825508201/ACSIncome_full_seed-42_hash-1998608642.test_predictions.csv
ACSIncome,Qwen--Qwen2.5-7B-Instruct,1,0,0.5,0.6321237608891559,1912149707,10,text,=,low,rand 1,results/folktexts/10-variations/model-Qwen--Qwen2.5-7B-Instruct/Qwen--Qwen2.5-7B-Instruct_task-ACSIncome/Qwen--Qwen2.5-7B-Instruct_bench-1912149707/results.bench-1912149707.json,results/folktexts/10-variations/model-Qwen--Qwen2.5-7B-Instruct/Qwen--Qwen2.5-7B-Instruct_task-ACSIncome/Qwen--Qwen2.5-7B-Instruct_bench-1912149707/ACSIncome_full_seed-42_hash-1998608642.test_predictions.csv
ACSIncome,Qwen--Qwen2.5-7B-Instruct,1,0,0.5,0.6321237608891559,2557572813,10,bullet,is,low,rand 3,results/folktexts/10-variations/model-Qwen--Qwen2.5-7B-Instruct/Qwen--Qwen2.5-7B-Instruct_task-ACSIncome/Qwen--Qwen2.5-7B-Instruct_bench-2557572813/results.bench-2557572813.json,results/folktexts/10-variations/model-Qwen--Qwen2.5-7B-Instruct/Qwen--Qwen2.5-7B-Instruct_task-ACSIncome/Qwen--Qwen2.5-7B-Instruct_bench-2557572813/ACSIncome_full_seed-42_hash-1998608642.test_predictions.csv
ACSIncome,Qwen--Qwen2.5-7B-Instruct,1,0,0.5,0.6321237608891559,110043141,10,bullet,is,low,rand 1,results/folktexts/10-variations/model-Qwen--Qwen2.5-7B-Instruct/Qwen--Qwen2.5-7B-Instruct_task-ACSIncome/Qwen--Qwen2.5-7B-Instruct_bench-110043141/results.bench-110043141.json,results/folktexts/10-variations/model-Qwen--Qwen2.5-7B-Instruct/Qwen--Qwen2.5-7B-Instruct_task-ACSIncome/Qwen--Qwen2.5-7B-Instruct_bench-110043141/ACSIncome_full_seed-42_hash-1998608642.test_predictions.csv
ACSIncome,Qwen--Qwen2.5-7B-Instruct,1,0,0.5,0.6321237608891559,1947022927,10,comma,is,original,rand 1,results/folktexts/10-variations/model-Qwen--Qwen2.5-7B-Instruct/Qwen--Qwen2.5-7B-Instruct_task-ACSIncome/Qwen--Qwen2.5-7B-Instruct_bench-1947022927/results.bench-1947022927.json,results/folktexts/10-variations/model-Qwen--Qwen2.5-7B-Instruct/Qwen--Qwen2.5-7B-Instruct_task-ACSIncome/Qwen--Qwen2.5-7B-Instruct_bench-1947022927/ACSIncome_full_seed-42_hash-1998608642.test_predictions.csv
ACSIncome,Qwen--Qwen2.5-7B-Instruct,1,0,0.5,0.6321237608891559,3647201432,10,bullet,=,original, reversed,results/folktexts/10-variations/model-Qwen--Qwen2.5-7B-Instruct/Qwen--Qwen2.5-7B-Instruct_task-ACSIncome/Qwen--Qwen2.5-7B-Instruct_bench-3647201432/results.bench-3647201432.json,results/folktexts/10-variations/model-Qwen--Qwen2.5-7B-Instruct/Qwen--Qwen2.5-7B-Instruct_task-ACSIncome/Qwen--Qwen2.5-7B-Instruct_bench-3647201432/ACSIncome_full_seed-42_hash-1998608642.test_predictions.csv
ACSIncome,Qwen--Qwen2.5-7B-Instruct,1,0,0.5,0.6321237608891559,1491249931,10,text,is,low, reversed,results/folktexts/10-variations/model-Qwen--Qwen2.5-7B-Instruct/Qwen--Qwen2.5-7B-Instruct_task-ACSIncome/Qwen--Qwen2.5-7B-Instruct_bench-1491249931/results.bench-1491249931.json,results/folktexts/10-variations/model-Qwen--Qwen2.5-7B-Instruct/Qwen--Qwen2.5-7B-Instruct_task-ACSIncome/Qwen--Qwen2.5-7B-Instruct_bench-1491249931/ACSIncome_full_seed-42_hash-1998608642.test_predictions.csv
ACSIncome,Qwen--Qwen2.5-7B-Instruct,1,0,0.5,0.6321237608891559,127628471,10,comma,=,original,rand 1,results/folktexts/10-variations/model-Qwen--Qwen2.5-7B-Instruct/Qwen--Qwen2.5-7B-Instruct_task-ACSIncome/Qwen--Qwen2.5-7B-Instruct_bench-127628471/results.bench-127628471.json,results/folktexts/10-variations/model-Qwen--Qwen2.5-7B-Instruct/Qwen--Qwen2.5-7B-Instruct_task-ACSIncome/Qwen--Qwen2.5-7B-Instruct_bench-127628471/ACSIncome_full_seed-42_hash-1998608642.test_predictions.csv
ACSIncome,Qwen--Qwen2.5-7B-Instruct,1,0,0.5,0.6321237608891559,3400477362,10,text,=,original,rand 2,results/folktexts/10-variations/model-Qwen--Qwen2.5-7B-Instruct/Qwen--Qwen2.5-7B-Instruct_task-ACSIncome/Qwen--Qwen2.5-7B-Instruct_bench-3400477362/results.bench-3400477362.json,results/folktexts/10-variations/model-Qwen--Qwen2.5-7B-Instruct/Qwen--Qwen2.5-7B-Instruct_task-ACSIncome/Qwen--Qwen2.5-7B-Instruct_bench-3400477362/ACSIncome_full_seed-42_hash-1998608642.test_predictions.csv
ACSIncome,Qwen--Qwen2.5-7B-Instruct,1,0,0.5,0.6321237608891559,1069817109,10,text,is,low,rand 2,results/folktexts/10-variations/model-Qwen--Qwen2.5-7B-Instruct/Qwen--Qwen2.5-7B-Instruct_task-ACSIncome/Qwen--Qwen2.5-7B-Instruct_bench-1069817109/results.bench-1069817109.json,results/folktexts/10-variations/model-Qwen--Qwen2.5-7B-Instruct/Qwen--Qwen2.5-7B-Instruct_task-ACSIncome/Qwen--Qwen2.5-7B-Instruct_bench-1069817109/ACSIncome_full_seed-42_hash-1998608642.test_predictions.csv
ACSIncome,Qwen--Qwen2.5-7B-Instruct,1,0,0.5,0.6321237608891559,4022460947,10,bullet,=,low, reversed,results/folktexts/10-variations/model-Qwen--Qwen2.5-7B-Instruct/Qwen--Qwen2.5-7B-Instruct_task-ACSIncome/Qwen--Qwen2.5-7B-Instruct_bench-4022460947/results.bench-4022460947.json,results/folktexts/10-variations/model-Qwen--Qwen2.5-7B-Instruct/Qwen--Qwen2.5-7B-Instruct_task-ACSIncome/Qwen--Qwen2.5-7B-Instruct_bench-4022460947/ACSIncome_full_seed-42_hash-1998608642.test_predictions.csv
ACSIncome,Qwen--Qwen2.5-7B-Instruct,1,0,0.5,0.6321237608891559,1805846161,10,text,=,low, reversed,results/folktexts/10-variations/model-Qwen--Qwen2.5-7B-Instruct/Qwen--Qwen2.5-7B-Instruct_task-ACSIncome/Qwen--Qwen2.5-7B-Instruct_bench-1805846161/results.bench-1805846161.json,results/folktexts/10-variations/model-Qwen--Qwen2.5-7B-Instruct/Qwen--Qwen2.5-7B-Instruct_task-ACSIncome/Qwen--Qwen2.5-7B-Instruct_bench-1805846161/ACSIncome_full_seed-42_hash-1998608642.test_predictions.csv
ACSIncome,Qwen--Qwen2.5-7B-Instruct,1,0,0.5,0.6321237608891559,4022585359,10,comma,:,original, reversed,results/folktexts/10-variations/model-Qwen--Qwen2.5-7B-Instruct/Qwen--Qwen2.5-7B-Instruct_task-ACSIncome/Qwen--Qwen2.5-7B-Instruct_bench-4022585359/results.bench-4022585359.json,results/folktexts/10-variations/model-Qwen--Qwen2.5-7B-Instruct/Qwen--Qwen2.5-7B-Instruct_task-ACSIncome/Qwen--Qwen2.5-7B-Instruct_bench-4022585359/ACSIncome_full_seed-42_hash-1998608642.test_predictions.csv
ACSIncome,Qwen--Qwen2.5-7B-Instruct,1,0,0.5,0.6321237608891559,494909155,10,text,is,original, reversed,results/folktexts/10-variations/model-Qwen--Qwen2.5-7B-Instruct/Qwen--Qwen2.5-7B-Instruct_task-ACSIncome/Qwen--Qwen2.5-7B-Instruct_bench-494909155/results.bench-494909155.json,results/folktexts/10-variations/model-Qwen--Qwen2.5-7B-Instruct/Qwen--Qwen2.5-7B-Instruct_task-ACSIncome/Qwen--Qwen2.5-7B-Instruct_bench-494909155/ACSIncome_full_seed-42_hash-1998608642.test_predictions.csv
ACSIncome,Qwen--Qwen2.5-7B-Instruct,1,0,0.5,0.6321237608891559,3665206245,10,comma,:,low,default,results/folktexts/10-variations/model-Qwen--Qwen2.5-7B-Instruct/Qwen--Qwen2.5-7B-Instruct_task-ACSIncome/Qwen--Qwen2.5-7B-Instruct_bench-3665206245/results.bench-3665206245.json,results/folktexts/10-variations/model-Qwen--Qwen2.5-7B-Instruct/Qwen--Qwen2.5-7B-Instruct_task-ACSIncome/Qwen--Qwen2.5-7B-Instruct_bench-3665206245/ACSIncome_full_seed-42_hash-1998608642.test_predictions.csv
ACSIncome,Qwen--Qwen2.5-7B-Instruct,1,0,0.5,0.6321237608891559,1536306656,10,bullet,is,low, reversed,results/folktexts/10-variations/model-Qwen--Qwen2.5-7B-Instruct/Qwen--Qwen2.5-7B-Instruct_task-ACSIncome/Qwen--Qwen2.5-7B-Instruct_bench-1536306656/results.bench-1536306656.json,results/folktexts/10-variations/model-Qwen--Qwen2.5-7B-Instruct/Qwen--Qwen2.5-7B-Instruct_task-ACSIncome/Qwen--Qwen2.5-7B-Instruct_bench-1536306656/ACSIncome_full_seed-42_hash-1998608642.test_predictions.csv
ACSIncome,Qwen--Qwen2.5-7B-Instruct,1,0,0.5,0.6321237608891559,2092127961,10,bullet,is,low,rand 2,results/folktexts/10-variations/model-Qwen--Qwen2.5-7B-Instruct/Qwen--Qwen2.5-7B-Instruct_task-ACSIncome/Qwen--Qwen2.5-7B-Instruct_bench-2092127961/results.bench-2092127961.json,results/folktexts/10-variations/model-Qwen--Qwen2.5-7B-Instruct/Qwen--Qwen2.5-7B-Instruct_task-ACSIncome/Qwen--Qwen2.5-7B-Instruct_bench-2092127961/ACSIncome_full_seed-42_hash-1998608642.test_predictions.csv
ACSIncome,Qwen--Qwen2.5-7B-Instruct,1,0,0.5,0.6321237608891559,1315229290,10,comma,=,original,rand 2,results/folktexts/10-variations/model-Qwen--Qwen2.5-7B-Instruct/Qwen--Qwen2.5-7B-Instruct_task-ACSIncome/Qwen--Qwen2.5-7B-Instruct_bench-1315229290/results.bench-1315229290.json,results/folktexts/10-variations/model-Qwen--Qwen2.5-7B-Instruct/Qwen--Qwen2.5-7B-Instruct_task-ACSIncome/Qwen--Qwen2.5-7B-Instruct_bench-1315229290/ACSIncome_full_seed-42_hash-1998608642.test_predictions.csv
ACSIncome,Qwen--Qwen2.5-7B-Instruct,1,0,0.5,0.6321237608891559,1089102306,10,comma,=,original,rand 3,results/folktexts/10-variations/model-Qwen--Qwen2.5-7B-Instruct/Qwen--Qwen2.5-7B-Instruct_task-ACSIncome/Qwen--Qwen2.5-7B-Instruct_bench-1089102306/results.bench-1089102306.json,results/folktexts/10-variations/model-Qwen--Qwen2.5-7B-Instruct/Qwen--Qwen2.5-7B-Instruct_task-ACSIncome/Qwen--Qwen2.5-7B-Instruct_bench-1089102306/ACSIncome_full_seed-42_hash-1998608642.test_predictions.csv
ACSIncome,Qwen--Qwen2.5-7B-Instruct,1,0,0.5,0.6321237608891559,4188320410,10,comma,=,low,rand 2,results/folktexts/10-variations/model-Qwen--Qwen2.5-7B-Instruct/Qwen--Qwen2.5-7B-Instruct_task-ACSIncome/Qwen--Qwen2.5-7B-Instruct_bench-4188320410/results.bench-4188320410.json,results/folktexts/10-variations/model-Qwen--Qwen2.5-7B-Instruct/Qwen--Qwen2.5-7B-Instruct_task-ACSIncome/Qwen--Qwen2.5-7B-Instruct_bench-4188320410/ACSIncome_full_seed-42_hash-1998608642.test_predictions.csv
ACSIncome,Qwen--Qwen2.5-7B-Instruct,1,0,0.5,0.6321237608891559,1026530625,10,text,is,original,rand 2,results/folktexts/10-variations/model-Qwen--Qwen2.5-7B-Instruct/Qwen--Qwen2.5-7B-Instruct_task-ACSIncome/Qwen--Qwen2.5-7B-Instruct_bench-1026530625/results.bench-1026530625.json,results/folktexts/10-variations/model-Qwen--Qwen2.5-7B-Instruct/Qwen--Qwen2.5-7B-Instruct_task-ACSIncome/Qwen--Qwen2.5-7B-Instruct_bench-1026530625/ACSIncome_full_seed-42_hash-1998608642.test_predictions.csv
ACSIncome,Qwen--Qwen2.5-7B-Instruct,1,0,0.5,0.6321237608891559,3555773341,10,bullet,is,original,rand 1,results/folktexts/10-variations/model-Qwen--Qwen2.5-7B-Instruct/Qwen--Qwen2.5-7B-Instruct_task-ACSIncome/Qwen--Qwen2.5-7B-Instruct_bench-3555773341/results.bench-3555773341.json,results/folktexts/10-variations/model-Qwen--Qwen2.5-7B-Instruct/Qwen--Qwen2.5-7B-Instruct_task-ACSIncome/Qwen--Qwen2.5-7B-Instruct_bench-3555773341/ACSIncome_full_seed-42_hash-1998608642.test_predictions.csv
ACSIncome,Qwen--Qwen2.5-7B-Instruct,1,0,0.5,0.6321237608891559,3996003165,10,text,is,low,default,results/folktexts/10-variations/model-Qwen--Qwen2.5-7B-Instruct/Qwen--Qwen2.5-7B-Instruct_task-ACSIncome/Qwen--Qwen2.5-7B-Instruct_bench-3996003165/results.bench-3996003165.json,results/folktexts/10-variations/model-Qwen--Qwen2.5-7B-Instruct/Qwen--Qwen2.5-7B-Instruct_task-ACSIncome/Qwen--Qwen2.5-7B-Instruct_bench-3996003165/ACSIncome_full_seed-42_hash-1998608642.test_predictions.csv
ACSIncome,Qwen--Qwen2.5-7B-Instruct,1,0,0.5,0.6321237608891559,3484147898,10,bullet,:,low,rand 3,results/folktexts/10-variations/model-Qwen--Qwen2.5-7B-Instruct/Qwen--Qwen2.5-7B-Instruct_task-ACSIncome/Qwen--Qwen2.5-7B-Instruct_bench-3484147898/results.bench-3484147898.json,results/folktexts/10-variations/model-Qwen--Qwen2.5-7B-Instruct/Qwen--Qwen2.5-7B-Instruct_task-ACSIncome/Qwen--Qwen2.5-7B-Instruct_bench-3484147898/ACSIncome_full_seed-42_hash-1998608642.test_predictions.csv
ACSIncome,Qwen--Qwen2.5-7B-Instruct,1,0,0.5,0.6321237608891559,2100116941,10,bullet,is,original,rand 3,results/folktexts/10-variations/model-Qwen--Qwen2.5-7B-Instruct/Qwen--Qwen2.5-7B-Instruct_task-ACSIncome/Qwen--Qwen2.5-7B-Instruct_bench-2100116941/results.bench-2100116941.json,results/folktexts/10-variations/model-Qwen--Qwen2.5-7B-Instruct/Qwen--Qwen2.5-7B-Instruct_task-ACSIncome/Qwen--Qwen2.5-7B-Instruct_bench-2100116941/ACSIncome_full_seed-42_hash-1998608642.test_predictions.csv
ACSIncome,Qwen--Qwen2.5-7B-Instruct,1,0,0.5,0.6321237608891559,110701274,10,text,:,low,default,results/folktexts/10-variations/model-Qwen--Qwen2.5-7B-Instruct/Qwen--Qwen2.5-7B-Instruct_task-ACSIncome/Qwen--Qwen2.5-7B-Instruct_bench-110701274/results.bench-110701274.json,results/folktexts/10-variations/model-Qwen--Qwen2.5-7B-Instruct/Qwen--Qwen2.5-7B-Instruct_task-ACSIncome/Qwen--Qwen2.5-7B-Instruct_bench-110701274/ACSIncome_full_seed-42_hash-1998608642.test_predictions.csv
ACSIncome,Qwen--Qwen2.5-7B-Instruct,1,0,0.5,0.6321237608891559,2890037146,10,bullet,:,original,default,results/folktexts/10-variations/model-Qwen--Qwen2.5-7B-Instruct/Qwen--Qwen2.5-7B-Instruct_task-ACSIncome/Qwen--Qwen2.5-7B-Instruct_bench-2890037146/results.bench-2890037146.json,results/folktexts/10-variations/model-Qwen--Qwen2.5-7B-Instruct/Qwen--Qwen2.5-7B-Instruct_task-ACSIncome/Qwen--Qwen2.5-7B-Instruct_bench-2890037146/ACSIncome_full_seed-42_hash-1998608642.test_predictions.csv
ACSIncome,Qwen--Qwen2.5-7B-Instruct,1,0,0.5,0.6321237608891559,1762056007,10,bullet,:,original,rand 2,results/folktexts/10-variations/model-Qwen--Qwen2.5-7B-Instruct/Qwen--Qwen2.5-7B-Instruct_task-ACSIncome/Qwen--Qwen2.5-7B-Instruct_bench-1762056007/results.bench-1762056007.json,results/folktexts/10-variations/model-Qwen--Qwen2.5-7B-Instruct/Qwen--Qwen2.5-7B-Instruct_task-ACSIncome/Qwen--Qwen2.5-7B-Instruct_bench-1762056007/ACSIncome_full_seed-42_hash-1998608642.test_predictions.csv
ACSIncome,Qwen--Qwen2.5-7B-Instruct,1,0,0.5,0.6321237608891559,1744877988,10,text,:,original,rand 2,results/folktexts/10-variations/model-Qwen--Qwen2.5-7B-Instruct/Qwen--Qwen2.5-7B-Instruct_task-ACSIncome/Qwen--Qwen2.5-7B-Instruct_bench-1744877988/results.bench-1744877988.json,results/folktexts/10-variations/model-Qwen--Qwen2.5-7B-Instruct/Qwen--Qwen2.5-7B-Instruct_task-ACSIncome/Qwen--Qwen2.5-7B-Instruct_bench-1744877988/ACSIncome_full_seed-42_hash-1998608642.test_predictions.csv
ACSIncome,Qwen--Qwen2.5-7B-Instruct,1,0,0.5,0.6321237608891559,3955961182,10,comma,=,low,rand 3,results/folktexts/10-variations/model-Qwen--Qwen2.5-7B-Instruct/Qwen--Qwen2.5-7B-Instruct_task-ACSIncome/Qwen--Qwen2.5-7B-Instruct_bench-3955961182/results.bench-3955961182.json,results/folktexts/10-variations/model-Qwen--Qwen2.5-7B-Instruct/Qwen--Qwen2.5-7B-Instruct_task-ACSIncome/Qwen--Qwen2.5-7B-Instruct_bench-3955961182/ACSIncome_full_seed-42_hash-1998608642.test_predictions.csv
ACSIncome,Qwen--Qwen2.5-7B-Instruct,1,0,0.5,0.6321237608891559,3174297576,10,text,:,original,rand 1,results/folktexts/10-variations/model-Qwen--Qwen2.5-7B-Instruct/Qwen--Qwen2.5-7B-Instruct_task-ACSIncome/Qwen--Qwen2.5-7B-Instruct_bench-3174297576/results.bench-3174297576.json,results/folktexts/10-variations/model-Qwen--Qwen2.5-7B-Instruct/Qwen--Qwen2.5-7B-Instruct_task-ACSIncome/Qwen--Qwen2.5-7B-Instruct_bench-3174297576/ACSIncome_full_seed-42_hash-1998608642.test_predictions.csv
ACSIncome,Qwen--Qwen2.5-7B-Instruct,1,0,0.5,0.6321237608891559,3121652821,10,text,=,original, reversed,results/folktexts/10-variations/model-Qwen--Qwen2.5-7B-Instruct/Qwen--Qwen2.5-7B-Instruct_task-ACSIncome/Qwen--Qwen2.5-7B-Instruct_bench-3121652821/results.bench-3121652821.json,results/folktexts/10-variations/model-Qwen--Qwen2.5-7B-Instruct/Qwen--Qwen2.5-7B-Instruct_task-ACSIncome/Qwen--Qwen2.5-7B-Instruct_bench-3121652821/ACSIncome_full_seed-42_hash-1998608642.test_predictions.csv
ACSIncome,Qwen--Qwen2.5-7B-Instruct,1,0,0.5,0.6321237608891559,696062454,10,text,:,original,rand 3,results/folktexts/10-variations/model-Qwen--Qwen2.5-7B-Instruct/Qwen--Qwen2.5-7B-Instruct_task-ACSIncome/Qwen--Qwen2.5-7B-Instruct_bench-696062454/results.bench-696062454.json,results/folktexts/10-variations/model-Qwen--Qwen2.5-7B-Instruct/Qwen--Qwen2.5-7B-Instruct_task-ACSIncome/Qwen--Qwen2.5-7B-Instruct_bench-696062454/ACSIncome_full_seed-42_hash-1998608642.test_predictions.csv
ACSIncome,Qwen--Qwen2.5-7B-Instruct,1,0,0.5,0.6321237608891559,2056259520,10,bullet,:,original,rand 3,results/folktexts/10-variations/model-Qwen--Qwen2.5-7B-Instruct/Qwen--Qwen2.5-7B-Instruct_task-ACSIncome/Qwen--Qwen2.5-7B-Instruct_bench-2056259520/results.bench-2056259520.json,results/folktexts/10-variations/model-Qwen--Qwen2.5-7B-Instruct/Qwen--Qwen2.5-7B-Instruct_task-ACSIncome/Qwen--Qwen2.5-7B-Instruct_bench-2056259520/ACSIncome_full_seed-42_hash-1998608642.test_predictions.csv
ACSIncome,Qwen--Qwen2.5-7B-Instruct,1,0,0.5,0.6321237608891559,2126115061,10,comma,=,original, reversed,results/folktexts/10-variations/model-Qwen--Qwen2.5-7B-Instruct/Qwen--Qwen2.5-7B-Instruct_task-ACSIncome/Qwen--Qwen2.5-7B-Instruct_bench-2126115061/results.bench-2126115061.json,results/folktexts/10-variations/model-Qwen--Qwen2.5-7B-Instruct/Qwen--Qwen2.5-7B-Instruct_task-ACSIncome/Qwen--Qwen2.5-7B-Instruct_bench-2126115061/ACSIncome_full_seed-42_hash-1998608642.test_predictions.csv
ACSIncome,Qwen--Qwen2.5-7B-Instruct,1,0,0.5,0.6321237608891559,3989230262,10,bullet,=,low,rand 2,results/folktexts/10-variations/model-Qwen--Qwen2.5-7B-Instruct/Qwen--Qwen2.5-7B-Instruct_task-ACSIncome/Qwen--Qwen2.5-7B-Instruct_bench-3989230262/results.bench-3989230262.json,results/folktexts/10-variations/model-Qwen--Qwen2.5-7B-Instruct/Qwen--Qwen2.5-7B-Instruct_task-ACSIncome/Qwen--Qwen2.5-7B-Instruct_bench-3989230262/ACSIncome_full_seed-42_hash-1998608642.test_predictions.csv
ACSIncome,Qwen--Qwen2.5-7B-Instruct,1,0,0.5,0.6321237608891559,1282290409,10,comma,=,low,default,results/folktexts/10-variations/model-Qwen--Qwen2.5-7B-Instruct/Qwen--Qwen2.5-7B-Instruct_task-ACSIncome/Qwen--Qwen2.5-7B-Instruct_bench-1282290409/results.bench-1282290409.json,results/folktexts/10-variations/model-Qwen--Qwen2.5-7B-Instruct/Qwen--Qwen2.5-7B-Instruct_task-ACSIncome/Qwen--Qwen2.5-7B-Instruct_bench-1282290409/ACSIncome_full_seed-42_hash-1998608642.test_predictions.csv
ACSIncome,Qwen--Qwen2.5-7B-Instruct,1,0,0.5,0.6321237608891559,3221045717,10,text,=,original,rand 1,results/folktexts/10-variations/model-Qwen--Qwen2.5-7B-Instruct/Qwen--Qwen2.5-7B-Instruct_task-ACSIncome/Qwen--Qwen2.5-7B-Instruct_bench-3221045717/results.bench-3221045717.json,results/folktexts/10-variations/model-Qwen--Qwen2.5-7B-Instruct/Qwen--Qwen2.5-7B-Instruct_task-ACSIncome/Qwen--Qwen2.5-7B-Instruct_bench-3221045717/ACSIncome_full_seed-42_hash-1998608642.test_predictions.csv
ACSIncome,Qwen--Qwen2.5-7B-Instruct,1,0,0.5,0.6321237608891559,1048916538,10,comma,=,low, reversed,results/folktexts/10-variations/model-Qwen--Qwen2.5-7B-Instruct/Qwen--Qwen2.5-7B-Instruct_task-ACSIncome/Qwen--Qwen2.5-7B-Instruct_bench-1048916538/results.bench-1048916538.json,results/folktexts/10-variations/model-Qwen--Qwen2.5-7B-Instruct/Qwen--Qwen2.5-7B-Instruct_task-ACSIncome/Qwen--Qwen2.5-7B-Instruct_bench-1048916538/ACSIncome_full_seed-42_hash-1998608642.test_predictions.csv
ACSIncome,Qwen--Qwen2.5-7B-Instruct,1,0,0.5,0.6321237608891559,628187678,10,bullet,=,low,rand 3,results/folktexts/10-variations/model-Qwen--Qwen2.5-7B-Instruct/Qwen--Qwen2.5-7B-Instruct_task-ACSIncome/Qwen--Qwen2.5-7B-Instruct_bench-628187678/results.bench-628187678.json,results/folktexts/10-variations/model-Qwen--Qwen2.5-7B-Instruct/Qwen--Qwen2.5-7B-Instruct_task-ACSIncome/Qwen--Qwen2.5-7B-Instruct_bench-628187678/ACSIncome_full_seed-42_hash-1998608642.test_predictions.csv
ACSIncome,Qwen--Qwen2.5-7B-Instruct,1,0,0.5,0.6321237608891559,2889977692,10,bullet,=,original,rand 2,results/folktexts/10-variations/model-Qwen--Qwen2.5-7B-Instruct/Qwen--Qwen2.5-7B-Instruct_task-ACSIncome/Qwen--Qwen2.5-7B-Instruct_bench-2889977692/results.bench-2889977692.json,results/folktexts/10-variations/model-Qwen--Qwen2.5-7B-Instruct/Qwen--Qwen2.5-7B-Instruct_task-ACSIncome/Qwen--Qwen2.5-7B-Instruct_bench-2889977692/ACSIncome_full_seed-42_hash-1998608642.test_predictions.csv
ACSIncome,Qwen--Qwen2.5-7B-Instruct,1,0,0.5,0.6321237608891559,728823140,10,text,is,original,default,results/folktexts/10-variations/model-Qwen--Qwen2.5-7B-Instruct/Qwen--Qwen2.5-7B-Instruct_task-ACSIncome/Qwen--Qwen2.5-7B-Instruct_bench-728823140/results.bench-728823140.json,results/folktexts/10-variations/model-Qwen--Qwen2.5-7B-Instruct/Qwen--Qwen2.5-7B-Instruct_task-ACSIncome/Qwen--Qwen2.5-7B-Instruct_bench-728823140/ACSIncome_full_seed-42_hash-1998608642.test_predictions.csv
ACSIncome,Qwen--Qwen2.5-7B-Instruct,1,0,0.5,0.6321237608891559,1923213952,10,comma,is,low, reversed,results/folktexts/10-variations/model-Qwen--Qwen2.5-7B-Instruct/Qwen--Qwen2.5-7B-Instruct_task-ACSIncome/Qwen--Qwen2.5-7B-Instruct_bench-1923213952/results.bench-1923213952.json,results/folktexts/10-variations/model-Qwen--Qwen2.5-7B-Instruct/Qwen--Qwen2.5-7B-Instruct_task-ACSIncome/Qwen--Qwen2.5-7B-Instruct_bench-1923213952/ACSIncome_full_seed-42_hash-1998608642.test_predictions.csv
ACSIncome,Qwen--Qwen2.5-7B-Instruct,1,0,0.5,0.6321237608891559,2894494214,10,comma,is,original,rand 2,results/folktexts/10-variations/model-Qwen--Qwen2.5-7B-Instruct/Qwen--Qwen2.5-7B-Instruct_task-ACSIncome/Qwen--Qwen2.5-7B-Instruct_bench-2894494214/results.bench-2894494214.json,results/folktexts/10-variations/model-Qwen--Qwen2.5-7B-Instruct/Qwen--Qwen2.5-7B-Instruct_task-ACSIncome/Qwen--Qwen2.5-7B-Instruct_bench-2894494214/ACSIncome_full_seed-42_hash-1998608642.test_predictions.csv
ACSIncome,Qwen--Qwen2.5-7B-Instruct,1,0,0.5,0.6321237608891559,1493836335,10,text,is,low,rand 1,results/folktexts/10-variations/model-Qwen--Qwen2.5-7B-Instruct/Qwen--Qwen2.5-7B-Instruct_task-ACSIncome/Qwen--Qwen2.5-7B-Instruct_bench-1493836335/results.bench-1493836335.json,results/folktexts/10-variations/model-Qwen--Qwen2.5-7B-Instruct/Qwen--Qwen2.5-7B-Instruct_task-ACSIncome/Qwen--Qwen2.5-7B-Instruct_bench-1493836335/ACSIncome_full_seed-42_hash-1998608642.test_predictions.csv
ACSIncome,Qwen--Qwen2.5-7B-Instruct,1,0,0.5,0.6321237608891559,1655931556,10,text,is,original,rand 1,results/folktexts/10-variations/model-Qwen--Qwen2.5-7B-Instruct/Qwen--Qwen2.5-7B-Instruct_task-ACSIncome/Qwen--Qwen2.5-7B-Instruct_bench-1655931556/results.bench-1655931556.json,results/folktexts/10-variations/model-Qwen--Qwen2.5-7B-Instruct/Qwen--Qwen2.5-7B-Instruct_task-ACSIncome/Qwen--Qwen2.5-7B-Instruct_bench-1655931556/ACSIncome_full_seed-42_hash-1998608642.test_predictions.csv
ACSIncome,Qwen--Qwen2.5-7B-Instruct,1,0,0.5,0.6321237608891559,2485817043,10,text,:,low,rand 3,results/folktexts/10-variations/model-Qwen--Qwen2.5-7B-Instruct/Qwen--Qwen2.5-7B-Instruct_task-ACSIncome/Qwen--Qwen2.5-7B-Instruct_bench-2485817043/results.bench-2485817043.json,results/folktexts/10-variations/model-Qwen--Qwen2.5-7B-Instruct/Qwen--Qwen2.5-7B-Instruct_task-ACSIncome/Qwen--Qwen2.5-7B-Instruct_bench-2485817043/ACSIncome_full_seed-42_hash-1998608642.test_predictions.csv
ACSIncome,Qwen--Qwen2.5-7B-Instruct,1,0,0.5,0.6321237608891559,3822439617,10,comma,:,low,rand 2,results/folktexts/10-variations/model-Qwen--Qwen2.5-7B-Instruct/Qwen--Qwen2.5-7B-Instruct_task-ACSIncome/Qwen--Qwen2.5-7B-Instruct_bench-3822439617/results.bench-3822439617.json,results/folktexts/10-variations/model-Qwen--Qwen2.5-7B-Instruct/Qwen--Qwen2.5-7B-Instruct_task-ACSIncome/Qwen--Qwen2.5-7B-Instruct_bench-3822439617/ACSIncome_full_seed-42_hash-1998608642.test_predictions.csv
ACSIncome,Qwen--Qwen2.5-7B-Instruct,1,0,0.5,0.6321237608891559,3006982165,10,text,=,low,rand 2,results/folktexts/10-variations/model-Qwen--Qwen2.5-7B-Instruct/Qwen--Qwen2.5-7B-Instruct_task-ACSIncome/Qwen--Qwen2.5-7B-Instruct_bench-3006982165/results.bench-3006982165.json,results/folktexts/10-variations/model-Qwen--Qwen2.5-7B-Instruct/Qwen--Qwen2.5-7B-Instruct_task-ACSIncome/Qwen--Qwen2.5-7B-Instruct_bench-3006982165/ACSIncome_full_seed-42_hash-1998608642.test_predictions.csv
ACSIncome,Qwen--Qwen2.5-7B-Instruct,1,0,0.5,0.6321237608891559,2576377286,10,bullet,=,low,rand 1,results/folktexts/10-variations/model-Qwen--Qwen2.5-7B-Instruct/Qwen--Qwen2.5-7B-Instruct_task-ACSIncome/Qwen--Qwen2.5-7B-Instruct_bench-2576377286/results.bench-2576377286.json,results/folktexts/10-variations/model-Qwen--Qwen2.5-7B-Instruct/Qwen--Qwen2.5-7B-Instruct_task-ACSIncome/Qwen--Qwen2.5-7B-Instruct_bench-2576377286/ACSIncome_full_seed-42_hash-1998608642.test_predictions.csv
ACSIncome,Qwen--Qwen2.5-7B-Instruct,1,0,0.5,0.6321237608891559,3055012266,10,comma,:,low, reversed,results/folktexts/10-variations/model-Qwen--Qwen2.5-7B-Instruct/Qwen--Qwen2.5-7B-Instruct_task-ACSIncome/Qwen--Qwen2.5-7B-Instruct_bench-3055012266/results.bench-3055012266.json,results/folktexts/10-variations/model-Qwen--Qwen2.5-7B-Instruct/Qwen--Qwen2.5-7B-Instruct_task-ACSIncome/Qwen--Qwen2.5-7B-Instruct_bench-3055012266/ACSIncome_full_seed-42_hash-1998608642.test_predictions.csv
ACSIncome,Qwen--Qwen2.5-7B-Instruct,1,0,0.5,0.6321237608891559,874445465,10,bullet,is,original,rand 2,results/folktexts/10-variations/model-Qwen--Qwen2.5-7B-Instruct/Qwen--Qwen2.5-7B-Instruct_task-ACSIncome/Qwen--Qwen2.5-7B-Instruct_bench-874445465/results.bench-874445465.json,results/folktexts/10-variations/model-Qwen--Qwen2.5-7B-Instruct/Qwen--Qwen2.5-7B-Instruct_task-ACSIncome/Qwen--Qwen2.5-7B-Instruct_bench-874445465/ACSIncome_full_seed-42_hash-1998608642.test_predictions.csv
ACSIncome,Qwen--Qwen2.5-7B-Instruct,1,0,0.5,0.6321237608891559,850197945,10,comma,is,low,rand 1,results/folktexts/10-variations/model-Qwen--Qwen2.5-7B-Instruct/Qwen--Qwen2.5-7B-Instruct_task-ACSIncome/Qwen--Qwen2.5-7B-Instruct_bench-850197945/results.bench-850197945.json,results/folktexts/10-variations/model-Qwen--Qwen2.5-7B-Instruct/Qwen--Qwen2.5-7B-Instruct_task-ACSIncome/Qwen--Qwen2.5-7B-Instruct_bench-850197945/ACSIncome_full_seed-42_hash-1998608642.test_predictions.csv
ACSIncome,Qwen--Qwen2.5-7B-Instruct,1,0,0.5,0.6321237608891559,1716140087,10,comma,:,original,rand 1,results/folktexts/10-variations/model-Qwen--Qwen2.5-7B-Instruct/Qwen--Qwen2.5-7B-Instruct_task-ACSIncome/Qwen--Qwen2.5-7B-Instruct_bench-1716140087/results.bench-1716140087.json,results/folktexts/10-variations/model-Qwen--Qwen2.5-7B-Instruct/Qwen--Qwen2.5-7B-Instruct_task-ACSIncome/Qwen--Qwen2.5-7B-Instruct_bench-1716140087/ACSIncome_full_seed-42_hash-1998608642.test_predictions.csv
ACSIncome,Qwen--Qwen2.5-7B-Instruct,1,0,0.5,0.6321237608891559,2171238852,10,text,:,original,default,results/folktexts/10-variations/model-Qwen--Qwen2.5-7B-Instruct/Qwen--Qwen2.5-7B-Instruct_task-ACSIncome/Qwen--Qwen2.5-7B-Instruct_bench-2171238852/results.bench-2171238852.json,results/folktexts/10-variations/model-Qwen--Qwen2.5-7B-Instruct/Qwen--Qwen2.5-7B-Instruct_task-ACSIncome/Qwen--Qwen2.5-7B-Instruct_bench-2171238852/ACSIncome_full_seed-42_hash-1998608642.test_predictions.csv
ACSIncome,Qwen--Qwen2.5-7B-Instruct,1,0,0.5,0.6321237608891559,4224529085,10,bullet,:,low,default,results/folktexts/10-variations/model-Qwen--Qwen2.5-7B-Instruct/Qwen--Qwen2.5-7B-Instruct_task-ACSIncome/Qwen--Qwen2.5-7B-Instruct_bench-4224529085/results.bench-4224529085.json,results/folktexts/10-variations/model-Qwen--Qwen2.5-7B-Instruct/Qwen--Qwen2.5-7B-Instruct_task-ACSIncome/Qwen--Qwen2.5-7B-Instruct_bench-4224529085/ACSIncome_full_seed-42_hash-1998608642.test_predictions.csv
ACSIncome,Qwen--Qwen2.5-7B-Instruct,1,0,0.5,0.6321237608891559,968226271,10,text,=,low,rand 3,results/folktexts/10-variations/model-Qwen--Qwen2.5-7B-Instruct/Qwen--Qwen2.5-7B-Instruct_task-ACSIncome/Qwen--Qwen2.5-7B-Instruct_bench-968226271/results.bench-968226271.json,results/folktexts/10-variations/model-Qwen--Qwen2.5-7B-Instruct/Qwen--Qwen2.5-7B-Instruct_task-ACSIncome/Qwen--Qwen2.5-7B-Instruct_bench-968226271/ACSIncome_full_seed-42_hash-1998608642.test_predictions.csv
ACSIncome,Qwen--Qwen2.5-7B-Instruct,1,0,0.5,0.6321237608891559,2540686772,10,bullet,=,low,default,results/folktexts/10-variations/model-Qwen--Qwen2.5-7B-Instruct/Qwen--Qwen2.5-7B-Instruct_task-ACSIncome/Qwen--Qwen2.5-7B-Instruct_bench-2540686772/results.bench-2540686772.json,results/folktexts/10-variations/model-Qwen--Qwen2.5-7B-Instruct/Qwen--Qwen2.5-7B-Instruct_task-ACSIncome/Qwen--Qwen2.5-7B-Instruct_bench-2540686772/ACSIncome_full_seed-42_hash-1998608642.test_predictions.csv
ACSIncome,Qwen--Qwen2.5-7B-Instruct,1,0,0.5,0.6321237608891559,3266439306,10,comma,is,original,default,results/folktexts/10-variations/model-Qwen--Qwen2.5-7B-Instruct/Qwen--Qwen2.5-7B-Instruct_task-ACSIncome/Qwen--Qwen2.5-7B-Instruct_bench-3266439306/results.bench-3266439306.json,results/folktexts/10-variations/model-Qwen--Qwen2.5-7B-Instruct/Qwen--Qwen2.5-7B-Instruct_task-ACSIncome/Qwen--Qwen2.5-7B-Instruct_bench-3266439306/ACSIncome_full_seed-42_hash-1998608642.test_predictions.csv
ACSIncome,Qwen--Qwen2.5-7B-Instruct,1,0,0.5,0.6321237608891559,665000010,10,comma,is,original, reversed,results/folktexts/10-variations/model-Qwen--Qwen2.5-7B-Instruct/Qwen--Qwen2.5-7B-Instruct_task-ACSIncome/Qwen--Qwen2.5-7B-Instruct_bench-665000010/results.bench-665000010.json,results/folktexts/10-variations/model-Qwen--Qwen2.5-7B-Instruct/Qwen--Qwen2.5-7B-Instruct_task-ACSIncome/Qwen--Qwen2.5-7B-Instruct_bench-665000010/ACSIncome_full_seed-42_hash-1998608642.test_predictions.csv
ACSIncome,Qwen--Qwen2.5-7B-Instruct,1,0,0.5,0.6321237608891559,1370308169,10,comma,is,low,rand 3,results/folktexts/10-variations/model-Qwen--Qwen2.5-7B-Instruct/Qwen--Qwen2.5-7B-Instruct_task-ACSIncome/Qwen--Qwen2.5-7B-Instruct_bench-1370308169/results.bench-1370308169.json,results/folktexts/10-variations/model-Qwen--Qwen2.5-7B-Instruct/Qwen--Qwen2.5-7B-Instruct_task-ACSIncome/Qwen--Qwen2.5-7B-Instruct_bench-1370308169/ACSIncome_full_seed-42_hash-1998608642.test_predictions.csv
ACSIncome,Qwen--Qwen2.5-7B-Instruct,1,0,0.5,0.6321237608891559,3712426907,10,comma,is,original,rand 3,results/folktexts/10-variations/model-Qwen--Qwen2.5-7B-Instruct/Qwen--Qwen2.5-7B-Instruct_task-ACSIncome/Qwen--Qwen2.5-7B-Instruct_bench-3712426907/results.bench-3712426907.json,results/folktexts/10-variations/model-Qwen--Qwen2.5-7B-Instruct/Qwen--Qwen2.5-7B-Instruct_task-ACSIncome/Qwen--Qwen2.5-7B-Instruct_bench-3712426907/ACSIncome_full_seed-42_hash-1998608642.test_predictions.csv
ACSIncome,Qwen--Qwen2.5-7B-Instruct,1,0,0.5,0.6321237608891559,3498745206,10,bullet,=,original,default,results/folktexts/10-variations/model-Qwen--Qwen2.5-7B-Instruct/Qwen--Qwen2.5-7B-Instruct_task-ACSIncome/Qwen--Qwen2.5-7B-Instruct_bench-3498745206/results.bench-3498745206.json,results/folktexts/10-variations/model-Qwen--Qwen2.5-7B-Instruct/Qwen--Qwen2.5-7B-Instruct_task-ACSIncome/Qwen--Qwen2.5-7B-Instruct_bench-3498745206/ACSIncome_full_seed-42_hash-1998608642.test_predictions.csv
ACSIncome,Qwen--Qwen2.5-7B-Instruct,1,0,0.5,0.6321237608891559,2605182670,10,comma,:,original,rand 3,results/folktexts/10-variations/model-Qwen--Qwen2.5-7B-Instruct/Qwen--Qwen2.5-7B-Instruct_task-ACSIncome/Qwen--Qwen2.5-7B-Instruct_bench-2605182670/results.bench-2605182670.json,results/folktexts/10-variations/model-Qwen--Qwen2.5-7B-Instruct/Qwen--Qwen2.5-7B-Instruct_task-ACSIncome/Qwen--Qwen2.5-7B-Instruct_bench-2605182670/ACSIncome_full_seed-42_hash-1998608642.test_predictions.csv
ACSIncome,Qwen--Qwen2.5-7B-Instruct,1,0,0.5,0.6321237608891559,3036550651,10,bullet,:,low,rand 1,results/folktexts/10-variations/model-Qwen--Qwen2.5-7B-Instruct/Qwen--Qwen2.5-7B-Instruct_task-ACSIncome/Qwen--Qwen2.5-7B-Instruct_bench-3036550651/results.bench-3036550651.json,results/folktexts/10-variations/model-Qwen--Qwen2.5-7B-Instruct/Qwen--Qwen2.5-7B-Instruct_task-ACSIncome/Qwen--Qwen2.5-7B-Instruct_bench-3036550651/ACSIncome_full_seed-42_hash-1998608642.test_predictions.csv
ACSIncome,Qwen--Qwen2.5-7B-Instruct,1,0,0.5,0.6321237608891559,1095975664,10,text,:,low, reversed,results/folktexts/10-variations/model-Qwen--Qwen2.5-7B-Instruct/Qwen--Qwen2.5-7B-Instruct_task-ACSIncome/Qwen--Qwen2.5-7B-Instruct_bench-1095975664/results.bench-1095975664.json,results/folktexts/10-variations/model-Qwen--Qwen2.5-7B-Instruct/Qwen--Qwen2.5-7B-Instruct_task-ACSIncome/Qwen--Qwen2.5-7B-Instruct_bench-1095975664/ACSIncome_full_seed-42_hash-1998608642.test_predictions.csv
ACSIncome,Qwen--Qwen2.5-7B-Instruct,1,0,0.5,0.6321237608891559,932591279,10,comma,=,original,default,results/folktexts/10-variations/model-Qwen--Qwen2.5-7B-Instruct/Qwen--Qwen2.5-7B-Instruct_task-ACSIncome/Qwen--Qwen2.5-7B-Instruct_bench-932591279/results.bench-932591279.json,results/folktexts/10-variations/model-Qwen--Qwen2.5-7B-Instruct/Qwen--Qwen2.5-7B-Instruct_task-ACSIncome/Qwen--Qwen2.5-7B-Instruct_bench-932591279/ACSIncome_full_seed-42_hash-1998608642.test_predictions.csv
ACSIncome,Qwen--Qwen2.5-7B-Instruct,1,0,0.5,0.6321237608891559,2317368224,10,text,=,original,default,results/folktexts/10-variations/model-Qwen--Qwen2.5-7B-Instruct/Qwen--Qwen2.5-7B-Instruct_task-ACSIncome/Qwen--Qwen2.5-7B-Instruct_bench-2317368224/results.bench-2317368224.json,results/folktexts/10-variations/model-Qwen--Qwen2.5-7B-Instruct/Qwen--Qwen2.5-7B-Instruct_task-ACSIncome/Qwen--Qwen2.5-7B-Instruct_bench-2317368224/ACSIncome_full_seed-42_hash-1998608642.test_predictions.csv
ACSIncome,Qwen--Qwen2.5-7B-Instruct,1,0,0.5,0.6321237608891559,4227707703,10,text,:,low,rand 2,results/folktexts/10-variations/model-Qwen--Qwen2.5-7B-Instruct/Qwen--Qwen2.5-7B-Instruct_task-ACSIncome/Qwen--Qwen2.5-7B-Instruct_bench-4227707703/results.bench-4227707703.json,results/folktexts/10-variations/model-Qwen--Qwen2.5-7B-Instruct/Qwen--Qwen2.5-7B-Instruct_task-ACSIncome/Qwen--Qwen2.5-7B-Instruct_bench-4227707703/ACSIncome_full_seed-42_hash-1998608642.test_predictions.csv
ACSIncome,Qwen--Qwen2.5-7B-Instruct,1,0,0.5,0.6321237608891559,2831582610,10,bullet,=,original,rand 3,results/folktexts/10-variations/model-Qwen--Qwen2.5-7B-Instruct/Qwen--Qwen2.5-7B-Instruct_task-ACSIncome/Qwen--Qwen2.5-7B-Instruct_bench-2831582610/results.bench-2831582610.json,results/folktexts/10-variations/model-Qwen--Qwen2.5-7B-Instruct/Qwen--Qwen2.5-7B-Instruct_task-ACSIncome/Qwen--Qwen2.5-7B-Instruct_bench-2831582610/ACSIncome_full_seed-42_hash-1998608642.test_predictions.csv
ACSIncome,Qwen--Qwen2.5-7B-Instruct,1,0,0.5,0.6321237608891559,816370737,10,text,=,low,default,results/folktexts/10-variations/model-Qwen--Qwen2.5-7B-Instruct/Qwen--Qwen2.5-7B-Instruct_task-ACSIncome/Qwen--Qwen2.5-7B-Instruct_bench-816370737/results.bench-816370737.json,results/folktexts/10-variations/model-Qwen--Qwen2.5-7B-Instruct/Qwen--Qwen2.5-7B-Instruct_task-ACSIncome/Qwen--Qwen2.5-7B-Instruct_bench-816370737/ACSIncome_full_seed-42_hash-1998608642.test_predictions.csv
ACSIncome,Qwen--Qwen2.5-7B-Instruct,1,0,0.5,0.6321237608891559,2375914964,10,comma,:,low,rand 3,results/folktexts/10-variations/model-Qwen--Qwen2.5-7B-Instruct/Qwen--Qwen2.5-7B-Instruct_task-ACSIncome/Qwen--Qwen2.5-7B-Instruct_bench-2375914964/results.bench-2375914964.json,results/folktexts/10-variations/model-Qwen--Qwen2.5-7B-Instruct/Qwen--Qwen2.5-7B-Instruct_task-ACSIncome/Qwen--Qwen2.5-7B-Instruct_bench-2375914964/ACSIncome_full_seed-42_hash-1998608642.test_predictions.csv
ACSIncome,Qwen--Qwen2.5-7B-Instruct,1,0,0.5,0.6321237608891559,1831959907,10,comma,is,low,default,results/folktexts/10-variations/model-Qwen--Qwen2.5-7B-Instruct/Qwen--Qwen2.5-7B-Instruct_task-ACSIncome/Qwen--Qwen2.5-7B-Instruct_bench-1831959907/results.bench-1831959907.json,results/folktexts/10-variations/model-Qwen--Qwen2.5-7B-Instruct/Qwen--Qwen2.5-7B-Instruct_task-ACSIncome/Qwen--Qwen2.5-7B-Instruct_bench-1831959907/ACSIncome_full_seed-42_hash-1998608642.test_predictions.csv
ACSIncome,Qwen--Qwen2.5-7B-Instruct,1,0,0.5,0.6321237608891559,4144294063,10,bullet,=,original,rand 1,results/folktexts/10-variations/model-Qwen--Qwen2.5-7B-Instruct/Qwen--Qwen2.5-7B-Instruct_task-ACSIncome/Qwen--Qwen2.5-7B-Instruct_bench-4144294063/results.bench-4144294063.json,results/folktexts/10-variations/model-Qwen--Qwen2.5-7B-Instruct/Qwen--Qwen2.5-7B-Instruct_task-ACSIncome/Qwen--Qwen2.5-7B-Instruct_bench-4144294063/ACSIncome_full_seed-42_hash-1998608642.test_predictions.csv
ACSIncome,Qwen--Qwen2.5-7B-Instruct,1,0,0.5,0.6321237608891559,697939528,10,text,is,original,rand 3,results/folktexts/10-variations/model-Qwen--Qwen2.5-7B-Instruct/Qwen--Qwen2.5-7B-Instruct_task-ACSIncome/Qwen--Qwen2.5-7B-Instruct_bench-697939528/results.bench-697939528.json,results/folktexts/10-variations/model-Qwen--Qwen2.5-7B-Instruct/Qwen--Qwen2.5-7B-Instruct_task-ACSIncome/Qwen--Qwen2.5-7B-Instruct_bench-697939528/ACSIncome_full_seed-42_hash-1998608642.test_predictions.csv
ACSIncome,Qwen--Qwen2.5-7B-Instruct,1,0,0.5,0.6321237608891559,2776535883,10,text,:,low,rand 1,results/folktexts/10-variations/model-Qwen--Qwen2.5-7B-Instruct/Qwen--Qwen2.5-7B-Instruct_task-ACSIncome/Qwen--Qwen2.5-7B-Instruct_bench-2776535883/results.bench-2776535883.json,results/folktexts/10-variations/model-Qwen--Qwen2.5-7B-Instruct/Qwen--Qwen2.5-7B-Instruct_task-ACSIncome/Qwen--Qwen2.5-7B-Instruct_bench-2776535883/ACSIncome_full_seed-42_hash-1998608642.test_predictions.csv
ACSIncome,Qwen--Qwen2.5-7B-Instruct,1,0,0.5,0.6321237608891559,3354771351,10,bullet,is,low,default,results/folktexts/10-variations/model-Qwen--Qwen2.5-7B-Instruct/Qwen--Qwen2.5-7B-Instruct_task-ACSIncome/Qwen--Qwen2.5-7B-Instruct_bench-3354771351/results.bench-3354771351.json,results/folktexts/10-variations/model-Qwen--Qwen2.5-7B-Instruct/Qwen--Qwen2.5-7B-Instruct_task-ACSIncome/Qwen--Qwen2.5-7B-Instruct_bench-3354771351/ACSIncome_full_seed-42_hash-1998608642.test_predictions.csv
ACSIncome,Qwen--Qwen2.5-7B-Instruct,1,0,0.5,0.6321237608891559,1785082463,10,comma,:,original,default,results/folktexts/10-variations/model-Qwen--Qwen2.5-7B-Instruct/Qwen--Qwen2.5-7B-Instruct_task-ACSIncome/Qwen--Qwen2.5-7B-Instruct_bench-1785082463/results.bench-1785082463.json,results/folktexts/10-variations/model-Qwen--Qwen2.5-7B-Instruct/Qwen--Qwen2.5-7B-Instruct_task-ACSIncome/Qwen--Qwen2.5-7B-Instruct_bench-1785082463/ACSIncome_full_seed-42_hash-1998608642.test_predictions.csv
ACSIncome,Qwen--Qwen2.5-7B-Instruct,1,0,0.5,0.6321237608891559,403943199,10,bullet,:,low,rand 2,results/folktexts/10-variations/model-Qwen--Qwen2.5-7B-Instruct/Qwen--Qwen2.5-7B-Instruct_task-ACSIncome/Qwen--Qwen2.5-7B-Instruct_bench-403943199/results.bench-403943199.json,results/folktexts/10-variations/model-Qwen--Qwen2.5-7B-Instruct/Qwen--Qwen2.5-7B-Instruct_task-ACSIncome/Qwen--Qwen2.5-7B-Instruct_bench-403943199/ACSIncome_full_seed-42_hash-1998608642.test_predictions.csv
ACSIncome,Qwen--Qwen2.5-7B-Instruct,1,0,0.5,0.6321237608891559,725227994,10,comma,:,low,rand 1,results/folktexts/10-variations/model-Qwen--Qwen2.5-7B-Instruct/Qwen--Qwen2.5-7B-Instruct_task-ACSIncome/Qwen--Qwen2.5-7B-Instruct_bench-725227994/results.bench-725227994.json,results/folktexts/10-variations/model-Qwen--Qwen2.5-7B-Instruct/Qwen--Qwen2.5-7B-Instruct_task-ACSIncome/Qwen--Qwen2.5-7B-Instruct_bench-725227994/ACSIncome_full_seed-42_hash-1998608642.test_predictions.csv
ACSIncome,Qwen--Qwen2.5-7B-Instruct,1,0,0.5,0.6321237608891559,1951313586,10,bullet,:,low, reversed,results/folktexts/10-variations/model-Qwen--Qwen2.5-7B-Instruct/Qwen--Qwen2.5-7B-Instruct_task-ACSIncome/Qwen--Qwen2.5-7B-Instruct_bench-1951313586/results.bench-1951313586.json,results/folktexts/10-variations/model-Qwen--Qwen2.5-7B-Instruct/Qwen--Qwen2.5-7B-Instruct_task-ACSIncome/Qwen--Qwen2.5-7B-Instruct_bench-1951313586/ACSIncome_full_seed-42_hash-1998608642.test_predictions.csv
ACSIncome,Qwen--Qwen2.5-7B-Instruct,1,0,0.5,0.6321237608891559,2148292817,10,bullet,is,original,default,results/folktexts/10-variations/model-Qwen--Qwen2.5-7B-Instruct/Qwen--Qwen2.5-7B-Instruct_task-ACSIncome/Qwen--Qwen2.5-7B-Instruct_bench-2148292817/results.bench-2148292817.json,results/folktexts/10-variations/model-Qwen--Qwen2.5-7B-Instruct/Qwen--Qwen2.5-7B-Instruct_task-ACSIncome/Qwen--Qwen2.5-7B-Instruct_bench-2148292817/ACSIncome_full_seed-42_hash-1998608642.test_predictions.csv
ACSIncome,Qwen--Qwen2.5-7B-Instruct,1,0,0.5,0.6321237608891559,2523448207,10,bullet,:,original,rand 1,results/folktexts/10-variations/model-Qwen--Qwen2.5-7B-Instruct/Qwen--Qwen2.5-7B-Instruct_task-ACSIncome/Qwen--Qwen2.5-7B-Instruct_bench-2523448207/results.bench-2523448207.json,results/folktexts/10-variations/model-Qwen--Qwen2.5-7B-Instruct/Qwen--Qwen2.5-7B-Instruct_task-ACSIncome/Qwen--Qwen2.5-7B-Instruct_bench-2523448207/ACSIncome_full_seed-42_hash-1998608642.test_predictions.csv
ACSIncome,Qwen--Qwen2.5-7B-Instruct,1,0,0.5,0.6321237608891559,1654079828,10,text,:,original, reversed,results/folktexts/10-variations/model-Qwen--Qwen2.5-7B-Instruct/Qwen--Qwen2.5-7B-Instruct_task-ACSIncome/Qwen--Qwen2.5-7B-Instruct_bench-1654079828/results.bench-1654079828.json,results/folktexts/10-variations/model-Qwen--Qwen2.5-7B-Instruct/Qwen--Qwen2.5-7B-Instruct_task-ACSIncome/Qwen--Qwen2.5-7B-Instruct_bench-1654079828/ACSIncome_full_seed-42_hash-1998608642.test_predictions.csv
ACSIncome,Qwen--Qwen2.5-7B-Instruct,1,0,0.5,0.6321237608891559,3749531109,10,text,=,original,rand 3,results/folktexts/10-variations/model-Qwen--Qwen2.5-7B-Instruct/Qwen--Qwen2.5-7B-Instruct_task-ACSIncome/Qwen--Qwen2.5-7B-Instruct_bench-3749531109/results.bench-3749531109.json,results/folktexts/10-variations/model-Qwen--Qwen2.5-7B-Instruct/Qwen--Qwen2.5-7B-Instruct_task-ACSIncome/Qwen--Qwen2.5-7B-Instruct_bench-3749531109/ACSIncome_full_seed-42_hash-1998608642.test_predictions.csv
ACSIncome,Qwen--Qwen2.5-7B-Instruct,1,0,0.5,0.6321237608891559,346020776,10,comma,is,low,rand 2,results/folktexts/10-variations/model-Qwen--Qwen2.5-7B-Instruct/Qwen--Qwen2.5-7B-Instruct_task-ACSIncome/Qwen--Qwen2.5-7B-Instruct_bench-346020776/results.bench-346020776.json,results/folktexts/10-variations/model-Qwen--Qwen2.5-7B-Instruct/Qwen--Qwen2.5-7B-Instruct_task-ACSIncome/Qwen--Qwen2.5-7B-Instruct_bench-346020776/ACSIncome_full_seed-42_hash-1998608642.test_predictions.csv
ACSIncome,Qwen--Qwen2.5-7B-Instruct,1,0,0.5,0.6321237608891559,1272709224,10,comma,=,low,rand 1,results/folktexts/10-variations/model-Qwen--Qwen2.5-7B-Instruct/Qwen--Qwen2.5-7B-Instruct_task-ACSIncome/Qwen--Qwen2.5-7B-Instruct_bench-1272709224/results.bench-1272709224.json,results/folktexts/10-variations/model-Qwen--Qwen2.5-7B-Instruct/Qwen--Qwen2.5-7B-Instruct_task-ACSIncome/Qwen--Qwen2.5-7B-Instruct_bench-1272709224/ACSIncome_full_seed-42_hash-1998608642.test_predictions.csv
ACSIncome,Qwen--Qwen2.5-7B-Instruct,1,0,0.5,0.6321237608891559,3366132276,10,text,is,low,rand 3,results/folktexts/10-variations/model-Qwen--Qwen2.5-7B-Instruct/Qwen--Qwen2.5-7B-Instruct_task-ACSIncome/Qwen--Qwen2.5-7B-Instruct_bench-3366132276/results.bench-3366132276.json,results/folktexts/10-variations/model-Qwen--Qwen2.5-7B-Instruct/Qwen--Qwen2.5-7B-Instruct_task-ACSIncome/Qwen--Qwen2.5-7B-Instruct_bench-3366132276/ACSIncome_full_seed-42_hash-1998608642.test_predictions.csv
ACSIncome,Qwen--Qwen2.5-7B-Instruct,1,0,0.5,0.6321237608891559,531065521,10,bullet,:,original, reversed,results/folktexts/10-variations/model-Qwen--Qwen2.5-7B-Instruct/Qwen--Qwen2.5-7B-Instruct_task-ACSIncome/Qwen--Qwen2.5-7B-Instruct_bench-531065521/results.bench-531065521.json,results/folktexts/10-variations/model-Qwen--Qwen2.5-7B-Instruct/Qwen--Qwen2.5-7B-Instruct_task-ACSIncome/Qwen--Qwen2.5-7B-Instruct_bench-531065521/ACSIncome_full_seed-42_hash-1998608642.test_predictions.csv
ACSIncome,Qwen--Qwen2.5-7B-Instruct,1,0,0.5,0.6321237608891559,4035640824,10,comma,:,original,rand 2,results/folktexts/10-variations/model-Qwen--Qwen2.5-7B-Instruct/Qwen--Qwen2.5-7B-Instruct_task-ACSIncome/Qwen--Qwen2.5-7B-Instruct_bench-4035640824/results.bench-4035640824.json,results/folktexts/10-variations/model-Qwen--Qwen2.5-7B-Instruct/Qwen--Qwen2.5-7B-Instruct_task-ACSIncome/Qwen--Qwen2.5-7B-Instruct_bench-4035640824/ACSIncome_full_seed-42_hash-1998608642.test_predictions.csv
ACSIncome,Qwen--Qwen2.5-72B,0,1,0.054773082942097026,0.5154821267647942,3315904438,10,text,is,low,default,results/folktexts/10-variations/model-Qwen--Qwen2.5-72B/Qwen--Qwen2.5-72B_task-ACSIncome/Qwen--Qwen2.5-72B_bench-3315904438/results.bench-3315904438.json,results/folktexts/10-variations/model-Qwen--Qwen2.5-72B/Qwen--Qwen2.5-72B_task-ACSIncome/Qwen--Qwen2.5-72B_bench-1611869647/ACSIncome_full_seed-42_hash-1998608642.test_predictions.csv
ACSIncome,Qwen--Qwen2.5-72B,0,1,0.051908035079402705,0.5124001201562031,3342201599,10,text,is,low,rand 3,results/folktexts/10-variations/model-Qwen--Qwen2.5-72B/Qwen--Qwen2.5-72B_task-ACSIncome/Qwen--Qwen2.5-72B_bench-3342201599/results.bench-3342201599.json,results/folktexts/10-variations/model-Qwen--Qwen2.5-72B/Qwen--Qwen2.5-72B_task-ACSIncome/Qwen--Qwen2.5-72B_bench-965694131/ACSIncome_full_seed-42_hash-1998608642.test_predictions.csv
ACSIncome,Qwen--Qwen2.5-72B,0,1,0.032948583420776494,0.3679723640732953,3999883704,10,bullet,=,low, reversed,results/folktexts/10-variations/model-Qwen--Qwen2.5-72B/Qwen--Qwen2.5-72B_task-ACSIncome/Qwen--Qwen2.5-72B_bench-3999883704/results.bench-3999883704.json,results/folktexts/10-variations/model-Qwen--Qwen2.5-72B/Qwen--Qwen2.5-72B_task-ACSIncome/Qwen--Qwen2.5-72B_bench-839492537/ACSIncome_full_seed-42_hash-1998608642.test_predictions.csv
ACSIncome,Qwen--Qwen2.5-72B,0,1,0.06005907449950771,0.5044758185641334,4076075066,10,text,=,low, reversed,results/folktexts/10-variations/model-Qwen--Qwen2.5-72B/Qwen--Qwen2.5-72B_task-ACSIncome/Qwen--Qwen2.5-72B_bench-4076075066/results.bench-4076075066.json,results/folktexts/10-variations/model-Qwen--Qwen2.5-72B/Qwen--Qwen2.5-72B_task-ACSIncome/Qwen--Qwen2.5-72B_bench-871296743/ACSIncome_full_seed-42_hash-1998608642.test_predictions.csv
ACSIncome,Qwen--Qwen2.5-72B,0,1,0.04220689655172414,0.3753259237008111,176641251,10,comma,:,low, reversed,results/folktexts/10-variations/model-Qwen--Qwen2.5-72B/Qwen--Qwen2.5-72B_task-ACSIncome/Qwen--Qwen2.5-72B_bench-176641251/results.bench-176641251.json,results/folktexts/10-variations/model-Qwen--Qwen2.5-72B/Qwen--Qwen2.5-72B_task-ACSIncome/Qwen--Qwen2.5-72B_bench-3643406144/ACSIncome_full_seed-42_hash-1998608642.test_predictions.csv
ACSIncome,Qwen--Qwen2.5-72B,0,1,0.03532277710109622,0.3743466506458396,2310995450,10,bullet,:,low,rand 2,results/folktexts/10-variations/model-Qwen--Qwen2.5-72B/Qwen--Qwen2.5-72B_task-ACSIncome/Qwen--Qwen2.5-72B_bench-2310995450/results.bench-2310995450.json,results/folktexts/10-variations/model-Qwen--Qwen2.5-72B/Qwen--Qwen2.5-72B_task-ACSIncome/Qwen--Qwen2.5-72B_bench-2086146561/ACSIncome_full_seed-42_hash-1998608642.test_predictions.csv
ACSIncome,Qwen--Qwen2.5-72B,0,1,0.053565560302333226,0.45240012015620307,113381674,10,text,=,original,rand 2,results/folktexts/10-variations/model-Qwen--Qwen2.5-72B/Qwen--Qwen2.5-72B_task-ACSIncome/Qwen--Qwen2.5-72B_bench-113381674/results.bench-113381674.json,results/folktexts/10-variations/model-Qwen--Qwen2.5-72B/Qwen--Qwen2.5-72B_task-ACSIncome/Qwen--Qwen2.5-72B_bench-3078763254/ACSIncome_full_seed-42_hash-1998608642.test_predictions.csv
ACSIncome,Qwen--Qwen2.5-72B,0,1,0.038397328881469114,0.3680384499849805,2290491590,10,text,=,low,default,results/folktexts/10-variations/model-Qwen--Qwen2.5-72B/Qwen--Qwen2.5-72B_task-ACSIncome/Qwen--Qwen2.5-72B_bench-2290491590/results.bench-2290491590.json,results/folktexts/10-variations/model-Qwen--Qwen2.5-72B/Qwen--Qwen2.5-72B_task-ACSIncome/Qwen--Qwen2.5-72B_bench-3435307680/ACSIncome_full_seed-42_hash-1998608642.test_predictions.csv
ACSIncome,Qwen--Qwen2.5-72B,0,1,0.0461750516884907,0.46678882547311507,1569070263,10,bullet,=,original,rand 3,results/folktexts/10-variations/model-Qwen--Qwen2.5-72B/Qwen--Qwen2.5-72B_task-ACSIncome/Qwen--Qwen2.5-72B_bench-1569070263/results.bench-1569070263.json,results/folktexts/10-variations/model-Qwen--Qwen2.5-72B/Qwen--Qwen2.5-72B_task-ACSIncome/Qwen--Qwen2.5-72B_bench-992265891/ACSIncome_full_seed-42_hash-1998608642.test_predictions.csv
ACSIncome,Qwen--Qwen2.5-72B,0,1,0.04352699420885485,0.41557825172724544,2814987741,10,text,=,original,rand 3,results/folktexts/10-variations/model-Qwen--Qwen2.5-72B/Qwen--Qwen2.5-72B_task-ACSIncome/Qwen--Qwen2.5-72B_bench-2814987741/results.bench-2814987741.json,results/folktexts/10-variations/model-Qwen--Qwen2.5-72B/Qwen--Qwen2.5-72B_task-ACSIncome/Qwen--Qwen2.5-72B_bench-1571433555/ACSIncome_full_seed-42_hash-1998608642.test_predictions.csv
ACSIncome,Qwen--Qwen2.5-72B,0,1,0.03840939900587438,0.36782817662961853,3426008412,10,comma,is,low,default,results/folktexts/10-variations/model-Qwen--Qwen2.5-72B/Qwen--Qwen2.5-72B_task-ACSIncome/Qwen--Qwen2.5-72B_bench-3426008412/results.bench-3426008412.json,results/folktexts/10-variations/model-Qwen--Qwen2.5-72B/Qwen--Qwen2.5-72B_task-ACSIncome/Qwen--Qwen2.5-72B_bench-2937800746/ACSIncome_full_seed-42_hash-1998608642.test_predictions.csv
ACSIncome,Qwen--Qwen2.5-72B,0,1,0.056742815033161385,0.580330429558426,1267338548,10,text,=,original,default,results/folktexts/10-variations/model-Qwen--Qwen2.5-72B/Qwen--Qwen2.5-72B_task-ACSIncome/Qwen--Qwen2.5-72B_bench-1267338548/results.bench-1267338548.json,results/folktexts/10-variations/model-Qwen--Qwen2.5-72B/Qwen--Qwen2.5-72B_task-ACSIncome/Qwen--Qwen2.5-72B_bench-2096779766/ACSIncome_full_seed-42_hash-1998608642.test_predictions.csv
ACSIncome,Qwen--Qwen2.5-72B,0,1,0.04484181568088033,0.46192249924902373,3237140494,10,text,is,original,rand 3,results/folktexts/10-variations/model-Qwen--Qwen2.5-72B/Qwen--Qwen2.5-72B_task-ACSIncome/Qwen--Qwen2.5-72B_bench-3237140494/results.bench-3237140494.json,results/folktexts/10-variations/model-Qwen--Qwen2.5-72B/Qwen--Qwen2.5-72B_task-ACSIncome/Qwen--Qwen2.5-72B_bench-901177474/ACSIncome_full_seed-42_hash-1998608642.test_predictions.csv
ACSIncome,Qwen--Qwen2.5-72B,0,1,0.05009276437847866,0.4430099128867528,1026843393,10,text,is,original,rand 2,results/folktexts/10-variations/model-Qwen--Qwen2.5-72B/Qwen--Qwen2.5-72B_task-ACSIncome/Qwen--Qwen2.5-72B_bench-1026843393/results.bench-1026843393.json,results/folktexts/10-variations/model-Qwen--Qwen2.5-72B/Qwen--Qwen2.5-72B_task-ACSIncome/Qwen--Qwen2.5-72B_bench-2879529862/ACSIncome_full_seed-42_hash-1998608642.test_predictions.csv
ACSIncome,Qwen--Qwen2.5-72B,0,1,0.039544807965860594,0.37417242415139684,2375431012,10,bullet,is,low,default,results/folktexts/10-variations/model-Qwen--Qwen2.5-72B/Qwen--Qwen2.5-72B_task-ACSIncome/Qwen--Qwen2.5-72B_bench-2375431012/results.bench-2375431012.json,results/folktexts/10-variations/model-Qwen--Qwen2.5-72B/Qwen--Qwen2.5-72B_task-ACSIncome/Qwen--Qwen2.5-72B_bench-2802966559/ACSIncome_full_seed-42_hash-1998608642.test_predictions.csv
ACSIncome,Qwen--Qwen2.5-72B,0,1,0.06940674680108569,0.4991348753379393,2123362829,10,comma,is,original,rand 2,results/folktexts/10-variations/model-Qwen--Qwen2.5-72B/Qwen--Qwen2.5-72B_task-ACSIncome/Qwen--Qwen2.5-72B_bench-2123362829/results.bench-2123362829.json,results/folktexts/10-variations/model-Qwen--Qwen2.5-72B/Qwen--Qwen2.5-72B_task-ACSIncome/Qwen--Qwen2.5-72B_bench-3468483192/ACSIncome_full_seed-42_hash-1998608642.test_predictions.csv
ACSIncome,Qwen--Qwen2.5-72B,0,1,0.07164835164835165,0.6302733553619706,4032262501,10,text,:,original, reversed,results/folktexts/10-variations/model-Qwen--Qwen2.5-72B/Qwen--Qwen2.5-72B_task-ACSIncome/Qwen--Qwen2.5-72B_bench-4032262501/results.bench-4032262501.json,results/folktexts/10-variations/model-Qwen--Qwen2.5-72B/Qwen--Qwen2.5-72B_task-ACSIncome/Qwen--Qwen2.5-72B_bench-2871964123/ACSIncome_full_seed-42_hash-1998608642.test_predictions.csv
ACSIncome,Qwen--Qwen2.5-72B,0,1,0.052100840336134456,0.4685851607089216,3150683450,10,comma,is,original,rand 3,results/folktexts/10-variations/model-Qwen--Qwen2.5-72B/Qwen--Qwen2.5-72B_task-ACSIncome/Qwen--Qwen2.5-72B_bench-3150683450/results.bench-3150683450.json,results/folktexts/10-variations/model-Qwen--Qwen2.5-72B/Qwen--Qwen2.5-72B_task-ACSIncome/Qwen--Qwen2.5-72B_bench-3978198396/ACSIncome_full_seed-42_hash-1998608642.test_predictions.csv
ACSIncome,Qwen--Qwen2.5-72B,0,1,0.055184534270650266,0.4733373385401021,2368598621,10,comma,is,original,rand 1,results/folktexts/10-variations/model-Qwen--Qwen2.5-72B/Qwen--Qwen2.5-72B_task-ACSIncome/Qwen--Qwen2.5-72B_bench-2368598621/results.bench-2368598621.json,results/folktexts/10-variations/model-Qwen--Qwen2.5-72B/Qwen--Qwen2.5-72B_task-ACSIncome/Qwen--Qwen2.5-72B_bench-1611416538/ACSIncome_full_seed-42_hash-1998608642.test_predictions.csv
ACSIncome,Qwen--Qwen2.5-72B,0,1,0.03948772678762007,0.3693121057374587,2573399745,10,bullet,is,low,rand 3,results/folktexts/10-variations/model-Qwen--Qwen2.5-72B/Qwen--Qwen2.5-72B_task-ACSIncome/Qwen--Qwen2.5-72B_bench-2573399745/results.bench-2573399745.json,results/folktexts/10-variations/model-Qwen--Qwen2.5-72B/Qwen--Qwen2.5-72B_task-ACSIncome/Qwen--Qwen2.5-72B_bench-1712820961/ACSIncome_full_seed-42_hash-1998608642.test_predictions.csv
ACSIncome,Qwen--Qwen2.5-72B,0,1,0.05657805044308112,0.46036046860919194,162251446,10,text,=,original,rand 1,results/folktexts/10-variations/model-Qwen--Qwen2.5-72B/Qwen--Qwen2.5-72B_task-ACSIncome/Qwen--Qwen2.5-72B_bench-162251446/results.bench-162251446.json,results/folktexts/10-variations/model-Qwen--Qwen2.5-72B/Qwen--Qwen2.5-72B_task-ACSIncome/Qwen--Qwen2.5-72B_bench-1591062912/ACSIncome_full_seed-42_hash-1998608642.test_predictions.csv
ACSIncome,Qwen--Qwen2.5-72B,0,1,0.05346187554776512,0.6109702613397416,125219702,10,bullet,is,low, reversed,results/folktexts/10-variations/model-Qwen--Qwen2.5-72B/Qwen--Qwen2.5-72B_task-ACSIncome/Qwen--Qwen2.5-72B_bench-125219702/results.bench-125219702.json,results/folktexts/10-variations/model-Qwen--Qwen2.5-72B/Qwen--Qwen2.5-72B_task-ACSIncome/Qwen--Qwen2.5-72B_bench-2393704943/ACSIncome_full_seed-42_hash-1998608642.test_predictions.csv
ACSIncome,Qwen--Qwen2.5-72B,0,1,0.03967855349070819,0.4135956743766897,3812408247,10,bullet,is,original, reversed,results/folktexts/10-variations/model-Qwen--Qwen2.5-72B/Qwen--Qwen2.5-72B_task-ACSIncome/Qwen--Qwen2.5-72B_bench-3812408247/results.bench-3812408247.json,results/folktexts/10-variations/model-Qwen--Qwen2.5-72B/Qwen--Qwen2.5-72B_task-ACSIncome/Qwen--Qwen2.5-72B_bench-1818716337/ACSIncome_full_seed-42_hash-1998608642.test_predictions.csv
ACSIncome,Qwen--Qwen2.5-72B,0,1,0.037258418011556084,0.36810453589666564,1291268753,10,comma,:,low,default,results/folktexts/10-variations/model-Qwen--Qwen2.5-72B/Qwen--Qwen2.5-72B_task-ACSIncome/Qwen--Qwen2.5-72B_bench-1291268753/results.bench-1291268753.json,results/folktexts/10-variations/model-Qwen--Qwen2.5-72B/Qwen--Qwen2.5-72B_task-ACSIncome/Qwen--Qwen2.5-72B_bench-211050319/ACSIncome_full_seed-42_hash-1998608642.test_predictions.csv
ACSIncome,Qwen--Qwen2.5-72B,0,1,0.047504509921828024,0.5196755782517273,2439793284,10,bullet,=,original,rand 2,results/folktexts/10-variations/model-Qwen--Qwen2.5-72B/Qwen--Qwen2.5-72B_task-ACSIncome/Qwen--Qwen2.5-72B_bench-2439793284/results.bench-2439793284.json,results/folktexts/10-variations/model-Qwen--Qwen2.5-72B/Qwen--Qwen2.5-72B_task-ACSIncome/Qwen--Qwen2.5-72B_bench-3439286511/ACSIncome_full_seed-42_hash-1998608642.test_predictions.csv
ACSIncome,Qwen--Qwen2.5-72B,0,1,0.06156405990016639,0.48758185641333734,2536025064,10,text,=,original, reversed,results/folktexts/10-variations/model-Qwen--Qwen2.5-72B/Qwen--Qwen2.5-72B_task-ACSIncome/Qwen--Qwen2.5-72B_bench-2536025064/results.bench-2536025064.json,results/folktexts/10-variations/model-Qwen--Qwen2.5-72B/Qwen--Qwen2.5-72B_task-ACSIncome/Qwen--Qwen2.5-72B_bench-245055246/ACSIncome_full_seed-42_hash-1998608642.test_predictions.csv
ACSIncome,Qwen--Qwen2.5-72B,0,1,0.0363537710255019,0.3672754580955242,447591930,10,text,:,original,default,results/folktexts/10-variations/model-Qwen--Qwen2.5-72B/Qwen--Qwen2.5-72B_task-ACSIncome/Qwen--Qwen2.5-72B_bench-447591930/results.bench-447591930.json,results/folktexts/10-variations/model-Qwen--Qwen2.5-72B/Qwen--Qwen2.5-72B_task-ACSIncome/Qwen--Qwen2.5-72B_bench-1013645626/ACSIncome_full_seed-42_hash-1998608642.test_predictions.csv
ACSIncome,Qwen--Qwen2.5-72B,0,1,0.04206613187243201,0.371462901772304,2673403661,10,bullet,is,low,rand 2,results/folktexts/10-variations/model-Qwen--Qwen2.5-72B/Qwen--Qwen2.5-72B_task-ACSIncome/Qwen--Qwen2.5-72B_bench-2673403661/results.bench-2673403661.json,results/folktexts/10-variations/model-Qwen--Qwen2.5-72B/Qwen--Qwen2.5-72B_task-ACSIncome/Qwen--Qwen2.5-72B_bench-1604759373/ACSIncome_full_seed-42_hash-1998608642.test_predictions.csv
ACSIncome,Qwen--Qwen2.5-72B,0,1,0.03515290082880823,0.38150796034845297,986427282,10,bullet,=,low,rand 2,results/folktexts/10-variations/model-Qwen--Qwen2.5-72B/Qwen--Qwen2.5-72B_task-ACSIncome/Qwen--Qwen2.5-72B_bench-986427282/results.bench-986427282.json,results/folktexts/10-variations/model-Qwen--Qwen2.5-72B/Qwen--Qwen2.5-72B_task-ACSIncome/Qwen--Qwen2.5-72B_bench-3234107818/ACSIncome_full_seed-42_hash-1998608642.test_predictions.csv
ACSIncome,Qwen--Qwen2.5-72B,0,1,0.05169340463458111,0.4806788825473115,2880127993,10,text,is,low,rand 2,results/folktexts/10-variations/model-Qwen--Qwen2.5-72B/Qwen--Qwen2.5-72B_task-ACSIncome/Qwen--Qwen2.5-72B_bench-2880127993/results.bench-2880127993.json,results/folktexts/10-variations/model-Qwen--Qwen2.5-72B/Qwen--Qwen2.5-72B_task-ACSIncome/Qwen--Qwen2.5-72B_bench-2201940807/ACSIncome_full_seed-42_hash-1998608642.test_predictions.csv
ACSIncome,Qwen--Qwen2.5-72B,0,1,0.031227651966626937,0.3714388705316912,771760051,10,bullet,=,low,rand 1,results/folktexts/10-variations/model-Qwen--Qwen2.5-72B/Qwen--Qwen2.5-72B_task-ACSIncome/Qwen--Qwen2.5-72B_bench-771760051/results.bench-771760051.json,results/folktexts/10-variations/model-Qwen--Qwen2.5-72B/Qwen--Qwen2.5-72B_task-ACSIncome/Qwen--Qwen2.5-72B_bench-3978031518/ACSIncome_full_seed-42_hash-1998608642.test_predictions.csv
ACSIncome,Qwen--Qwen2.5-72B,0,1,0.06746031746031746,0.6062300991288675,819152312,10,comma,=,low, reversed,results/folktexts/10-variations/model-Qwen--Qwen2.5-72B/Qwen--Qwen2.5-72B_task-ACSIncome/Qwen--Qwen2.5-72B_bench-819152312/results.bench-819152312.json,results/folktexts/10-variations/model-Qwen--Qwen2.5-72B/Qwen--Qwen2.5-72B_task-ACSIncome/Qwen--Qwen2.5-72B_bench-227020075/ACSIncome_full_seed-42_hash-1998608642.test_predictions.csv
ACSIncome,Qwen--Qwen2.5-72B,0,1,0.06776859504132231,0.6125262841694202,1536251412,10,text,is,low,rand 1,results/folktexts/10-variations/model-Qwen--Qwen2.5-72B/Qwen--Qwen2.5-72B_task-ACSIncome/Qwen--Qwen2.5-72B_bench-1536251412/results.bench-1536251412.json,results/folktexts/10-variations/model-Qwen--Qwen2.5-72B/Qwen--Qwen2.5-72B_task-ACSIncome/Qwen--Qwen2.5-72B_bench-2214785959/ACSIncome_full_seed-42_hash-1998608642.test_predictions.csv
ACSIncome,Qwen--Qwen2.5-72B,0,1,0.05845181674565561,0.4937819164914389,2506295207,10,text,is,low, reversed,results/folktexts/10-variations/model-Qwen--Qwen2.5-72B/Qwen--Qwen2.5-72B_task-ACSIncome/Qwen--Qwen2.5-72B_bench-2506295207/results.bench-2506295207.json,results/folktexts/10-variations/model-Qwen--Qwen2.5-72B/Qwen--Qwen2.5-72B_task-ACSIncome/Qwen--Qwen2.5-72B_bench-2372507252/ACSIncome_full_seed-42_hash-1998608642.test_predictions.csv
ACSIncome,Qwen--Qwen2.5-72B,0,1,0.051685393258426963,0.5724421748272754,1312524523,10,bullet,:,original, reversed,results/folktexts/10-variations/model-Qwen--Qwen2.5-72B/Qwen--Qwen2.5-72B_task-ACSIncome/Qwen--Qwen2.5-72B_bench-1312524523/results.bench-1312524523.json,results/folktexts/10-variations/model-Qwen--Qwen2.5-72B/Qwen--Qwen2.5-72B_task-ACSIncome/Qwen--Qwen2.5-72B_bench-3498686432/ACSIncome_full_seed-42_hash-1998608642.test_predictions.csv
ACSIncome,Qwen--Qwen2.5-72B,0,1,0.04467499470675418,0.3678341844397717,3078355653,10,comma,is,low, reversed,results/folktexts/10-variations/model-Qwen--Qwen2.5-72B/Qwen--Qwen2.5-72B_task-ACSIncome/Qwen--Qwen2.5-72B_bench-3078355653/results.bench-3078355653.json,results/folktexts/10-variations/model-Qwen--Qwen2.5-72B/Qwen--Qwen2.5-72B_task-ACSIncome/Qwen--Qwen2.5-72B_bench-1945928089/ACSIncome_full_seed-42_hash-1998608642.test_predictions.csv
ACSIncome,Qwen--Qwen2.5-72B,0,1,0.06343283582089553,0.5656293181135477,4292591995,10,text,:,original,rand 2,results/folktexts/10-variations/model-Qwen--Qwen2.5-72B/Qwen--Qwen2.5-72B_task-ACSIncome/Qwen--Qwen2.5-72B_bench-4292591995/results.bench-4292591995.json,results/folktexts/10-variations/model-Qwen--Qwen2.5-72B/Qwen--Qwen2.5-72B_task-ACSIncome/Qwen--Qwen2.5-72B_bench-3899996899/ACSIncome_full_seed-42_hash-1998608642.test_predictions.csv
ACSIncome,Qwen--Qwen2.5-72B,0,1,0.05824647455548743,0.5323039951937518,2881478594,10,comma,:,low,rand 2,results/folktexts/10-variations/model-Qwen--Qwen2.5-72B/Qwen--Qwen2.5-72B_task-ACSIncome/Qwen--Qwen2.5-72B_bench-2881478594/results.bench-2881478594.json,results/folktexts/10-variations/model-Qwen--Qwen2.5-72B/Qwen--Qwen2.5-72B_task-ACSIncome/Qwen--Qwen2.5-72B_bench-4110940401/ACSIncome_full_seed-42_hash-1998608642.test_predictions.csv
ACSIncome,Qwen--Qwen2.5-72B,0,1,0.04743712193568927,0.5132291979573446,4159361717,10,bullet,:,original,rand 3,results/folktexts/10-variations/model-Qwen--Qwen2.5-72B/Qwen--Qwen2.5-72B_task-ACSIncome/Qwen--Qwen2.5-72B_bench-4159361717/results.bench-4159361717.json,results/folktexts/10-variations/model-Qwen--Qwen2.5-72B/Qwen--Qwen2.5-72B_task-ACSIncome/Qwen--Qwen2.5-72B_bench-2907892275/ACSIncome_full_seed-42_hash-1998608642.test_predictions.csv
ACSIncome,Qwen--Qwen2.5-72B,0,1,0.036187907394920206,0.3679122859717633,157037185,10,text,=,low,rand 3,results/folktexts/10-variations/model-Qwen--Qwen2.5-72B/Qwen--Qwen2.5-72B_task-ACSIncome/Qwen--Qwen2.5-72B_bench-157037185/results.bench-157037185.json,results/folktexts/10-variations/model-Qwen--Qwen2.5-72B/Qwen--Qwen2.5-72B_task-ACSIncome/Qwen--Qwen2.5-72B_bench-2817930774/ACSIncome_full_seed-42_hash-1998608642.test_predictions.csv
ACSIncome,Qwen--Qwen2.5-72B,0,1,0.033122629582806574,0.36883148092520274,1683330786,10,bullet,is,low,rand 1,results/folktexts/10-variations/model-Qwen--Qwen2.5-72B/Qwen--Qwen2.5-72B_task-ACSIncome/Qwen--Qwen2.5-72B_bench-1683330786/results.bench-1683330786.json,results/folktexts/10-variations/model-Qwen--Qwen2.5-72B/Qwen--Qwen2.5-72B_task-ACSIncome/Qwen--Qwen2.5-72B_bench-2859132765/ACSIncome_full_seed-42_hash-1998608642.test_predictions.csv
ACSIncome,Qwen--Qwen2.5-72B,0,1,0.0374331550802139,0.37610093121057375,3203980985,10,bullet,:,low,rand 3,results/folktexts/10-variations/model-Qwen--Qwen2.5-72B/Qwen--Qwen2.5-72B_task-ACSIncome/Qwen--Qwen2.5-72B_bench-3203980985/results.bench-3203980985.json,results/folktexts/10-variations/model-Qwen--Qwen2.5-72B/Qwen--Qwen2.5-72B_task-ACSIncome/Qwen--Qwen2.5-72B_bench-1882290369/ACSIncome_full_seed-42_hash-1998608642.test_predictions.csv
ACSIncome,Qwen--Qwen2.5-72B,0,1,0.05185185185185185,0.4878582156803845,3732965445,10,bullet,is,original,rand 2,results/folktexts/10-variations/model-Qwen--Qwen2.5-72B/Qwen--Qwen2.5-72B_task-ACSIncome/Qwen--Qwen2.5-72B_bench-3732965445/results.bench-3732965445.json,results/folktexts/10-variations/model-Qwen--Qwen2.5-72B/Qwen--Qwen2.5-72B_task-ACSIncome/Qwen--Qwen2.5-72B_bench-1916890969/ACSIncome_full_seed-42_hash-1998608642.test_predictions.csv
ACSIncome,Qwen--Qwen2.5-72B,0,1,0.06734788666976312,0.6303634725142685,3681400440,10,text,:,original,rand 3,results/folktexts/10-variations/model-Qwen--Qwen2.5-72B/Qwen--Qwen2.5-72B_task-ACSIncome/Qwen--Qwen2.5-72B_bench-3681400440/results.bench-3681400440.json,results/folktexts/10-variations/model-Qwen--Qwen2.5-72B/Qwen--Qwen2.5-72B_task-ACSIncome/Qwen--Qwen2.5-72B_bench-3636749232/ACSIncome_full_seed-42_hash-1998608642.test_predictions.csv
ACSIncome,Qwen--Qwen2.5-72B,0,1,0.07386066003143006,0.6263562631420847,4078881071,10,comma,is,original,default,results/folktexts/10-variations/model-Qwen--Qwen2.5-72B/Qwen--Qwen2.5-72B_task-ACSIncome/Qwen--Qwen2.5-72B_bench-4078881071/results.bench-4078881071.json,results/folktexts/10-variations/model-Qwen--Qwen2.5-72B/Qwen--Qwen2.5-72B_task-ACSIncome/Qwen--Qwen2.5-72B_bench-3636368872/ACSIncome_full_seed-42_hash-1998608642.test_predictions.csv
ACSIncome,Qwen--Qwen2.5-72B,0,1,0.04487443392342528,0.43731450886151996,3443462823,10,bullet,:,original,rand 1,results/folktexts/10-variations/model-Qwen--Qwen2.5-72B/Qwen--Qwen2.5-72B_task-ACSIncome/Qwen--Qwen2.5-72B_bench-3443462823/results.bench-3443462823.json,results/folktexts/10-variations/model-Qwen--Qwen2.5-72B/Qwen--Qwen2.5-72B_task-ACSIncome/Qwen--Qwen2.5-72B_bench-85545439/ACSIncome_full_seed-42_hash-1998608642.test_predictions.csv
ACSIncome,Qwen--Qwen2.5-72B,0,1,0.03609226594301221,0.3678401922499249,3151995105,10,comma,=,low,default,results/folktexts/10-variations/model-Qwen--Qwen2.5-72B/Qwen--Qwen2.5-72B_task-ACSIncome/Qwen--Qwen2.5-72B_bench-3151995105/results.bench-3151995105.json,results/folktexts/10-variations/model-Qwen--Qwen2.5-72B/Qwen--Qwen2.5-72B_task-ACSIncome/Qwen--Qwen2.5-72B_bench-930124138/ACSIncome_full_seed-42_hash-1998608642.test_predictions.csv
ACSIncome,Qwen--Qwen2.5-72B,0,1,0.03974862529457973,0.3677440672874737,2109286683,10,comma,is,low,rand 1,results/folktexts/10-variations/model-Qwen--Qwen2.5-72B/Qwen--Qwen2.5-72B_task-ACSIncome/Qwen--Qwen2.5-72B_bench-2109286683/results.bench-2109286683.json,results/folktexts/10-variations/model-Qwen--Qwen2.5-72B/Qwen--Qwen2.5-72B_task-ACSIncome/Qwen--Qwen2.5-72B_bench-1245870176/ACSIncome_full_seed-42_hash-1998608642.test_predictions.csv
ACSIncome,Qwen--Qwen2.5-72B,0,1,0.04868913857677903,0.49094022228897566,3756027119,10,bullet,:,original,rand 2,results/folktexts/10-variations/model-Qwen--Qwen2.5-72B/Qwen--Qwen2.5-72B_task-ACSIncome/Qwen--Qwen2.5-72B_bench-3756027119/results.bench-3756027119.json,results/folktexts/10-variations/model-Qwen--Qwen2.5-72B/Qwen--Qwen2.5-72B_task-ACSIncome/Qwen--Qwen2.5-72B_bench-2384643542/ACSIncome_full_seed-42_hash-1998608642.test_predictions.csv
ACSIncome,Qwen--Qwen2.5-72B,0,1,0.044444444444444446,0.43155902673475516,413246970,10,bullet,is,original,default,results/folktexts/10-variations/model-Qwen--Qwen2.5-72B/Qwen--Qwen2.5-72B_task-ACSIncome/Qwen--Qwen2.5-72B_bench-413246970/results.bench-413246970.json,results/folktexts/10-variations/model-Qwen--Qwen2.5-72B/Qwen--Qwen2.5-72B_task-ACSIncome/Qwen--Qwen2.5-72B_bench-2796738115/ACSIncome_full_seed-42_hash-1998608642.test_predictions.csv
ACSIncome,Qwen--Qwen2.5-72B,0,1,0.03953147877013177,0.3685190747972364,2082370712,10,text,:,low,rand 1,results/folktexts/10-variations/model-Qwen--Qwen2.5-72B/Qwen--Qwen2.5-72B_task-ACSIncome/Qwen--Qwen2.5-72B_bench-2082370712/results.bench-2082370712.json,results/folktexts/10-variations/model-Qwen--Qwen2.5-72B/Qwen--Qwen2.5-72B_task-ACSIncome/Qwen--Qwen2.5-72B_bench-1687022298/ACSIncome_full_seed-42_hash-1998608642.test_predictions.csv
ACSIncome,Qwen--Qwen2.5-72B,0,1,0.045898084568124324,0.49850405527185343,1403134495,10,bullet,=,original,default,results/folktexts/10-variations/model-Qwen--Qwen2.5-72B/Qwen--Qwen2.5-72B_task-ACSIncome/Qwen--Qwen2.5-72B_bench-1403134495/results.bench-1403134495.json,results/folktexts/10-variations/model-Qwen--Qwen2.5-72B/Qwen--Qwen2.5-72B_task-ACSIncome/Qwen--Qwen2.5-72B_bench-2390165557/ACSIncome_full_seed-42_hash-1998608642.test_predictions.csv
ACSIncome,Qwen--Qwen2.5-72B,0,1,0.04741379310344827,0.49319915890657856,3357929390,10,text,is,original,default,results/folktexts/10-variations/model-Qwen--Qwen2.5-72B/Qwen--Qwen2.5-72B_task-ACSIncome/Qwen--Qwen2.5-72B_bench-3357929390/results.bench-3357929390.json,results/folktexts/10-variations/model-Qwen--Qwen2.5-72B/Qwen--Qwen2.5-72B_task-ACSIncome/Qwen--Qwen2.5-72B_bench-1055067036/ACSIncome_full_seed-42_hash-1998608642.test_predictions.csv
ACSIncome,Qwen--Qwen2.5-72B,0,1,0.06399685904986259,0.4815259837789126,3266689183,10,comma,is,original, reversed,results/folktexts/10-variations/model-Qwen--Qwen2.5-72B/Qwen--Qwen2.5-72B_task-ACSIncome/Qwen--Qwen2.5-72B_bench-3266689183/results.bench-3266689183.json,results/folktexts/10-variations/model-Qwen--Qwen2.5-72B/Qwen--Qwen2.5-72B_task-ACSIncome/Qwen--Qwen2.5-72B_bench-1426072824/ACSIncome_full_seed-42_hash-1998608642.test_predictions.csv
ACSIncome,Qwen--Qwen2.5-72B,0,1,0.03611639128527563,0.3680444577951337,2356484477,10,text,:,low,rand 3,results/folktexts/10-variations/model-Qwen--Qwen2.5-72B/Qwen--Qwen2.5-72B_task-ACSIncome/Qwen--Qwen2.5-72B_bench-2356484477/results.bench-2356484477.json,results/folktexts/10-variations/model-Qwen--Qwen2.5-72B/Qwen--Qwen2.5-72B_task-ACSIncome/Qwen--Qwen2.5-72B_bench-1344112637/ACSIncome_full_seed-42_hash-1998608642.test_predictions.csv
ACSIncome,Qwen--Qwen2.5-72B,0,1,0.04468412942989214,0.4721778311805347,2240283952,10,bullet,=,original, reversed,results/folktexts/10-variations/model-Qwen--Qwen2.5-72B/Qwen--Qwen2.5-72B_task-ACSIncome/Qwen--Qwen2.5-72B_bench-2240283952/results.bench-2240283952.json,results/folktexts/10-variations/model-Qwen--Qwen2.5-72B/Qwen--Qwen2.5-72B_task-ACSIncome/Qwen--Qwen2.5-72B_bench-1588110075/ACSIncome_full_seed-42_hash-1998608642.test_predictions.csv
ACSIncome,Qwen--Qwen2.5-72B,0,1,0.042234785500498834,0.3678462000600781,1192219972,10,comma,=,low,rand 2,results/folktexts/10-variations/model-Qwen--Qwen2.5-72B/Qwen--Qwen2.5-72B_task-ACSIncome/Qwen--Qwen2.5-72B_bench-1192219972/results.bench-1192219972.json,results/folktexts/10-variations/model-Qwen--Qwen2.5-72B/Qwen--Qwen2.5-72B_task-ACSIncome/Qwen--Qwen2.5-72B_bench-1696973839/ACSIncome_full_seed-42_hash-1998608642.test_predictions.csv
ACSIncome,Qwen--Qwen2.5-72B,0,1,0.03512259774685222,0.3678822469209973,3402183228,10,text,:,low,default,results/folktexts/10-variations/model-Qwen--Qwen2.5-72B/Qwen--Qwen2.5-72B_task-ACSIncome/Qwen--Qwen2.5-72B_bench-3402183228/results.bench-3402183228.json,results/folktexts/10-variations/model-Qwen--Qwen2.5-72B/Qwen--Qwen2.5-72B_task-ACSIncome/Qwen--Qwen2.5-72B_bench-814520617/ACSIncome_full_seed-42_hash-1998608642.test_predictions.csv
ACSIncome,Qwen--Qwen2.5-72B,0,1,0.047470817120622566,0.48098528086512465,3410776626,10,bullet,=,original,rand 1,results/folktexts/10-variations/model-Qwen--Qwen2.5-72B/Qwen--Qwen2.5-72B_task-ACSIncome/Qwen--Qwen2.5-72B_bench-3410776626/results.bench-3410776626.json,results/folktexts/10-variations/model-Qwen--Qwen2.5-72B/Qwen--Qwen2.5-72B_task-ACSIncome/Qwen--Qwen2.5-72B_bench-349959341/ACSIncome_full_seed-42_hash-1998608642.test_predictions.csv
ACSIncome,Qwen--Qwen2.5-72B,0,1,0.034129019530479386,0.37201562030639834,1322002311,10,bullet,:,low, reversed,results/folktexts/10-variations/model-Qwen--Qwen2.5-72B/Qwen--Qwen2.5-72B_task-ACSIncome/Qwen--Qwen2.5-72B_bench-1322002311/results.bench-1322002311.json,results/folktexts/10-variations/model-Qwen--Qwen2.5-72B/Qwen--Qwen2.5-72B_task-ACSIncome/Qwen--Qwen2.5-72B_bench-1026511730/ACSIncome_full_seed-42_hash-1998608642.test_predictions.csv
ACSIncome,Qwen--Qwen2.5-72B,0,1,0.051893408134642355,0.41962751577050167,1319759570,10,text,is,original, reversed,results/folktexts/10-variations/model-Qwen--Qwen2.5-72B/Qwen--Qwen2.5-72B_task-ACSIncome/Qwen--Qwen2.5-72B_bench-1319759570/results.bench-1319759570.json,results/folktexts/10-variations/model-Qwen--Qwen2.5-72B/Qwen--Qwen2.5-72B_task-ACSIncome/Qwen--Qwen2.5-72B_bench-1731839624/ACSIncome_full_seed-42_hash-1998608642.test_predictions.csv
ACSIncome,Qwen--Qwen2.5-72B,0,1,1.0,0.6321237608891559,832083004,10,text,:,low,rand 2,results/folktexts/10-variations/model-Qwen--Qwen2.5-72B/Qwen--Qwen2.5-72B_task-ACSIncome/Qwen--Qwen2.5-72B_bench-832083004/results.bench-832083004.json,results/folktexts/10-variations/model-Qwen--Qwen2.5-72B/Qwen--Qwen2.5-72B_task-ACSIncome/Qwen--Qwen2.5-72B_bench-3357523119/ACSIncome_full_seed-42_hash-1998608642.test_predictions.csv
ACSIncome,Qwen--Qwen2.5-72B,0,1,1.0,0.6321237608891559,1471297734,10,text,:,low, reversed,results/folktexts/10-variations/model-Qwen--Qwen2.5-72B/Qwen--Qwen2.5-72B_task-ACSIncome/Qwen--Qwen2.5-72B_bench-1471297734/results.bench-1471297734.json,results/folktexts/10-variations/model-Qwen--Qwen2.5-72B/Qwen--Qwen2.5-72B_task-ACSIncome/Qwen--Qwen2.5-72B_bench-972290880/ACSIncome_full_seed-42_hash-1998608642.test_predictions.csv
ACSIncome,Qwen--Qwen2.5-72B,0,1,0.03735271997994485,0.36868128567137276,1290416721,10,bullet,=,low,default,results/folktexts/10-variations/model-Qwen--Qwen2.5-72B/Qwen--Qwen2.5-72B_task-ACSIncome/Qwen--Qwen2.5-72B_bench-1290416721/results.bench-1290416721.json,results/folktexts/10-variations/model-Qwen--Qwen2.5-72B/Qwen--Qwen2.5-72B_task-ACSIncome/Qwen--Qwen2.5-72B_bench-2172723919/ACSIncome_full_seed-42_hash-1998608642.test_predictions.csv
ACSIncome,Qwen--Qwen2.5-72B,0,1,0.044668911335578,0.36795434064283566,2742321224,10,comma,is,low,rand 2,results/folktexts/10-variations/model-Qwen--Qwen2.5-72B/Qwen--Qwen2.5-72B_task-ACSIncome/Qwen--Qwen2.5-72B_bench-2742321224/results.bench-2742321224.json,results/folktexts/10-variations/model-Qwen--Qwen2.5-72B/Qwen--Qwen2.5-72B_task-ACSIncome/Qwen--Qwen2.5-72B_bench-2600139051/ACSIncome_full_seed-42_hash-1998608642.test_predictions.csv
ACSIncome,Qwen--Qwen2.5-72B,0,1,0.046153846153846156,0.4708681285671373,2401496905,10,bullet,:,original,default,results/folktexts/10-variations/model-Qwen--Qwen2.5-72B/Qwen--Qwen2.5-72B_task-ACSIncome/Qwen--Qwen2.5-72B_bench-2401496905/results.bench-2401496905.json,results/folktexts/10-variations/model-Qwen--Qwen2.5-72B/Qwen--Qwen2.5-72B_task-ACSIncome/Qwen--Qwen2.5-72B_bench-1874146119/ACSIncome_full_seed-42_hash-1998608642.test_predictions.csv
ACSIncome,Qwen--Qwen2.5-72B,0,1,0.06005221932114883,0.48577350555722437,33405799,10,text,=,low,rand 2,results/folktexts/10-variations/model-Qwen--Qwen2.5-72B/Qwen--Qwen2.5-72B_task-ACSIncome/Qwen--Qwen2.5-72B_bench-33405799/results.bench-33405799.json,results/folktexts/10-variations/model-Qwen--Qwen2.5-72B/Qwen--Qwen2.5-72B_task-ACSIncome/Qwen--Qwen2.5-72B_bench-245505616/ACSIncome_full_seed-42_hash-1998608642.test_predictions.csv
ACSIncome,Qwen--Qwen2.5-72B,0,1,0.04719101123595506,0.4850225292880745,2127212540,10,bullet,is,original,rand 3,results/folktexts/10-variations/model-Qwen--Qwen2.5-72B/Qwen--Qwen2.5-72B_task-ACSIncome/Qwen--Qwen2.5-72B_bench-2127212540/results.bench-2127212540.json,results/folktexts/10-variations/model-Qwen--Qwen2.5-72B/Qwen--Qwen2.5-72B_task-ACSIncome/Qwen--Qwen2.5-72B_bench-2322179015/ACSIncome_full_seed-42_hash-1998608642.test_predictions.csv
ACSIncome,Qwen--Qwen2.5-72B,0,1,0.06754966887417219,0.6304716130970262,2211741406,10,comma,=,low,rand 1,results/folktexts/10-variations/model-Qwen--Qwen2.5-72B/Qwen--Qwen2.5-72B_task-ACSIncome/Qwen--Qwen2.5-72B_bench-2211741406/results.bench-2211741406.json,results/folktexts/10-variations/model-Qwen--Qwen2.5-72B/Qwen--Qwen2.5-72B_task-ACSIncome/Qwen--Qwen2.5-72B_bench-3657390038/ACSIncome_full_seed-42_hash-1998608642.test_predictions.csv
ACSIncome,Qwen--Qwen2.5-72B,0,1,0.04232164449818621,0.40729348152598377,2071924761,10,bullet,:,low,default,results/folktexts/10-variations/model-Qwen--Qwen2.5-72B/Qwen--Qwen2.5-72B_task-ACSIncome/Qwen--Qwen2.5-72B_bench-2071924761/results.bench-2071924761.json,results/folktexts/10-variations/model-Qwen--Qwen2.5-72B/Qwen--Qwen2.5-72B_task-ACSIncome/Qwen--Qwen2.5-72B_bench-399089724/ACSIncome_full_seed-42_hash-1998608642.test_predictions.csv
ACSIncome,Qwen--Qwen2.5-72B,0,1,0.04468864468864469,0.46185641333733857,3218240770,10,bullet,is,original,rand 1,results/folktexts/10-variations/model-Qwen--Qwen2.5-72B/Qwen--Qwen2.5-72B_task-ACSIncome/Qwen--Qwen2.5-72B_bench-3218240770/results.bench-3218240770.json,results/folktexts/10-variations/model-Qwen--Qwen2.5-72B/Qwen--Qwen2.5-72B_task-ACSIncome/Qwen--Qwen2.5-72B_bench-871443207/ACSIncome_full_seed-42_hash-1998608642.test_predictions.csv
ACSIncome,Qwen--Qwen2.5-72B,0,1,0.03625463888095918,0.3983658756383298,901962024,10,bullet,:,low,rand 1,results/folktexts/10-variations/model-Qwen--Qwen2.5-72B/Qwen--Qwen2.5-72B_task-ACSIncome/Qwen--Qwen2.5-72B_bench-901962024/results.bench-901962024.json,results/folktexts/10-variations/model-Qwen--Qwen2.5-72B/Qwen--Qwen2.5-72B_task-ACSIncome/Qwen--Qwen2.5-72B_bench-1316438723/ACSIncome_full_seed-42_hash-1998608642.test_predictions.csv
ACSIncome,Qwen--Qwen2.5-72B,0,1,0.039503191305847854,0.37181736257134274,948182648,10,bullet,=,low,rand 3,results/folktexts/10-variations/model-Qwen--Qwen2.5-72B/Qwen--Qwen2.5-72B_task-ACSIncome/Qwen--Qwen2.5-72B_bench-948182648/results.bench-948182648.json,results/folktexts/10-variations/model-Qwen--Qwen2.5-72B/Qwen--Qwen2.5-72B_task-ACSIncome/Qwen--Qwen2.5-72B_bench-1136201342/ACSIncome_full_seed-42_hash-1998608642.test_predictions.csv
ACSIncome,Qwen--Qwen2.5-72B,0,1,0.035079288803459875,0.3694623009912887,1240776357,10,comma,:,low,rand 3,results/folktexts/10-variations/model-Qwen--Qwen2.5-72B/Qwen--Qwen2.5-72B_task-ACSIncome/Qwen--Qwen2.5-72B_bench-1240776357/results.bench-1240776357.json,results/folktexts/10-variations/model-Qwen--Qwen2.5-72B/Qwen--Qwen2.5-72B_task-ACSIncome/Qwen--Qwen2.5-72B_bench-1044146230/ACSIncome_full_seed-42_hash-1998608642.test_predictions.csv
ACSIncome,Qwen--Qwen2.5-72B,0,1,0.05027256208358571,0.4848783418443977,1518591972,10,text,:,original,rand 1,results/folktexts/10-variations/model-Qwen--Qwen2.5-72B/Qwen--Qwen2.5-72B_task-ACSIncome/Qwen--Qwen2.5-72B_bench-1518591972/results.bench-1518591972.json,results/folktexts/10-variations/model-Qwen--Qwen2.5-72B/Qwen--Qwen2.5-72B_task-ACSIncome/Qwen--Qwen2.5-72B_bench-2140926173/ACSIncome_full_seed-42_hash-1998608642.test_predictions.csv
ACSIncome,Qwen--Qwen2.5-72B,0,1,0.03298820130026487,0.36758185641333735,2000784701,10,comma,=,low,rand 3,results/folktexts/10-variations/model-Qwen--Qwen2.5-72B/Qwen--Qwen2.5-72B_task-ACSIncome/Qwen--Qwen2.5-72B_bench-2000784701/results.bench-2000784701.json,results/folktexts/10-variations/model-Qwen--Qwen2.5-72B/Qwen--Qwen2.5-72B_task-ACSIncome/Qwen--Qwen2.5-72B_bench-4142205917/ACSIncome_full_seed-42_hash-1998608642.test_predictions.csv
ACSIncome,Qwen--Qwen2.5-72B,0,1,0.05013192612137203,0.4174586963051968,3281903011,10,text,is,original,rand 1,results/folktexts/10-variations/model-Qwen--Qwen2.5-72B/Qwen--Qwen2.5-72B_task-ACSIncome/Qwen--Qwen2.5-72B_bench-3281903011/results.bench-3281903011.json,results/folktexts/10-variations/model-Qwen--Qwen2.5-72B/Qwen--Qwen2.5-72B_task-ACSIncome/Qwen--Qwen2.5-72B_bench-2432506555/ACSIncome_full_seed-42_hash-1998608642.test_predictions.csv
ACSIncome,Qwen--Qwen2.5-72B,0,1,0.04205607476635514,0.4177230399519375,3538122451,10,comma,:,low,rand 1,results/folktexts/10-variations/model-Qwen--Qwen2.5-72B/Qwen--Qwen2.5-72B_task-ACSIncome/Qwen--Qwen2.5-72B_bench-3538122451/results.bench-3538122451.json,results/folktexts/10-variations/model-Qwen--Qwen2.5-72B/Qwen--Qwen2.5-72B_task-ACSIncome/Qwen--Qwen2.5-72B_bench-3866357574/ACSIncome_full_seed-42_hash-1998608642.test_predictions.csv
ACSIncome,Qwen--Qwen2.5-72B,0,1,0.06984003121342178,0.6156984079303094,991108012,10,text,=,low,rand 1,results/folktexts/10-variations/model-Qwen--Qwen2.5-72B/Qwen--Qwen2.5-72B_task-ACSIncome/Qwen--Qwen2.5-72B_bench-991108012/results.bench-991108012.json,results/folktexts/10-variations/model-Qwen--Qwen2.5-72B/Qwen--Qwen2.5-72B_task-ACSIncome/Qwen--Qwen2.5-72B_bench-783719406/ACSIncome_full_seed-42_hash-1998608642.test_predictions.csv
ACSIncome,Qwen--Qwen2.5-7B,0,1,0.06736321143799835,0.5127425653349355,2852369914,10,bullet,=,low,rand 3,results/folktexts/10-variations/model-Qwen--Qwen2.5-7B/Qwen--Qwen2.5-7B_task-ACSIncome/Qwen--Qwen2.5-7B_bench-2852369914/results.bench-2852369914.json,results/folktexts/10-variations/model-Qwen--Qwen2.5-7B/Qwen--Qwen2.5-7B_task-ACSIncome/Qwen--Qwen2.5-7B_bench-355518735/ACSIncome_full_seed-42_hash-1998608642.test_predictions.csv
ACSIncome,Qwen--Qwen2.5-7B,0,1,0.05026737967914439,0.596954040252328,440626555,10,comma,is,low,default,results/folktexts/10-variations/model-Qwen--Qwen2.5-7B/Qwen--Qwen2.5-7B_task-ACSIncome/Qwen--Qwen2.5-7B_bench-440626555/results.bench-440626555.json,results/folktexts/10-variations/model-Qwen--Qwen2.5-7B/Qwen--Qwen2.5-7B_task-ACSIncome/Qwen--Qwen2.5-7B_bench-29549577/ACSIncome_full_seed-42_hash-1998608642.test_predictions.csv
ACSIncome,Qwen--Qwen2.5-7B,0,1,0.07139188495120699,0.5967677981375789,2187125571,10,bullet,is,low, reversed,results/folktexts/10-variations/model-Qwen--Qwen2.5-7B/Qwen--Qwen2.5-7B_task-ACSIncome/Qwen--Qwen2.5-7B_bench-2187125571/results.bench-2187125571.json,results/folktexts/10-variations/model-Qwen--Qwen2.5-7B/Qwen--Qwen2.5-7B_task-ACSIncome/Qwen--Qwen2.5-7B_bench-2125486227/ACSIncome_full_seed-42_hash-1998608642.test_predictions.csv
ACSIncome,Qwen--Qwen2.5-7B,0,1,0.047470817120622566,0.5864163412436167,3720661015,10,comma,:,low, reversed,results/folktexts/10-variations/model-Qwen--Qwen2.5-7B/Qwen--Qwen2.5-7B_task-ACSIncome/Qwen--Qwen2.5-7B_bench-3720661015/results.bench-3720661015.json,results/folktexts/10-variations/model-Qwen--Qwen2.5-7B/Qwen--Qwen2.5-7B_task-ACSIncome/Qwen--Qwen2.5-7B_bench-596751605/ACSIncome_full_seed-42_hash-1998608642.test_predictions.csv
ACSIncome,Qwen--Qwen2.5-7B,0,1,0.06382978723404255,0.6116551516972064,101429918,10,bullet,=,low,rand 2,results/folktexts/10-variations/model-Qwen--Qwen2.5-7B/Qwen--Qwen2.5-7B_task-ACSIncome/Qwen--Qwen2.5-7B_bench-101429918/results.bench-101429918.json,results/folktexts/10-variations/model-Qwen--Qwen2.5-7B/Qwen--Qwen2.5-7B_task-ACSIncome/Qwen--Qwen2.5-7B_bench-2280716291/ACSIncome_full_seed-42_hash-1998608642.test_predictions.csv
ACSIncome,Qwen--Qwen2.5-7B,0,1,0.03970452446906741,0.5332171823370382,3791647529,10,text,:,original,rand 1,results/folktexts/10-variations/model-Qwen--Qwen2.5-7B/Qwen--Qwen2.5-7B_task-ACSIncome/Qwen--Qwen2.5-7B_bench-3791647529/results.bench-3791647529.json,results/folktexts/10-variations/model-Qwen--Qwen2.5-7B/Qwen--Qwen2.5-7B_task-ACSIncome/Qwen--Qwen2.5-7B_bench-2662638103/ACSIncome_full_seed-42_hash-1998608642.test_predictions.csv
ACSIncome,Qwen--Qwen2.5-7B,0,1,0.037482646922720964,0.5456893962150796,1018002184,10,text,is,low, reversed,results/folktexts/10-variations/model-Qwen--Qwen2.5-7B/Qwen--Qwen2.5-7B_task-ACSIncome/Qwen--Qwen2.5-7B_bench-1018002184/results.bench-1018002184.json,results/folktexts/10-variations/model-Qwen--Qwen2.5-7B/Qwen--Qwen2.5-7B_task-ACSIncome/Qwen--Qwen2.5-7B_bench-3307048880/ACSIncome_full_seed-42_hash-1998608642.test_predictions.csv
ACSIncome,Qwen--Qwen2.5-7B,0,1,0.04197852261633583,0.5470772003604686,317002808,10,text,is,low,rand 1,results/folktexts/10-variations/model-Qwen--Qwen2.5-7B/Qwen--Qwen2.5-7B_task-ACSIncome/Qwen--Qwen2.5-7B_bench-317002808/results.bench-317002808.json,results/folktexts/10-variations/model-Qwen--Qwen2.5-7B/Qwen--Qwen2.5-7B_task-ACSIncome/Qwen--Qwen2.5-7B_bench-807505453/ACSIncome_full_seed-42_hash-1998608642.test_predictions.csv
ACSIncome,Qwen--Qwen2.5-7B,0,1,0.04445919044459191,0.5638269750675878,837714082,10,text,=,low,rand 1,results/folktexts/10-variations/model-Qwen--Qwen2.5-7B/Qwen--Qwen2.5-7B_task-ACSIncome/Qwen--Qwen2.5-7B_bench-837714082/results.bench-837714082.json,results/folktexts/10-variations/model-Qwen--Qwen2.5-7B/Qwen--Qwen2.5-7B_task-ACSIncome/Qwen--Qwen2.5-7B_bench-3621193494/ACSIncome_full_seed-42_hash-1998608642.test_predictions.csv
ACSIncome,Qwen--Qwen2.5-7B,0,1,0.03967446592065107,0.5611775307900271,336150377,10,text,=,low,rand 3,results/folktexts/10-variations/model-Qwen--Qwen2.5-7B/Qwen--Qwen2.5-7B_task-ACSIncome/Qwen--Qwen2.5-7B_bench-336150377/results.bench-336150377.json,results/folktexts/10-variations/model-Qwen--Qwen2.5-7B/Qwen--Qwen2.5-7B_task-ACSIncome/Qwen--Qwen2.5-7B_bench-3476874401/ACSIncome_full_seed-42_hash-1998608642.test_predictions.csv
ACSIncome,Qwen--Qwen2.5-7B,0,1,0.056647398843930635,0.5646200060078101,1562973640,10,bullet,=,original,rand 2,results/folktexts/10-variations/model-Qwen--Qwen2.5-7B/Qwen--Qwen2.5-7B_task-ACSIncome/Qwen--Qwen2.5-7B_bench-1562973640/results.bench-1562973640.json,results/folktexts/10-variations/model-Qwen--Qwen2.5-7B/Qwen--Qwen2.5-7B_task-ACSIncome/Qwen--Qwen2.5-7B_bench-3918427844/ACSIncome_full_seed-42_hash-1998608642.test_predictions.csv
ACSIncome,Qwen--Qwen2.5-7B,0,1,0.04484433019137389,0.569594472814659,570784790,10,comma,is,original, reversed,results/folktexts/10-variations/model-Qwen--Qwen2.5-7B/Qwen--Qwen2.5-7B_task-ACSIncome/Qwen--Qwen2.5-7B_bench-570784790/results.bench-570784790.json,results/folktexts/10-variations/model-Qwen--Qwen2.5-7B/Qwen--Qwen2.5-7B_task-ACSIncome/Qwen--Qwen2.5-7B_bench-3309283916/ACSIncome_full_seed-42_hash-1998608642.test_predictions.csv
ACSIncome,Qwen--Qwen2.5-7B,0,1,0.03978661924872194,0.5592069690597777,2863666521,10,comma,is,original,rand 1,results/folktexts/10-variations/model-Qwen--Qwen2.5-7B/Qwen--Qwen2.5-7B_task-ACSIncome/Qwen--Qwen2.5-7B_bench-2863666521/results.bench-2863666521.json,results/folktexts/10-variations/model-Qwen--Qwen2.5-7B/Qwen--Qwen2.5-7B_task-ACSIncome/Qwen--Qwen2.5-7B_bench-414213832/ACSIncome_full_seed-42_hash-1998608642.test_predictions.csv
ACSIncome,Qwen--Qwen2.5-7B,0,1,0.060297572435395456,0.5523700811054371,1278856693,10,bullet,:,low,rand 1,results/folktexts/10-variations/model-Qwen--Qwen2.5-7B/Qwen--Qwen2.5-7B_task-ACSIncome/Qwen--Qwen2.5-7B_bench-1278856693/results.bench-1278856693.json,results/folktexts/10-variations/model-Qwen--Qwen2.5-7B/Qwen--Qwen2.5-7B_task-ACSIncome/Qwen--Qwen2.5-7B_bench-3305793579/ACSIncome_full_seed-42_hash-1998608642.test_predictions.csv
ACSIncome,Qwen--Qwen2.5-7B,0,1,0.06761957119296316,0.5361850405527185,3558298285,10,bullet,:,low,rand 3,results/folktexts/10-variations/model-Qwen--Qwen2.5-7B/Qwen--Qwen2.5-7B_task-ACSIncome/Qwen--Qwen2.5-7B_bench-3558298285/results.bench-3558298285.json,results/folktexts/10-variations/model-Qwen--Qwen2.5-7B/Qwen--Qwen2.5-7B_task-ACSIncome/Qwen--Qwen2.5-7B_bench-3104359834/ACSIncome_full_seed-42_hash-1998608642.test_predictions.csv
ACSIncome,Qwen--Qwen2.5-7B,0,1,0.04225352112676056,0.5370501652147792,3772860752,10,text,:,original, reversed,results/folktexts/10-variations/model-Qwen--Qwen2.5-7B/Qwen--Qwen2.5-7B_task-ACSIncome/Qwen--Qwen2.5-7B_bench-3772860752/results.bench-3772860752.json,results/folktexts/10-variations/model-Qwen--Qwen2.5-7B/Qwen--Qwen2.5-7B_task-ACSIncome/Qwen--Qwen2.5-7B_bench-1012257224/ACSIncome_full_seed-42_hash-1998608642.test_predictions.csv
ACSIncome,Qwen--Qwen2.5-7B,0,1,0.06355738454503887,0.5962090717933314,2868507551,10,bullet,=,original, reversed,results/folktexts/10-variations/model-Qwen--Qwen2.5-7B/Qwen--Qwen2.5-7B_task-ACSIncome/Qwen--Qwen2.5-7B_bench-2868507551/results.bench-2868507551.json,results/folktexts/10-variations/model-Qwen--Qwen2.5-7B/Qwen--Qwen2.5-7B_task-ACSIncome/Qwen--Qwen2.5-7B_bench-758180862/ACSIncome_full_seed-42_hash-1998608642.test_predictions.csv
ACSIncome,Qwen--Qwen2.5-7B,0,1,0.033215547703180213,0.5410093121057374,3426016943,10,text,is,low,rand 3,results/folktexts/10-variations/model-Qwen--Qwen2.5-7B/Qwen--Qwen2.5-7B_task-ACSIncome/Qwen--Qwen2.5-7B_bench-3426016943/results.bench-3426016943.json,results/folktexts/10-variations/model-Qwen--Qwen2.5-7B/Qwen--Qwen2.5-7B_task-ACSIncome/Qwen--Qwen2.5-7B_bench-703785040/ACSIncome_full_seed-42_hash-1998608642.test_predictions.csv
ACSIncome,Qwen--Qwen2.5-7B,0,1,0.06368330464716007,0.534719134875338,933779960,10,bullet,is,original,rand 3,results/folktexts/10-variations/model-Qwen--Qwen2.5-7B/Qwen--Qwen2.5-7B_task-ACSIncome/Qwen--Qwen2.5-7B_bench-933779960/results.bench-933779960.json,results/folktexts/10-variations/model-Qwen--Qwen2.5-7B/Qwen--Qwen2.5-7B_task-ACSIncome/Qwen--Qwen2.5-7B_bench-1542505598/ACSIncome_full_seed-42_hash-1998608642.test_predictions.csv
ACSIncome,Qwen--Qwen2.5-7B,0,1,0.060259344012204424,0.5686031841393812,1979847062,10,bullet,=,original,default,results/folktexts/10-variations/model-Qwen--Qwen2.5-7B/Qwen--Qwen2.5-7B_task-ACSIncome/Qwen--Qwen2.5-7B_bench-1979847062/results.bench-1979847062.json,results/folktexts/10-variations/model-Qwen--Qwen2.5-7B/Qwen--Qwen2.5-7B_task-ACSIncome/Qwen--Qwen2.5-7B_bench-2244598602/ACSIncome_full_seed-42_hash-1998608642.test_predictions.csv
ACSIncome,Qwen--Qwen2.5-7B,0,1,0.04446608244076598,0.5585401021327726,2138093100,10,text,:,original,rand 2,results/folktexts/10-variations/model-Qwen--Qwen2.5-7B/Qwen--Qwen2.5-7B_task-ACSIncome/Qwen--Qwen2.5-7B_bench-2138093100/results.bench-2138093100.json,results/folktexts/10-variations/model-Qwen--Qwen2.5-7B/Qwen--Qwen2.5-7B_task-ACSIncome/Qwen--Qwen2.5-7B_bench-1495827825/ACSIncome_full_seed-42_hash-1998608642.test_predictions.csv
ACSIncome,Qwen--Qwen2.5-7B,0,1,0.0504266873545384,0.5752117753079002,2678468574,10,comma,is,low,rand 2,results/folktexts/10-variations/model-Qwen--Qwen2.5-7B/Qwen--Qwen2.5-7B_task-ACSIncome/Qwen--Qwen2.5-7B_bench-2678468574/results.bench-2678468574.json,results/folktexts/10-variations/model-Qwen--Qwen2.5-7B/Qwen--Qwen2.5-7B_task-ACSIncome/Qwen--Qwen2.5-7B_bench-840890484/ACSIncome_full_seed-42_hash-1998608642.test_predictions.csv
ACSIncome,Qwen--Qwen2.5-7B,0,1,0.06736321143799835,0.51716431360769,2756225634,10,bullet,:,low, reversed,results/folktexts/10-variations/model-Qwen--Qwen2.5-7B/Qwen--Qwen2.5-7B_task-ACSIncome/Qwen--Qwen2.5-7B_bench-2756225634/results.bench-2756225634.json,results/folktexts/10-variations/model-Qwen--Qwen2.5-7B/Qwen--Qwen2.5-7B_task-ACSIncome/Qwen--Qwen2.5-7B_bench-4138620404/ACSIncome_full_seed-42_hash-1998608642.test_predictions.csv
ACSIncome,Qwen--Qwen2.5-7B,0,1,0.04455895725977569,0.5523520576749775,3083595582,10,comma,is,original,default,results/folktexts/10-variations/model-Qwen--Qwen2.5-7B/Qwen--Qwen2.5-7B_task-ACSIncome/Qwen--Qwen2.5-7B_bench-3083595582/results.bench-3083595582.json,results/folktexts/10-variations/model-Qwen--Qwen2.5-7B/Qwen--Qwen2.5-7B_task-ACSIncome/Qwen--Qwen2.5-7B_bench-3170033732/ACSIncome_full_seed-42_hash-1998608642.test_predictions.csv
ACSIncome,Qwen--Qwen2.5-7B,0,1,0.06756059824651882,0.5649864824271553,3959820983,10,bullet,=,low, reversed,results/folktexts/10-variations/model-Qwen--Qwen2.5-7B/Qwen--Qwen2.5-7B_task-ACSIncome/Qwen--Qwen2.5-7B_bench-3959820983/results.bench-3959820983.json,results/folktexts/10-variations/model-Qwen--Qwen2.5-7B/Qwen--Qwen2.5-7B_task-ACSIncome/Qwen--Qwen2.5-7B_bench-3946270829/ACSIncome_full_seed-42_hash-1998608642.test_predictions.csv
ACSIncome,Qwen--Qwen2.5-7B,0,1,0.04196738839882384,0.5782276960048063,2102330203,10,text,=,low, reversed,results/folktexts/10-variations/model-Qwen--Qwen2.5-7B/Qwen--Qwen2.5-7B_task-ACSIncome/Qwen--Qwen2.5-7B_bench-2102330203/results.bench-2102330203.json,results/folktexts/10-variations/model-Qwen--Qwen2.5-7B/Qwen--Qwen2.5-7B_task-ACSIncome/Qwen--Qwen2.5-7B_bench-239988011/ACSIncome_full_seed-42_hash-1998608642.test_predictions.csv
ACSIncome,Qwen--Qwen2.5-7B,0,1,0.05349561279365978,0.5923520576749775,3667155619,10,comma,=,low,default,results/folktexts/10-variations/model-Qwen--Qwen2.5-7B/Qwen--Qwen2.5-7B_task-ACSIncome/Qwen--Qwen2.5-7B_bench-3667155619/results.bench-3667155619.json,results/folktexts/10-variations/model-Qwen--Qwen2.5-7B/Qwen--Qwen2.5-7B_task-ACSIncome/Qwen--Qwen2.5-7B_bench-1621115986/ACSIncome_full_seed-42_hash-1998608642.test_predictions.csv
ACSIncome,Qwen--Qwen2.5-7B,0,1,0.06739526411657559,0.5737158305797537,1408593225,10,bullet,is,original, reversed,results/folktexts/10-variations/model-Qwen--Qwen2.5-7B/Qwen--Qwen2.5-7B_task-ACSIncome/Qwen--Qwen2.5-7B_bench-1408593225/results.bench-1408593225.json,results/folktexts/10-variations/model-Qwen--Qwen2.5-7B/Qwen--Qwen2.5-7B_task-ACSIncome/Qwen--Qwen2.5-7B_bench-1705455492/ACSIncome_full_seed-42_hash-1998608642.test_predictions.csv
ACSIncome,Qwen--Qwen2.5-7B,0,1,0.03962040332147094,0.5221027335536197,1086536953,10,text,is,original, reversed,results/folktexts/10-variations/model-Qwen--Qwen2.5-7B/Qwen--Qwen2.5-7B_task-ACSIncome/Qwen--Qwen2.5-7B_bench-1086536953/results.bench-1086536953.json,results/folktexts/10-variations/model-Qwen--Qwen2.5-7B/Qwen--Qwen2.5-7B_task-ACSIncome/Qwen--Qwen2.5-7B_bench-1283287588/ACSIncome_full_seed-42_hash-1998608642.test_predictions.csv
ACSIncome,Qwen--Qwen2.5-7B,0,1,0.05026737967914439,0.5899789726644638,3214460577,10,comma,:,low,rand 1,results/folktexts/10-variations/model-Qwen--Qwen2.5-7B/Qwen--Qwen2.5-7B_task-ACSIncome/Qwen--Qwen2.5-7B_bench-3214460577/results.bench-3214460577.json,results/folktexts/10-variations/model-Qwen--Qwen2.5-7B/Qwen--Qwen2.5-7B_task-ACSIncome/Qwen--Qwen2.5-7B_bench-3518633297/ACSIncome_full_seed-42_hash-1998608642.test_predictions.csv
ACSIncome,Qwen--Qwen2.5-7B,0,1,0.0635260528194147,0.5040913187143287,3874212892,10,bullet,is,low,default,results/folktexts/10-variations/model-Qwen--Qwen2.5-7B/Qwen--Qwen2.5-7B_task-ACSIncome/Qwen--Qwen2.5-7B_bench-3874212892/results.bench-3874212892.json,results/folktexts/10-variations/model-Qwen--Qwen2.5-7B/Qwen--Qwen2.5-7B_task-ACSIncome/Qwen--Qwen2.5-7B_bench-2650851132/ACSIncome_full_seed-42_hash-1998608642.test_predictions.csv
ACSIncome,Qwen--Qwen2.5-7B,0,1,0.07156673114119923,0.5985701411835386,1425350947,10,bullet,=,low,default,results/folktexts/10-variations/model-Qwen--Qwen2.5-7B/Qwen--Qwen2.5-7B_task-ACSIncome/Qwen--Qwen2.5-7B_bench-1425350947/results.bench-1425350947.json,results/folktexts/10-variations/model-Qwen--Qwen2.5-7B/Qwen--Qwen2.5-7B_task-ACSIncome/Qwen--Qwen2.5-7B_bench-3611368683/ACSIncome_full_seed-42_hash-1998608642.test_predictions.csv
ACSIncome,Qwen--Qwen2.5-7B,0,1,0.056793673616103525,0.539729648543106,3261543198,10,bullet,=,original,rand 3,results/folktexts/10-variations/model-Qwen--Qwen2.5-7B/Qwen--Qwen2.5-7B_task-ACSIncome/Qwen--Qwen2.5-7B_bench-3261543198/results.bench-3261543198.json,results/folktexts/10-variations/model-Qwen--Qwen2.5-7B/Qwen--Qwen2.5-7B_task-ACSIncome/Qwen--Qwen2.5-7B_bench-67135281/ACSIncome_full_seed-42_hash-1998608642.test_predictions.csv
ACSIncome,Qwen--Qwen2.5-7B,0,1,0.06387128230131643,0.505310904175428,3750403335,10,bullet,is,original,default,results/folktexts/10-variations/model-Qwen--Qwen2.5-7B/Qwen--Qwen2.5-7B_task-ACSIncome/Qwen--Qwen2.5-7B_bench-3750403335/results.bench-3750403335.json,results/folktexts/10-variations/model-Qwen--Qwen2.5-7B/Qwen--Qwen2.5-7B_task-ACSIncome/Qwen--Qwen2.5-7B_bench-3886572423/ACSIncome_full_seed-42_hash-1998608642.test_predictions.csv
ACSIncome,Qwen--Qwen2.5-7B,0,1,0.06022659511031604,0.6251667167317513,1289528877,10,bullet,is,low,rand 2,results/folktexts/10-variations/model-Qwen--Qwen2.5-7B/Qwen--Qwen2.5-7B_task-ACSIncome/Qwen--Qwen2.5-7B_bench-1289528877/results.bench-1289528877.json,results/folktexts/10-variations/model-Qwen--Qwen2.5-7B/Qwen--Qwen2.5-7B_task-ACSIncome/Qwen--Qwen2.5-7B_bench-1360375270/ACSIncome_full_seed-42_hash-1998608642.test_predictions.csv
ACSIncome,Qwen--Qwen2.5-7B,0,1,0.06004678970626462,0.5849804746170021,2780535664,10,bullet,:,original,rand 3,results/folktexts/10-variations/model-Qwen--Qwen2.5-7B/Qwen--Qwen2.5-7B_task-ACSIncome/Qwen--Qwen2.5-7B_bench-2780535664/results.bench-2780535664.json,results/folktexts/10-variations/model-Qwen--Qwen2.5-7B/Qwen--Qwen2.5-7B_task-ACSIncome/Qwen--Qwen2.5-7B_bench-3285009301/ACSIncome_full_seed-42_hash-1998608642.test_predictions.csv
ACSIncome,Qwen--Qwen2.5-7B,0,1,0.04446608244076598,0.580120156203064,1351510455,10,text,:,low,rand 1,results/folktexts/10-variations/model-Qwen--Qwen2.5-7B/Qwen--Qwen2.5-7B_task-ACSIncome/Qwen--Qwen2.5-7B_bench-1351510455/results.bench-1351510455.json,results/folktexts/10-variations/model-Qwen--Qwen2.5-7B/Qwen--Qwen2.5-7B_task-ACSIncome/Qwen--Qwen2.5-7B_bench-2188560271/ACSIncome_full_seed-42_hash-1998608642.test_predictions.csv
ACSIncome,Qwen--Qwen2.5-7B,0,1,0.06387128230131643,0.5760108140582758,2367569919,10,bullet,is,low,rand 3,results/folktexts/10-variations/model-Qwen--Qwen2.5-7B/Qwen--Qwen2.5-7B_task-ACSIncome/Qwen--Qwen2.5-7B_bench-2367569919/results.bench-2367569919.json,results/folktexts/10-variations/model-Qwen--Qwen2.5-7B/Qwen--Qwen2.5-7B_task-ACSIncome/Qwen--Qwen2.5-7B_bench-3536342929/ACSIncome_full_seed-42_hash-1998608642.test_predictions.csv
ACSIncome,Qwen--Qwen2.5-7B,0,1,0.047553882996920975,0.6039591468909582,4102355963,10,comma,is,low, reversed,results/folktexts/10-variations/model-Qwen--Qwen2.5-7B/Qwen--Qwen2.5-7B_task-ACSIncome/Qwen--Qwen2.5-7B_bench-4102355963/results.bench-4102355963.json,results/folktexts/10-variations/model-Qwen--Qwen2.5-7B/Qwen--Qwen2.5-7B_task-ACSIncome/Qwen--Qwen2.5-7B_bench-3839407613/ACSIncome_full_seed-42_hash-1998608642.test_predictions.csv
ACSIncome,Qwen--Qwen2.5-7B,0,1,0.059841384282624366,0.5981075398017422,1366587825,10,comma,=,low,rand 2,results/folktexts/10-variations/model-Qwen--Qwen2.5-7B/Qwen--Qwen2.5-7B_task-ACSIncome/Qwen--Qwen2.5-7B_bench-1366587825/results.bench-1366587825.json,results/folktexts/10-variations/model-Qwen--Qwen2.5-7B/Qwen--Qwen2.5-7B_task-ACSIncome/Qwen--Qwen2.5-7B_bench-4203859778/ACSIncome_full_seed-42_hash-1998608642.test_predictions.csv
ACSIncome,Qwen--Qwen2.5-7B,0,1,0.05363703159441587,0.596803844998498,1729643487,10,comma,:,low,rand 3,results/folktexts/10-variations/model-Qwen--Qwen2.5-7B/Qwen--Qwen2.5-7B_task-ACSIncome/Qwen--Qwen2.5-7B_bench-1729643487/results.bench-1729643487.json,results/folktexts/10-variations/model-Qwen--Qwen2.5-7B/Qwen--Qwen2.5-7B_task-ACSIncome/Qwen--Qwen2.5-7B_bench-1075519902/ACSIncome_full_seed-42_hash-1998608642.test_predictions.csv
ACSIncome,Qwen--Qwen2.5-7B,0,1,0.06380607411535247,0.5984680084109342,4078544649,10,bullet,:,original,default,results/folktexts/10-variations/model-Qwen--Qwen2.5-7B/Qwen--Qwen2.5-7B_task-ACSIncome/Qwen--Qwen2.5-7B_bench-4078544649/results.bench-4078544649.json,results/folktexts/10-variations/model-Qwen--Qwen2.5-7B/Qwen--Qwen2.5-7B_task-ACSIncome/Qwen--Qwen2.5-7B_bench-3243903714/ACSIncome_full_seed-42_hash-1998608642.test_predictions.csv
ACSIncome,Qwen--Qwen2.5-7B,0,1,0.056865464632454926,0.6062421147491739,3362305131,10,bullet,:,original,rand 2,results/folktexts/10-variations/model-Qwen--Qwen2.5-7B/Qwen--Qwen2.5-7B_task-ACSIncome/Qwen--Qwen2.5-7B_bench-3362305131/results.bench-3362305131.json,results/folktexts/10-variations/model-Qwen--Qwen2.5-7B/Qwen--Qwen2.5-7B_task-ACSIncome/Qwen--Qwen2.5-7B_bench-2857484383/ACSIncome_full_seed-42_hash-1998608642.test_predictions.csv
ACSIncome,Qwen--Qwen2.5-7B,0,1,0.056742815033161385,0.5439231000300391,3929781543,10,bullet,is,original,rand 1,results/folktexts/10-variations/model-Qwen--Qwen2.5-7B/Qwen--Qwen2.5-7B_task-ACSIncome/Qwen--Qwen2.5-7B_bench-3929781543/results.bench-3929781543.json,results/folktexts/10-variations/model-Qwen--Qwen2.5-7B/Qwen--Qwen2.5-7B_task-ACSIncome/Qwen--Qwen2.5-7B_bench-3773603931/ACSIncome_full_seed-42_hash-1998608642.test_predictions.csv
ACSIncome,Qwen--Qwen2.5-7B,0,1,0.06385506385506386,0.5080024031240613,2314728857,10,bullet,:,low,default,results/folktexts/10-variations/model-Qwen--Qwen2.5-7B/Qwen--Qwen2.5-7B_task-ACSIncome/Qwen--Qwen2.5-7B_bench-2314728857/results.bench-2314728857.json,results/folktexts/10-variations/model-Qwen--Qwen2.5-7B/Qwen--Qwen2.5-7B_task-ACSIncome/Qwen--Qwen2.5-7B_bench-2597812830/ACSIncome_full_seed-42_hash-1998608642.test_predictions.csv
ACSIncome,Qwen--Qwen2.5-7B,0,1,0.04225352112676056,0.5753920096124963,834099311,10,text,:,low,rand 2,results/folktexts/10-variations/model-Qwen--Qwen2.5-7B/Qwen--Qwen2.5-7B_task-ACSIncome/Qwen--Qwen2.5-7B_bench-834099311/results.bench-834099311.json,results/folktexts/10-variations/model-Qwen--Qwen2.5-7B/Qwen--Qwen2.5-7B_task-ACSIncome/Qwen--Qwen2.5-7B_bench-2292424716/ACSIncome_full_seed-42_hash-1998608642.test_predictions.csv
ACSIncome,Qwen--Qwen2.5-7B,0,1,0.03970452446906741,0.5421568038449985,4248953969,10,text,=,original,default,results/folktexts/10-variations/model-Qwen--Qwen2.5-7B/Qwen--Qwen2.5-7B_task-ACSIncome/Qwen--Qwen2.5-7B_bench-4248953969/results.bench-4248953969.json,results/folktexts/10-variations/model-Qwen--Qwen2.5-7B/Qwen--Qwen2.5-7B_task-ACSIncome/Qwen--Qwen2.5-7B_bench-3492175009/ACSIncome_full_seed-42_hash-1998608642.test_predictions.csv
ACSIncome,Qwen--Qwen2.5-7B,0,1,0.05643627140139505,0.5806668669270051,355235331,10,bullet,:,original,rand 1,results/folktexts/10-variations/model-Qwen--Qwen2.5-7B/Qwen--Qwen2.5-7B_task-ACSIncome/Qwen--Qwen2.5-7B_bench-355235331/results.bench-355235331.json,results/folktexts/10-variations/model-Qwen--Qwen2.5-7B/Qwen--Qwen2.5-7B_task-ACSIncome/Qwen--Qwen2.5-7B_bench-1641898518/ACSIncome_full_seed-42_hash-1998608642.test_predictions.csv
ACSIncome,Qwen--Qwen2.5-7B,0,1,0.042150274893097125,0.5526824872334034,78274487,10,text,is,low,rand 2,results/folktexts/10-variations/model-Qwen--Qwen2.5-7B/Qwen--Qwen2.5-7B_task-ACSIncome/Qwen--Qwen2.5-7B_bench-78274487/results.bench-78274487.json,results/folktexts/10-variations/model-Qwen--Qwen2.5-7B/Qwen--Qwen2.5-7B_task-ACSIncome/Qwen--Qwen2.5-7B_bench-85658780/ACSIncome_full_seed-42_hash-1998608642.test_predictions.csv
ACSIncome,Qwen--Qwen2.5-7B,0,1,0.04227710339053997,0.5443676779813758,4097352358,10,text,is,original,rand 1,results/folktexts/10-variations/model-Qwen--Qwen2.5-7B/Qwen--Qwen2.5-7B_task-ACSIncome/Qwen--Qwen2.5-7B_bench-4097352358/results.bench-4097352358.json,results/folktexts/10-variations/model-Qwen--Qwen2.5-7B/Qwen--Qwen2.5-7B_task-ACSIncome/Qwen--Qwen2.5-7B_bench-2814066767/ACSIncome_full_seed-42_hash-1998608642.test_predictions.csv
ACSIncome,Qwen--Qwen2.5-7B,0,1,0.0504266873545384,0.6040192249924903,4013471632,10,comma,=,low,rand 1,results/folktexts/10-variations/model-Qwen--Qwen2.5-7B/Qwen--Qwen2.5-7B_task-ACSIncome/Qwen--Qwen2.5-7B_bench-4013471632/results.bench-4013471632.json,results/folktexts/10-variations/model-Qwen--Qwen2.5-7B/Qwen--Qwen2.5-7B_task-ACSIncome/Qwen--Qwen2.5-7B_bench-54721555/ACSIncome_full_seed-42_hash-1998608642.test_predictions.csv
ACSIncome,Qwen--Qwen2.5-7B,0,1,0.04465424853278898,0.5510303394412737,90048886,10,comma,is,original,rand 3,results/folktexts/10-variations/model-Qwen--Qwen2.5-7B/Qwen--Qwen2.5-7B_task-ACSIncome/Qwen--Qwen2.5-7B_bench-90048886/results.bench-90048886.json,results/folktexts/10-variations/model-Qwen--Qwen2.5-7B/Qwen--Qwen2.5-7B_task-ACSIncome/Qwen--Qwen2.5-7B_bench-3851576598/ACSIncome_full_seed-42_hash-1998608642.test_predictions.csv
ACSIncome,Qwen--Qwen2.5-7B,0,1,0.056910569105691054,0.6107840192249925,3032305937,10,bullet,is,original,rand 2,results/folktexts/10-variations/model-Qwen--Qwen2.5-7B/Qwen--Qwen2.5-7B_task-ACSIncome/Qwen--Qwen2.5-7B_bench-3032305937/results.bench-3032305937.json,results/folktexts/10-variations/model-Qwen--Qwen2.5-7B/Qwen--Qwen2.5-7B_task-ACSIncome/Qwen--Qwen2.5-7B_bench-1803250149/ACSIncome_full_seed-42_hash-1998608642.test_predictions.csv
ACSIncome,Qwen--Qwen2.5-7B,0,1,0.05054945054945055,0.6085491138480024,3272006135,10,comma,=,low, reversed,results/folktexts/10-variations/model-Qwen--Qwen2.5-7B/Qwen--Qwen2.5-7B_task-ACSIncome/Qwen--Qwen2.5-7B_bench-3272006135/results.bench-3272006135.json,results/folktexts/10-variations/model-Qwen--Qwen2.5-7B/Qwen--Qwen2.5-7B_task-ACSIncome/Qwen--Qwen2.5-7B_bench-3112645930/ACSIncome_full_seed-42_hash-1998608642.test_predictions.csv
ACSIncome,Qwen--Qwen2.5-7B,0,1,0.04471646265301024,0.5711084409732653,827763863,10,comma,is,low,rand 1,results/folktexts/10-variations/model-Qwen--Qwen2.5-7B/Qwen--Qwen2.5-7B_task-ACSIncome/Qwen--Qwen2.5-7B_bench-827763863/results.bench-827763863.json,results/folktexts/10-variations/model-Qwen--Qwen2.5-7B/Qwen--Qwen2.5-7B_task-ACSIncome/Qwen--Qwen2.5-7B_bench-3764268795/ACSIncome_full_seed-42_hash-1998608642.test_predictions.csv
ACSIncome,Qwen--Qwen2.5-7B,0,1,0.03962338171832091,0.5241694202463202,1116284063,10,text,=,original,rand 3,results/folktexts/10-variations/model-Qwen--Qwen2.5-7B/Qwen--Qwen2.5-7B_task-ACSIncome/Qwen--Qwen2.5-7B_bench-1116284063/results.bench-1116284063.json,results/folktexts/10-variations/model-Qwen--Qwen2.5-7B/Qwen--Qwen2.5-7B_task-ACSIncome/Qwen--Qwen2.5-7B_bench-1849011312/ACSIncome_full_seed-42_hash-1998608642.test_predictions.csv
ACSIncome,Qwen--Qwen2.5-7B,0,1,0.05027256208358571,0.5497987383598678,3710402673,10,comma,:,low,default,results/folktexts/10-variations/model-Qwen--Qwen2.5-7B/Qwen--Qwen2.5-7B_task-ACSIncome/Qwen--Qwen2.5-7B_bench-3710402673/results.bench-3710402673.json,results/folktexts/10-variations/model-Qwen--Qwen2.5-7B/Qwen--Qwen2.5-7B_task-ACSIncome/Qwen--Qwen2.5-7B_bench-2207787645/ACSIncome_full_seed-42_hash-1998608642.test_predictions.csv
ACSIncome,Qwen--Qwen2.5-7B,0,1,0.04484433019137389,0.5623610693902072,907329881,10,comma,is,original,rand 2,results/folktexts/10-variations/model-Qwen--Qwen2.5-7B/Qwen--Qwen2.5-7B_task-ACSIncome/Qwen--Qwen2.5-7B_bench-907329881/results.bench-907329881.json,results/folktexts/10-variations/model-Qwen--Qwen2.5-7B/Qwen--Qwen2.5-7B_task-ACSIncome/Qwen--Qwen2.5-7B_bench-450572769/ACSIncome_full_seed-42_hash-1998608642.test_predictions.csv
ACSIncome,Qwen--Qwen2.5-7B,0,1,0.0473511486169714,0.5687293481525983,3535494949,10,text,=,low,rand 2,results/folktexts/10-variations/model-Qwen--Qwen2.5-7B/Qwen--Qwen2.5-7B_task-ACSIncome/Qwen--Qwen2.5-7B_bench-3535494949/results.bench-3535494949.json,results/folktexts/10-variations/model-Qwen--Qwen2.5-7B/Qwen--Qwen2.5-7B_task-ACSIncome/Qwen--Qwen2.5-7B_bench-737720348/ACSIncome_full_seed-42_hash-1998608642.test_predictions.csv
ACSIncome,Qwen--Qwen2.5-7B,0,1,0.04198473282442748,0.5854550916191048,2999535112,10,text,=,low,default,results/folktexts/10-variations/model-Qwen--Qwen2.5-7B/Qwen--Qwen2.5-7B_task-ACSIncome/Qwen--Qwen2.5-7B_bench-2999535112/results.bench-2999535112.json,results/folktexts/10-variations/model-Qwen--Qwen2.5-7B/Qwen--Qwen2.5-7B_task-ACSIncome/Qwen--Qwen2.5-7B_bench-3717902654/ACSIncome_full_seed-42_hash-1998608642.test_predictions.csv
ACSIncome,Qwen--Qwen2.5-7B,0,1,0.0421455938697318,0.5490537699008712,3075615806,10,text,:,original,default,results/folktexts/10-variations/model-Qwen--Qwen2.5-7B/Qwen--Qwen2.5-7B_task-ACSIncome/Qwen--Qwen2.5-7B_bench-3075615806/results.bench-3075615806.json,results/folktexts/10-variations/model-Qwen--Qwen2.5-7B/Qwen--Qwen2.5-7B_task-ACSIncome/Qwen--Qwen2.5-7B_bench-2567531385/ACSIncome_full_seed-42_hash-1998608642.test_predictions.csv
ACSIncome,Qwen--Qwen2.5-7B,0,1,0.04468292682926829,0.5492039651547012,4236091976,10,text,=,original,rand 2,results/folktexts/10-variations/model-Qwen--Qwen2.5-7B/Qwen--Qwen2.5-7B_task-ACSIncome/Qwen--Qwen2.5-7B_bench-4236091976/results.bench-4236091976.json,results/folktexts/10-variations/model-Qwen--Qwen2.5-7B/Qwen--Qwen2.5-7B_task-ACSIncome/Qwen--Qwen2.5-7B_bench-1348916942/ACSIncome_full_seed-42_hash-1998608642.test_predictions.csv
ACSIncome,Qwen--Qwen2.5-7B,0,1,0.0635260528194147,0.5953559627515771,907048685,10,bullet,:,original, reversed,results/folktexts/10-variations/model-Qwen--Qwen2.5-7B/Qwen--Qwen2.5-7B_task-ACSIncome/Qwen--Qwen2.5-7B_bench-907048685/results.bench-907048685.json,results/folktexts/10-variations/model-Qwen--Qwen2.5-7B/Qwen--Qwen2.5-7B_task-ACSIncome/Qwen--Qwen2.5-7B_bench-3161634211/ACSIncome_full_seed-42_hash-1998608642.test_predictions.csv
ACSIncome,Qwen--Qwen2.5-7B,0,1,0.03535811423390753,0.5459657554821268,1309968180,10,text,is,original,rand 3,results/folktexts/10-variations/model-Qwen--Qwen2.5-7B/Qwen--Qwen2.5-7B_task-ACSIncome/Qwen--Qwen2.5-7B_bench-1309968180/results.bench-1309968180.json,results/folktexts/10-variations/model-Qwen--Qwen2.5-7B/Qwen--Qwen2.5-7B_task-ACSIncome/Qwen--Qwen2.5-7B_bench-3961684511/ACSIncome_full_seed-42_hash-1998608642.test_predictions.csv
ACSIncome,Qwen--Qwen2.5-7B,0,1,0.0351035103510351,0.5399519375187745,2912698350,10,text,is,low,default,results/folktexts/10-variations/model-Qwen--Qwen2.5-7B/Qwen--Qwen2.5-7B_task-ACSIncome/Qwen--Qwen2.5-7B_bench-2912698350/results.bench-2912698350.json,results/folktexts/10-variations/model-Qwen--Qwen2.5-7B/Qwen--Qwen2.5-7B_task-ACSIncome/Qwen--Qwen2.5-7B_bench-726942379/ACSIncome_full_seed-42_hash-1998608642.test_predictions.csv
ACSIncome,Qwen--Qwen2.5-7B,0,1,0.037161352193718536,0.5302132772604385,1734469043,10,text,is,original,default,results/folktexts/10-variations/model-Qwen--Qwen2.5-7B/Qwen--Qwen2.5-7B_task-ACSIncome/Qwen--Qwen2.5-7B_bench-1734469043/results.bench-1734469043.json,results/folktexts/10-variations/model-Qwen--Qwen2.5-7B/Qwen--Qwen2.5-7B_task-ACSIncome/Qwen--Qwen2.5-7B_bench-894208968/ACSIncome_full_seed-42_hash-1998608642.test_predictions.csv
ACSIncome,Qwen--Qwen2.5-7B,0,1,0.05661641541038526,0.5837188344848303,11494304,10,bullet,=,original,rand 1,results/folktexts/10-variations/model-Qwen--Qwen2.5-7B/Qwen--Qwen2.5-7B_task-ACSIncome/Qwen--Qwen2.5-7B_bench-11494304/results.bench-11494304.json,results/folktexts/10-variations/model-Qwen--Qwen2.5-7B/Qwen--Qwen2.5-7B_task-ACSIncome/Qwen--Qwen2.5-7B_bench-3043693899/ACSIncome_full_seed-42_hash-1998608642.test_predictions.csv
ACSIncome,Qwen--Qwen2.5-7B,0,1,0.04452882292026234,0.5582096725743466,2688974509,10,text,is,original,rand 2,results/folktexts/10-variations/model-Qwen--Qwen2.5-7B/Qwen--Qwen2.5-7B_task-ACSIncome/Qwen--Qwen2.5-7B_bench-2688974509/results.bench-2688974509.json,results/folktexts/10-variations/model-Qwen--Qwen2.5-7B/Qwen--Qwen2.5-7B_task-ACSIncome/Qwen--Qwen2.5-7B_bench-2107304201/ACSIncome_full_seed-42_hash-1998608642.test_predictions.csv
ACSIncome,Qwen--Qwen2.5-7B,0,1,0.05672969966629588,0.5154580955241814,1633024942,10,bullet,=,low,rand 1,results/folktexts/10-variations/model-Qwen--Qwen2.5-7B/Qwen--Qwen2.5-7B_task-ACSIncome/Qwen--Qwen2.5-7B_bench-1633024942/results.bench-1633024942.json,results/folktexts/10-variations/model-Qwen--Qwen2.5-7B/Qwen--Qwen2.5-7B_task-ACSIncome/Qwen--Qwen2.5-7B_bench-1566963047/ACSIncome_full_seed-42_hash-1998608642.test_predictions.csv
ACSIncome,Qwen--Qwen2.5-7B,0,1,0.05042881646655232,0.5909762691498949,2462945275,10,comma,:,low,rand 2,results/folktexts/10-variations/model-Qwen--Qwen2.5-7B/Qwen--Qwen2.5-7B_task-ACSIncome/Qwen--Qwen2.5-7B_bench-2462945275/results.bench-2462945275.json,results/folktexts/10-variations/model-Qwen--Qwen2.5-7B/Qwen--Qwen2.5-7B_task-ACSIncome/Qwen--Qwen2.5-7B_bench-4189974170/ACSIncome_full_seed-42_hash-1998608642.test_predictions.csv
ACSIncome,Qwen--Qwen2.5-7B,0,1,0.042032053220441484,0.5303033944127366,4067785461,10,text,=,original, reversed,results/folktexts/10-variations/model-Qwen--Qwen2.5-7B/Qwen--Qwen2.5-7B_task-ACSIncome/Qwen--Qwen2.5-7B_bench-4067785461/results.bench-4067785461.json,results/folktexts/10-variations/model-Qwen--Qwen2.5-7B/Qwen--Qwen2.5-7B_task-ACSIncome/Qwen--Qwen2.5-7B_bench-3445290053/ACSIncome_full_seed-42_hash-1998608642.test_predictions.csv
ACSIncome,Qwen--Qwen2.5-7B,0,1,0.06351845693382109,0.607996395313908,2603186254,10,bullet,is,low,rand 1,results/folktexts/10-variations/model-Qwen--Qwen2.5-7B/Qwen--Qwen2.5-7B_task-ACSIncome/Qwen--Qwen2.5-7B_bench-2603186254/results.bench-2603186254.json,results/folktexts/10-variations/model-Qwen--Qwen2.5-7B/Qwen--Qwen2.5-7B_task-ACSIncome/Qwen--Qwen2.5-7B_bench-3631196118/ACSIncome_full_seed-42_hash-1998608642.test_predictions.csv
ACSIncome,Qwen--Qwen2.5-7B,0,1,0.059907834101382486,0.5987503754881346,3455135268,10,comma,=,low,rand 3,results/folktexts/10-variations/model-Qwen--Qwen2.5-7B/Qwen--Qwen2.5-7B_task-ACSIncome/Qwen--Qwen2.5-7B_bench-3455135268/results.bench-3455135268.json,results/folktexts/10-variations/model-Qwen--Qwen2.5-7B/Qwen--Qwen2.5-7B_task-ACSIncome/Qwen--Qwen2.5-7B_bench-1773106100/ACSIncome_full_seed-42_hash-1998608642.test_predictions.csv
ACSIncome,Qwen--Qwen2.5-7B,0,1,0.044607033278262924,0.5450946230099128,292745623,10,text,=,original,rand 1,results/folktexts/10-variations/model-Qwen--Qwen2.5-7B/Qwen--Qwen2.5-7B_task-ACSIncome/Qwen--Qwen2.5-7B_bench-292745623/results.bench-292745623.json,results/folktexts/10-variations/model-Qwen--Qwen2.5-7B/Qwen--Qwen2.5-7B_task-ACSIncome/Qwen--Qwen2.5-7B_bench-2270099520/ACSIncome_full_seed-42_hash-1998608642.test_predictions.csv
ACSIncome,Qwen--Qwen2.5-7B,0,1,0.04203013481363997,0.5754881345749474,3970841175,10,text,:,low,rand 3,results/folktexts/10-variations/model-Qwen--Qwen2.5-7B/Qwen--Qwen2.5-7B_task-ACSIncome/Qwen--Qwen2.5-7B_bench-3970841175/results.bench-3970841175.json,results/folktexts/10-variations/model-Qwen--Qwen2.5-7B/Qwen--Qwen2.5-7B_task-ACSIncome/Qwen--Qwen2.5-7B_bench-1450000371/ACSIncome_full_seed-42_hash-1998608642.test_predictions.csv
ACSIncome,Qwen--Qwen2.5-7B,0,1,0.0475791238734018,0.5978612195854611,944681042,10,comma,is,low,rand 3,results/folktexts/10-variations/model-Qwen--Qwen2.5-7B/Qwen--Qwen2.5-7B_task-ACSIncome/Qwen--Qwen2.5-7B_bench-944681042/results.bench-944681042.json,results/folktexts/10-variations/model-Qwen--Qwen2.5-7B/Qwen--Qwen2.5-7B_task-ACSIncome/Qwen--Qwen2.5-7B_bench-980513842/ACSIncome_full_seed-42_hash-1998608642.test_predictions.csv
ACSIncome,Qwen--Qwen2.5-7B,0,1,0.04487722269263336,0.592940823069991,3317690331,10,text,:,low, reversed,results/folktexts/10-variations/model-Qwen--Qwen2.5-7B/Qwen--Qwen2.5-7B_task-ACSIncome/Qwen--Qwen2.5-7B_bench-3317690331/results.bench-3317690331.json,results/folktexts/10-variations/model-Qwen--Qwen2.5-7B/Qwen--Qwen2.5-7B_task-ACSIncome/Qwen--Qwen2.5-7B_bench-3524864458/ACSIncome_full_seed-42_hash-1998608642.test_predictions.csv
ACSIncome,Qwen--Qwen2.5-7B,0,1,0.03950995405819296,0.5126224091318714,1568244502,10,text,:,original,rand 3,results/folktexts/10-variations/model-Qwen--Qwen2.5-7B/Qwen--Qwen2.5-7B_task-ACSIncome/Qwen--Qwen2.5-7B_bench-1568244502/results.bench-1568244502.json,results/folktexts/10-variations/model-Qwen--Qwen2.5-7B/Qwen--Qwen2.5-7B_task-ACSIncome/Qwen--Qwen2.5-7B_bench-198297169/ACSIncome_full_seed-42_hash-1998608642.test_predictions.csv
ACSIncome,Qwen--Qwen2.5-7B,0,1,0.06338312474767864,0.5905316911985581,391305376,10,bullet,:,low,rand 2,results/folktexts/10-variations/model-Qwen--Qwen2.5-7B/Qwen--Qwen2.5-7B_task-ACSIncome/Qwen--Qwen2.5-7B_bench-391305376/results.bench-391305376.json,results/folktexts/10-variations/model-Qwen--Qwen2.5-7B/Qwen--Qwen2.5-7B_task-ACSIncome/Qwen--Qwen2.5-7B_bench-4255187781/ACSIncome_full_seed-42_hash-1998608642.test_predictions.csv
ACSIncome,Qwen--Qwen2.5-7B,0,1,0.041916167664670656,0.5873054971462902,3881912656,10,text,:,low,default,results/folktexts/10-variations/model-Qwen--Qwen2.5-7B/Qwen--Qwen2.5-7B_task-ACSIncome/Qwen--Qwen2.5-7B_bench-3881912656/results.bench-3881912656.json,results/folktexts/10-variations/model-Qwen--Qwen2.5-7B/Qwen--Qwen2.5-7B_task-ACSIncome/Qwen--Qwen2.5-7B_bench-3060123648/ACSIncome_full_seed-42_hash-1998608642.test_predictions.csv
ACSIncome,meta-llama--Meta-Llama-3.3-70B-Instruct,1,1,0.11374407582938388,0.5797536797837188,1482853348,10,bullet,is,low,rand 3,results/folktexts/10-variations/model-meta-llama--Meta-Llama-3.3-70B-Instruct/meta-llama--Meta-Llama-3.3-70B-Instruct_task-ACSIncome/meta-llama--Meta-Llama-3.3-70B-Instruct_bench-1482853348/results.bench-1482853348.json,results/folktexts/10-variations/model-meta-llama--Meta-Llama-3.3-70B-Instruct/meta-llama--Meta-Llama-3.3-70B-Instruct_task-ACSIncome/meta-llama--Meta-Llama-3.3-70B-Instruct_bench-1813830531/ACSIncome_full_seed-42_hash-1998608642.test_predictions.csv
ACSIncome,meta-llama--Meta-Llama-3.3-70B-Instruct,1,1,0.1336405529953917,0.5495764493841995,142524058,10,bullet,:,original,rand 3,results/folktexts/10-variations/model-meta-llama--Meta-Llama-3.3-70B-Instruct/meta-llama--Meta-Llama-3.3-70B-Instruct_task-ACSIncome/meta-llama--Meta-Llama-3.3-70B-Instruct_bench-142524058/results.bench-142524058.json,results/folktexts/10-variations/model-meta-llama--Meta-Llama-3.3-70B-Instruct/meta-llama--Meta-Llama-3.3-70B-Instruct_task-ACSIncome/meta-llama--Meta-Llama-3.3-70B-Instruct_bench-2852182536/ACSIncome_full_seed-42_hash-1998608642.test_predictions.csv
ACSIncome,meta-llama--Meta-Llama-3.3-70B-Instruct,1,1,0.12582781456953643,0.5073535596275157,4252113331,10,bullet,=,original, reversed,results/folktexts/10-variations/model-meta-llama--Meta-Llama-3.3-70B-Instruct/meta-llama--Meta-Llama-3.3-70B-Instruct_task-ACSIncome/meta-llama--Meta-Llama-3.3-70B-Instruct_bench-4252113331/results.bench-4252113331.json,results/folktexts/10-variations/model-meta-llama--Meta-Llama-3.3-70B-Instruct/meta-llama--Meta-Llama-3.3-70B-Instruct_task-ACSIncome/meta-llama--Meta-Llama-3.3-70B-Instruct_bench-3715555848/ACSIncome_full_seed-42_hash-1998608642.test_predictions.csv
ACSIncome,meta-llama--Meta-Llama-3.3-70B-Instruct,1,1,0.0535405872193437,0.39397416641634125,3084151867,10,comma,:,low,default,results/folktexts/10-variations/model-meta-llama--Meta-Llama-3.3-70B-Instruct/meta-llama--Meta-Llama-3.3-70B-Instruct_task-ACSIncome/meta-llama--Meta-Llama-3.3-70B-Instruct_bench-3084151867/results.bench-3084151867.json,results/folktexts/10-variations/model-meta-llama--Meta-Llama-3.3-70B-Instruct/meta-llama--Meta-Llama-3.3-70B-Instruct_task-ACSIncome/meta-llama--Meta-Llama-3.3-70B-Instruct_bench-3671309542/ACSIncome_full_seed-42_hash-1998608642.test_predictions.csv
ACSIncome,meta-llama--Meta-Llama-3.3-70B-Instruct,1,1,0.0958904109589041,0.4947011114448783,2636970359,10,bullet,:,original,rand 2,results/folktexts/10-variations/model-meta-llama--Meta-Llama-3.3-70B-Instruct/meta-llama--Meta-Llama-3.3-70B-Instruct_task-ACSIncome/meta-llama--Meta-Llama-3.3-70B-Instruct_bench-2636970359/results.bench-2636970359.json,results/folktexts/10-variations/model-meta-llama--Meta-Llama-3.3-70B-Instruct/meta-llama--Meta-Llama-3.3-70B-Instruct_task-ACSIncome/meta-llama--Meta-Llama-3.3-70B-Instruct_bench-572738508/ACSIncome_full_seed-42_hash-1998608642.test_predictions.csv
ACSIncome,meta-llama--Meta-Llama-3.3-70B-Instruct,1,1,0.09056603773584905,0.45806548513066986,3349399193,10,bullet,:,original,rand 1,results/folktexts/10-variations/model-meta-llama--Meta-Llama-3.3-70B-Instruct/meta-llama--Meta-Llama-3.3-70B-Instruct_task-ACSIncome/meta-llama--Meta-Llama-3.3-70B-Instruct_bench-3349399193/results.bench-3349399193.json,results/folktexts/10-variations/model-meta-llama--Meta-Llama-3.3-70B-Instruct/meta-llama--Meta-Llama-3.3-70B-Instruct_task-ACSIncome/meta-llama--Meta-Llama-3.3-70B-Instruct_bench-3121573605/ACSIncome_full_seed-42_hash-1998608642.test_predictions.csv
ACSIncome,meta-llama--Meta-Llama-3.3-70B-Instruct,1,1,0.34841628959276016,0.6102313006908981,2738899618,10,text,is,original,default,results/folktexts/10-variations/model-meta-llama--Meta-Llama-3.3-70B-Instruct/meta-llama--Meta-Llama-3.3-70B-Instruct_task-ACSIncome/meta-llama--Meta-Llama-3.3-70B-Instruct_bench-2738899618/results.bench-2738899618.json,results/folktexts/10-variations/model-meta-llama--Meta-Llama-3.3-70B-Instruct/meta-llama--Meta-Llama-3.3-70B-Instruct_task-ACSIncome/meta-llama--Meta-Llama-3.3-70B-Instruct_bench-104180625/ACSIncome_full_seed-42_hash-1998608642.test_predictions.csv
ACSIncome,meta-llama--Meta-Llama-3.3-70B-Instruct,1,1,0.11428571428571428,0.452940823069991,3398546390,10,comma,is,low,rand 2,results/folktexts/10-variations/model-meta-llama--Meta-Llama-3.3-70B-Instruct/meta-llama--Meta-Llama-3.3-70B-Instruct_task-ACSIncome/meta-llama--Meta-Llama-3.3-70B-Instruct_bench-3398546390/results.bench-3398546390.json,results/folktexts/10-variations/model-meta-llama--Meta-Llama-3.3-70B-Instruct/meta-llama--Meta-Llama-3.3-70B-Instruct_task-ACSIncome/meta-llama--Meta-Llama-3.3-70B-Instruct_bench-3136422237/ACSIncome_full_seed-42_hash-1998608642.test_predictions.csv
ACSIncome,meta-llama--Meta-Llama-3.3-70B-Instruct,1,1,0.054455445544554455,0.39733253229197957,1103718156,10,comma,is,original,rand 3,results/folktexts/10-variations/model-meta-llama--Meta-Llama-3.3-70B-Instruct/meta-llama--Meta-Llama-3.3-70B-Instruct_task-ACSIncome/meta-llama--Meta-Llama-3.3-70B-Instruct_bench-1103718156/results.bench-1103718156.json,results/folktexts/10-variations/model-meta-llama--Meta-Llama-3.3-70B-Instruct/meta-llama--Meta-Llama-3.3-70B-Instruct_task-ACSIncome/meta-llama--Meta-Llama-3.3-70B-Instruct_bench-2088737993/ACSIncome_full_seed-42_hash-1998608642.test_predictions.csv
ACSIncome,meta-llama--Meta-Llama-3.3-70B-Instruct,1,1,0.06074766355140187,0.40110543706818863,652789348,10,comma,:,low,rand 3,results/folktexts/10-variations/model-meta-llama--Meta-Llama-3.3-70B-Instruct/meta-llama--Meta-Llama-3.3-70B-Instruct_task-ACSIncome/meta-llama--Meta-Llama-3.3-70B-Instruct_bench-652789348/results.bench-652789348.json,results/folktexts/10-variations/model-meta-llama--Meta-Llama-3.3-70B-Instruct/meta-llama--Meta-Llama-3.3-70B-Instruct_task-ACSIncome/meta-llama--Meta-Llama-3.3-70B-Instruct_bench-3654369327/ACSIncome_full_seed-42_hash-1998608642.test_predictions.csv
ACSIncome,meta-llama--Meta-Llama-3.3-70B-Instruct,1,1,0.14838709677419354,0.43957344547912286,1294377156,10,text,=,original,rand 1,results/folktexts/10-variations/model-meta-llama--Meta-Llama-3.3-70B-Instruct/meta-llama--Meta-Llama-3.3-70B-Instruct_task-ACSIncome/meta-llama--Meta-Llama-3.3-70B-Instruct_bench-1294377156/results.bench-1294377156.json,results/folktexts/10-variations/model-meta-llama--Meta-Llama-3.3-70B-Instruct/meta-llama--Meta-Llama-3.3-70B-Instruct_task-ACSIncome/meta-llama--Meta-Llama-3.3-70B-Instruct_bench-3366857961/ACSIncome_full_seed-42_hash-1998608642.test_predictions.csv
ACSIncome,meta-llama--Meta-Llama-3.3-70B-Instruct,1,1,0.1326530612244898,0.4184379693601682,1307850907,10,text,=,low,rand 1,results/folktexts/10-variations/model-meta-llama--Meta-Llama-3.3-70B-Instruct/meta-llama--Meta-Llama-3.3-70B-Instruct_task-ACSIncome/meta-llama--Meta-Llama-3.3-70B-Instruct_bench-1307850907/results.bench-1307850907.json,results/folktexts/10-variations/model-meta-llama--Meta-Llama-3.3-70B-Instruct/meta-llama--Meta-Llama-3.3-70B-Instruct_task-ACSIncome/meta-llama--Meta-Llama-3.3-70B-Instruct_bench-1934197494/ACSIncome_full_seed-42_hash-1998608642.test_predictions.csv
ACSIncome,meta-llama--Meta-Llama-3.3-70B-Instruct,1,1,0.08333333333333333,0.4098768398918594,2901620550,10,comma,=,low,rand 3,results/folktexts/10-variations/model-meta-llama--Meta-Llama-3.3-70B-Instruct/meta-llama--Meta-Llama-3.3-70B-Instruct_task-ACSIncome/meta-llama--Meta-Llama-3.3-70B-Instruct_bench-2901620550/results.bench-2901620550.json,results/folktexts/10-variations/model-meta-llama--Meta-Llama-3.3-70B-Instruct/meta-llama--Meta-Llama-3.3-70B-Instruct_task-ACSIncome/meta-llama--Meta-Llama-3.3-70B-Instruct_bench-2916081950/ACSIncome_full_seed-42_hash-1998608642.test_predictions.csv
ACSIncome,meta-llama--Meta-Llama-3.3-70B-Instruct,1,1,0.1320754716981132,0.5551997596875938,1618356695,10,bullet,=,low,rand 2,results/folktexts/10-variations/model-meta-llama--Meta-Llama-3.3-70B-Instruct/meta-llama--Meta-Llama-3.3-70B-Instruct_task-ACSIncome/meta-llama--Meta-Llama-3.3-70B-Instruct_bench-1618356695/results.bench-1618356695.json,results/folktexts/10-variations/model-meta-llama--Meta-Llama-3.3-70B-Instruct/meta-llama--Meta-Llama-3.3-70B-Instruct_task-ACSIncome/meta-llama--Meta-Llama-3.3-70B-Instruct_bench-3365386424/ACSIncome_full_seed-42_hash-1998608642.test_predictions.csv
ACSIncome,meta-llama--Meta-Llama-3.3-70B-Instruct,1,1,0.08997429305912596,0.49945929708621206,642864714,10,bullet,:,low,rand 1,results/folktexts/10-variations/model-meta-llama--Meta-Llama-3.3-70B-Instruct/meta-llama--Meta-Llama-3.3-70B-Instruct_task-ACSIncome/meta-llama--Meta-Llama-3.3-70B-Instruct_bench-642864714/results.bench-642864714.json,results/folktexts/10-variations/model-meta-llama--Meta-Llama-3.3-70B-Instruct/meta-llama--Meta-Llama-3.3-70B-Instruct_task-ACSIncome/meta-llama--Meta-Llama-3.3-70B-Instruct_bench-3104759140/ACSIncome_full_seed-42_hash-1998608642.test_predictions.csv
ACSIncome,meta-llama--Meta-Llama-3.3-70B-Instruct,1,1,0.11290322580645161,0.47103033944127365,552607420,10,bullet,=,original,rand 1,results/folktexts/10-variations/model-meta-llama--Meta-Llama-3.3-70B-Instruct/meta-llama--Meta-Llama-3.3-70B-Instruct_task-ACSIncome/meta-llama--Meta-Llama-3.3-70B-Instruct_bench-552607420/results.bench-552607420.json,results/folktexts/10-variations/model-meta-llama--Meta-Llama-3.3-70B-Instruct/meta-llama--Meta-Llama-3.3-70B-Instruct_task-ACSIncome/meta-llama--Meta-Llama-3.3-70B-Instruct_bench-1656346836/ACSIncome_full_seed-42_hash-1998608642.test_predictions.csv
ACSIncome,meta-llama--Meta-Llama-3.3-70B-Instruct,1,1,0.08947368421052632,0.5238870531691199,2435825420,10,bullet,:,low, reversed,results/folktexts/10-variations/model-meta-llama--Meta-Llama-3.3-70B-Instruct/meta-llama--Meta-Llama-3.3-70B-Instruct_task-ACSIncome/meta-llama--Meta-Llama-3.3-70B-Instruct_bench-2435825420/results.bench-2435825420.json,results/folktexts/10-variations/model-meta-llama--Meta-Llama-3.3-70B-Instruct/meta-llama--Meta-Llama-3.3-70B-Instruct_task-ACSIncome/meta-llama--Meta-Llama-3.3-70B-Instruct_bench-1176943549/ACSIncome_full_seed-42_hash-1998608642.test_predictions.csv
ACSIncome,meta-llama--Meta-Llama-3.3-70B-Instruct,1,1,0.23394495412844038,0.607119255031541,158750407,10,text,is,low,rand 3,results/folktexts/10-variations/model-meta-llama--Meta-Llama-3.3-70B-Instruct/meta-llama--Meta-Llama-3.3-70B-Instruct_task-ACSIncome/meta-llama--Meta-Llama-3.3-70B-Instruct_bench-158750407/results.bench-158750407.json,results/folktexts/10-variations/model-meta-llama--Meta-Llama-3.3-70B-Instruct/meta-llama--Meta-Llama-3.3-70B-Instruct_task-ACSIncome/meta-llama--Meta-Llama-3.3-70B-Instruct_bench-2212817327/ACSIncome_full_seed-42_hash-1998608642.test_predictions.csv
ACSIncome,meta-llama--Meta-Llama-3.3-70B-Instruct,1,1,0.12442396313364056,0.5377530790027035,3554919476,10,bullet,is,original, reversed,results/folktexts/10-variations/model-meta-llama--Meta-Llama-3.3-70B-Instruct/meta-llama--Meta-Llama-3.3-70B-Instruct_task-ACSIncome/meta-llama--Meta-Llama-3.3-70B-Instruct_bench-3554919476/results.bench-3554919476.json,results/folktexts/10-variations/model-meta-llama--Meta-Llama-3.3-70B-Instruct/meta-llama--Meta-Llama-3.3-70B-Instruct_task-ACSIncome/meta-llama--Meta-Llama-3.3-70B-Instruct_bench-1606955463/ACSIncome_full_seed-42_hash-1998608642.test_predictions.csv
ACSIncome,meta-llama--Meta-Llama-3.3-70B-Instruct,1,1,0.10679611650485436,0.5862541303694804,2397622268,10,bullet,:,low,rand 3,results/folktexts/10-variations/model-meta-llama--Meta-Llama-3.3-70B-Instruct/meta-llama--Meta-Llama-3.3-70B-Instruct_task-ACSIncome/meta-llama--Meta-Llama-3.3-70B-Instruct_bench-2397622268/results.bench-2397622268.json,results/folktexts/10-variations/model-meta-llama--Meta-Llama-3.3-70B-Instruct/meta-llama--Meta-Llama-3.3-70B-Instruct_task-ACSIncome/meta-llama--Meta-Llama-3.3-70B-Instruct_bench-3630821/ACSIncome_full_seed-42_hash-1998608642.test_predictions.csv
ACSIncome,meta-llama--Meta-Llama-3.3-70B-Instruct,1,1,0.1724137931034483,0.4928867527786122,349076479,10,text,is,low, reversed,results/folktexts/10-variations/model-meta-llama--Meta-Llama-3.3-70B-Instruct/meta-llama--Meta-Llama-3.3-70B-Instruct_task-ACSIncome/meta-llama--Meta-Llama-3.3-70B-Instruct_bench-349076479/results.bench-349076479.json,results/folktexts/10-variations/model-meta-llama--Meta-Llama-3.3-70B-Instruct/meta-llama--Meta-Llama-3.3-70B-Instruct_task-ACSIncome/meta-llama--Meta-Llama-3.3-70B-Instruct_bench-2046826103/ACSIncome_full_seed-42_hash-1998608642.test_predictions.csv
ACSIncome,meta-llama--Meta-Llama-3.3-70B-Instruct,1,1,0.3630831643002028,0.6125082607389607,3942703905,10,text,:,original,default,results/folktexts/10-variations/model-meta-llama--Meta-Llama-3.3-70B-Instruct/meta-llama--Meta-Llama-3.3-70B-Instruct_task-ACSIncome/meta-llama--Meta-Llama-3.3-70B-Instruct_bench-3942703905/results.bench-3942703905.json,results/folktexts/10-variations/model-meta-llama--Meta-Llama-3.3-70B-Instruct/meta-llama--Meta-Llama-3.3-70B-Instruct_task-ACSIncome/meta-llama--Meta-Llama-3.3-70B-Instruct_bench-2801376663/ACSIncome_full_seed-42_hash-1998608642.test_predictions.csv
ACSIncome,meta-llama--Meta-Llama-3.3-70B-Instruct,1,1,0.15053763440860216,0.4420126164013217,1178710358,10,text,=,original, reversed,results/folktexts/10-variations/model-meta-llama--Meta-Llama-3.3-70B-Instruct/meta-llama--Meta-Llama-3.3-70B-Instruct_task-ACSIncome/meta-llama--Meta-Llama-3.3-70B-Instruct_bench-1178710358/results.bench-1178710358.json,results/folktexts/10-variations/model-meta-llama--Meta-Llama-3.3-70B-Instruct/meta-llama--Meta-Llama-3.3-70B-Instruct_task-ACSIncome/meta-llama--Meta-Llama-3.3-70B-Instruct_bench-2309523338/ACSIncome_full_seed-42_hash-1998608642.test_predictions.csv
ACSIncome,meta-llama--Meta-Llama-3.3-70B-Instruct,1,1,0.08552631578947369,0.4213157104235506,2693048032,10,comma,is,low,rand 1,results/folktexts/10-variations/model-meta-llama--Meta-Llama-3.3-70B-Instruct/meta-llama--Meta-Llama-3.3-70B-Instruct_task-ACSIncome/meta-llama--Meta-Llama-3.3-70B-Instruct_bench-2693048032/results.bench-2693048032.json,results/folktexts/10-variations/model-meta-llama--Meta-Llama-3.3-70B-Instruct/meta-llama--Meta-Llama-3.3-70B-Instruct_task-ACSIncome/meta-llama--Meta-Llama-3.3-70B-Instruct_bench-2307087402/ACSIncome_full_seed-42_hash-1998608642.test_predictions.csv
ACSIncome,meta-llama--Meta-Llama-3.3-70B-Instruct,1,1,0.10344827586206896,0.46922198858516073,3473166316,10,bullet,is,original,rand 1,results/folktexts/10-variations/model-meta-llama--Meta-Llama-3.3-70B-Instruct/meta-llama--Meta-Llama-3.3-70B-Instruct_task-ACSIncome/meta-llama--Meta-Llama-3.3-70B-Instruct_bench-3473166316/results.bench-3473166316.json,results/folktexts/10-variations/model-meta-llama--Meta-Llama-3.3-70B-Instruct/meta-llama--Meta-Llama-3.3-70B-Instruct_task-ACSIncome/meta-llama--Meta-Llama-3.3-70B-Instruct_bench-3116980252/ACSIncome_full_seed-42_hash-1998608642.test_predictions.csv
ACSIncome,meta-llama--Meta-Llama-3.3-70B-Instruct,1,1,0.21301775147928995,0.5574406728747372,1450462357,10,text,:,low, reversed,results/folktexts/10-variations/model-meta-llama--Meta-Llama-3.3-70B-Instruct/meta-llama--Meta-Llama-3.3-70B-Instruct_task-ACSIncome/meta-llama--Meta-Llama-3.3-70B-Instruct_bench-1450462357/results.bench-1450462357.json,results/folktexts/10-variations/model-meta-llama--Meta-Llama-3.3-70B-Instruct/meta-llama--Meta-Llama-3.3-70B-Instruct_task-ACSIncome/meta-llama--Meta-Llama-3.3-70B-Instruct_bench-2688149304/ACSIncome_full_seed-42_hash-1998608642.test_predictions.csv
ACSIncome,meta-llama--Meta-Llama-3.3-70B-Instruct,1,1,0.0755939524838013,0.5000240312406128,4100276939,10,bullet,:,low,rand 2,results/folktexts/10-variations/model-meta-llama--Meta-Llama-3.3-70B-Instruct/meta-llama--Meta-Llama-3.3-70B-Instruct_task-ACSIncome/meta-llama--Meta-Llama-3.3-70B-Instruct_bench-4100276939/results.bench-4100276939.json,results/folktexts/10-variations/model-meta-llama--Meta-Llama-3.3-70B-Instruct/meta-llama--Meta-Llama-3.3-70B-Instruct_task-ACSIncome/meta-llama--Meta-Llama-3.3-70B-Instruct_bench-1719075776/ACSIncome_full_seed-42_hash-1998608642.test_predictions.csv
ACSIncome,meta-llama--Meta-Llama-3.3-70B-Instruct,1,1,0.10025706940874037,0.41438870531691196,3978678224,10,text,:,low,rand 1,results/folktexts/10-variations/model-meta-llama--Meta-Llama-3.3-70B-Instruct/meta-llama--Meta-Llama-3.3-70B-Instruct_task-ACSIncome/meta-llama--Meta-Llama-3.3-70B-Instruct_bench-3978678224/results.bench-3978678224.json,results/folktexts/10-variations/model-meta-llama--Meta-Llama-3.3-70B-Instruct/meta-llama--Meta-Llama-3.3-70B-Instruct_task-ACSIncome/meta-llama--Meta-Llama-3.3-70B-Instruct_bench-3325291058/ACSIncome_full_seed-42_hash-1998608642.test_predictions.csv
ACSIncome,meta-llama--Meta-Llama-3.3-70B-Instruct,1,1,0.08951406649616368,0.46252928807449684,3599300082,10,comma,is,original,rand 1,results/folktexts/10-variations/model-meta-llama--Meta-Llama-3.3-70B-Instruct/meta-llama--Meta-Llama-3.3-70B-Instruct_task-ACSIncome/meta-llama--Meta-Llama-3.3-70B-Instruct_bench-3599300082/results.bench-3599300082.json,results/folktexts/10-variations/model-meta-llama--Meta-Llama-3.3-70B-Instruct/meta-llama--Meta-Llama-3.3-70B-Instruct_task-ACSIncome/meta-llama--Meta-Llama-3.3-70B-Instruct_bench-1060284598/ACSIncome_full_seed-42_hash-1998608642.test_predictions.csv
ACSIncome,meta-llama--Meta-Llama-3.3-70B-Instruct,1,1,0.09090909090909091,0.39579453289276056,948093456,10,text,=,low,default,results/folktexts/10-variations/model-meta-llama--Meta-Llama-3.3-70B-Instruct/meta-llama--Meta-Llama-3.3-70B-Instruct_task-ACSIncome/meta-llama--Meta-Llama-3.3-70B-Instruct_bench-948093456/results.bench-948093456.json,results/folktexts/10-variations/model-meta-llama--Meta-Llama-3.3-70B-Instruct/meta-llama--Meta-Llama-3.3-70B-Instruct_task-ACSIncome/meta-llama--Meta-Llama-3.3-70B-Instruct_bench-3100137786/ACSIncome_full_seed-42_hash-1998608642.test_predictions.csv
ACSIncome,meta-llama--Meta-Llama-3.3-70B-Instruct,1,1,0.24691358024691357,0.5435866626614599,1032088909,10,text,is,low,rand 1,results/folktexts/10-variations/model-meta-llama--Meta-Llama-3.3-70B-Instruct/meta-llama--Meta-Llama-3.3-70B-Instruct_task-ACSIncome/meta-llama--Meta-Llama-3.3-70B-Instruct_bench-1032088909/results.bench-1032088909.json,results/folktexts/10-variations/model-meta-llama--Meta-Llama-3.3-70B-Instruct/meta-llama--Meta-Llama-3.3-70B-Instruct_task-ACSIncome/meta-llama--Meta-Llama-3.3-70B-Instruct_bench-3287598364/ACSIncome_full_seed-42_hash-1998608642.test_predictions.csv
ACSIncome,meta-llama--Meta-Llama-3.3-70B-Instruct,1,1,0.14835164835164835,0.4357284469810754,3016307786,10,text,=,original,default,results/folktexts/10-variations/model-meta-llama--Meta-Llama-3.3-70B-Instruct/meta-llama--Meta-Llama-3.3-70B-Instruct_task-ACSIncome/meta-llama--Meta-Llama-3.3-70B-Instruct_bench-3016307786/results.bench-3016307786.json,results/folktexts/10-variations/model-meta-llama--Meta-Llama-3.3-70B-Instruct/meta-llama--Meta-Llama-3.3-70B-Instruct_task-ACSIncome/meta-llama--Meta-Llama-3.3-70B-Instruct_bench-4104544970/ACSIncome_full_seed-42_hash-1998608642.test_predictions.csv
ACSIncome,meta-llama--Meta-Llama-3.3-70B-Instruct,1,1,0.12577319587628866,0.5545268849504356,1095602148,10,bullet,is,low, reversed,results/folktexts/10-variations/model-meta-llama--Meta-Llama-3.3-70B-Instruct/meta-llama--Meta-Llama-3.3-70B-Instruct_task-ACSIncome/meta-llama--Meta-Llama-3.3-70B-Instruct_bench-1095602148/results.bench-1095602148.json,results/folktexts/10-variations/model-meta-llama--Meta-Llama-3.3-70B-Instruct/meta-llama--Meta-Llama-3.3-70B-Instruct_task-ACSIncome/meta-llama--Meta-Llama-3.3-70B-Instruct_bench-3832544374/ACSIncome_full_seed-42_hash-1998608642.test_predictions.csv
ACSIncome,meta-llama--Meta-Llama-3.3-70B-Instruct,1,1,0.1346153846153846,0.5093181135476119,2148354701,10,bullet,=,original,rand 3,results/folktexts/10-variations/model-meta-llama--Meta-Llama-3.3-70B-Instruct/meta-llama--Meta-Llama-3.3-70B-Instruct_task-ACSIncome/meta-llama--Meta-Llama-3.3-70B-Instruct_bench-2148354701/results.bench-2148354701.json,results/folktexts/10-variations/model-meta-llama--Meta-Llama-3.3-70B-Instruct/meta-llama--Meta-Llama-3.3-70B-Instruct_task-ACSIncome/meta-llama--Meta-Llama-3.3-70B-Instruct_bench-3707766274/ACSIncome_full_seed-42_hash-1998608642.test_predictions.csv
ACSIncome,meta-llama--Meta-Llama-3.3-70B-Instruct,1,1,0.11458333333333333,0.5469450285370983,1252566226,10,bullet,=,low,rand 3,results/folktexts/10-variations/model-meta-llama--Meta-Llama-3.3-70B-Instruct/meta-llama--Meta-Llama-3.3-70B-Instruct_task-ACSIncome/meta-llama--Meta-Llama-3.3-70B-Instruct_bench-1252566226/results.bench-1252566226.json,results/folktexts/10-variations/model-meta-llama--Meta-Llama-3.3-70B-Instruct/meta-llama--Meta-Llama-3.3-70B-Instruct_task-ACSIncome/meta-llama--Meta-Llama-3.3-70B-Instruct_bench-645167494/ACSIncome_full_seed-42_hash-1998608642.test_predictions.csv
ACSIncome,meta-llama--Meta-Llama-3.3-70B-Instruct,1,1,0.18250950570342206,0.4747852207870231,3657463888,10,text,=,original,rand 2,results/folktexts/10-variations/model-meta-llama--Meta-Llama-3.3-70B-Instruct/meta-llama--Meta-Llama-3.3-70B-Instruct_task-ACSIncome/meta-llama--Meta-Llama-3.3-70B-Instruct_bench-3657463888/results.bench-3657463888.json,results/folktexts/10-variations/model-meta-llama--Meta-Llama-3.3-70B-Instruct/meta-llama--Meta-Llama-3.3-70B-Instruct_task-ACSIncome/meta-llama--Meta-Llama-3.3-70B-Instruct_bench-33678558/ACSIncome_full_seed-42_hash-1998608642.test_predictions.csv
ACSIncome,meta-llama--Meta-Llama-3.3-70B-Instruct,1,1,0.17159763313609466,0.4564253529588465,1993663076,10,text,is,original, reversed,results/folktexts/10-variations/model-meta-llama--Meta-Llama-3.3-70B-Instruct/meta-llama--Meta-Llama-3.3-70B-Instruct_task-ACSIncome/meta-llama--Meta-Llama-3.3-70B-Instruct_bench-1993663076/results.bench-1993663076.json,results/folktexts/10-variations/model-meta-llama--Meta-Llama-3.3-70B-Instruct/meta-llama--Meta-Llama-3.3-70B-Instruct_task-ACSIncome/meta-llama--Meta-Llama-3.3-70B-Instruct_bench-3388175125/ACSIncome_full_seed-42_hash-1998608642.test_predictions.csv
ACSIncome,meta-llama--Meta-Llama-3.3-70B-Instruct,1,1,0.11917098445595854,0.4201982577350556,3544464086,10,text,=,original,rand 3,results/folktexts/10-variations/model-meta-llama--Meta-Llama-3.3-70B-Instruct/meta-llama--Meta-Llama-3.3-70B-Instruct_task-ACSIncome/meta-llama--Meta-Llama-3.3-70B-Instruct_bench-3544464086/results.bench-3544464086.json,results/folktexts/10-variations/model-meta-llama--Meta-Llama-3.3-70B-Instruct/meta-llama--Meta-Llama-3.3-70B-Instruct_task-ACSIncome/meta-llama--Meta-Llama-3.3-70B-Instruct_bench-234509209/ACSIncome_full_seed-42_hash-1998608642.test_predictions.csv
ACSIncome,meta-llama--Meta-Llama-3.3-70B-Instruct,1,1,0.1320754716981132,0.5415860618804446,1835392708,10,bullet,=,low, reversed,results/folktexts/10-variations/model-meta-llama--Meta-Llama-3.3-70B-Instruct/meta-llama--Meta-Llama-3.3-70B-Instruct_task-ACSIncome/meta-llama--Meta-Llama-3.3-70B-Instruct_bench-1835392708/results.bench-1835392708.json,results/folktexts/10-variations/model-meta-llama--Meta-Llama-3.3-70B-Instruct/meta-llama--Meta-Llama-3.3-70B-Instruct_task-ACSIncome/meta-llama--Meta-Llama-3.3-70B-Instruct_bench-1758674132/ACSIncome_full_seed-42_hash-1998608642.test_predictions.csv
ACSIncome,meta-llama--Meta-Llama-3.3-70B-Instruct,1,1,0.16593886462882096,0.4852448182637429,3729285284,10,text,:,original,rand 3,results/folktexts/10-variations/model-meta-llama--Meta-Llama-3.3-70B-Instruct/meta-llama--Meta-Llama-3.3-70B-Instruct_task-ACSIncome/meta-llama--Meta-Llama-3.3-70B-Instruct_bench-3729285284/results.bench-3729285284.json,results/folktexts/10-variations/model-meta-llama--Meta-Llama-3.3-70B-Instruct/meta-llama--Meta-Llama-3.3-70B-Instruct_task-ACSIncome/meta-llama--Meta-Llama-3.3-70B-Instruct_bench-781031986/ACSIncome_full_seed-42_hash-1998608642.test_predictions.csv
ACSIncome,meta-llama--Meta-Llama-3.3-70B-Instruct,1,1,0.10588235294117647,0.48180835085611295,2709462899,10,bullet,=,low,rand 1,results/folktexts/10-variations/model-meta-llama--Meta-Llama-3.3-70B-Instruct/meta-llama--Meta-Llama-3.3-70B-Instruct_task-ACSIncome/meta-llama--Meta-Llama-3.3-70B-Instruct_bench-2709462899/results.bench-2709462899.json,results/folktexts/10-variations/model-meta-llama--Meta-Llama-3.3-70B-Instruct/meta-llama--Meta-Llama-3.3-70B-Instruct_task-ACSIncome/meta-llama--Meta-Llama-3.3-70B-Instruct_bench-1605939088/ACSIncome_full_seed-42_hash-1998608642.test_predictions.csv
ACSIncome,meta-llama--Meta-Llama-3.3-70B-Instruct,1,1,0.10215053763440861,0.5546890958245719,1421554611,10,bullet,is,low,rand 2,results/folktexts/10-variations/model-meta-llama--Meta-Llama-3.3-70B-Instruct/meta-llama--Meta-Llama-3.3-70B-Instruct_task-ACSIncome/meta-llama--Meta-Llama-3.3-70B-Instruct_bench-1421554611/results.bench-1421554611.json,results/folktexts/10-variations/model-meta-llama--Meta-Llama-3.3-70B-Instruct/meta-llama--Meta-Llama-3.3-70B-Instruct_task-ACSIncome/meta-llama--Meta-Llama-3.3-70B-Instruct_bench-985797680/ACSIncome_full_seed-42_hash-1998608642.test_predictions.csv
ACSIncome,meta-llama--Meta-Llama-3.3-70B-Instruct,1,1,0.35802469135802467,0.6260678882547311,1516231019,10,text,is,original,rand 3,results/folktexts/10-variations/model-meta-llama--Meta-Llama-3.3-70B-Instruct/meta-llama--Meta-Llama-3.3-70B-Instruct_task-ACSIncome/meta-llama--Meta-Llama-3.3-70B-Instruct_bench-1516231019/results.bench-1516231019.json,results/folktexts/10-variations/model-meta-llama--Meta-Llama-3.3-70B-Instruct/meta-llama--Meta-Llama-3.3-70B-Instruct_task-ACSIncome/meta-llama--Meta-Llama-3.3-70B-Instruct_bench-1237896730/ACSIncome_full_seed-42_hash-1998608642.test_predictions.csv
ACSIncome,meta-llama--Meta-Llama-3.3-70B-Instruct,1,1,0.16393442622950818,0.4695223790928207,22155550,10,text,is,original,rand 2,results/folktexts/10-variations/model-meta-llama--Meta-Llama-3.3-70B-Instruct/meta-llama--Meta-Llama-3.3-70B-Instruct_task-ACSIncome/meta-llama--Meta-Llama-3.3-70B-Instruct_bench-22155550/results.bench-22155550.json,results/folktexts/10-variations/model-meta-llama--Meta-Llama-3.3-70B-Instruct/meta-llama--Meta-Llama-3.3-70B-Instruct_task-ACSIncome/meta-llama--Meta-Llama-3.3-70B-Instruct_bench-3872982143/ACSIncome_full_seed-42_hash-1998608642.test_predictions.csv
ACSIncome,meta-llama--Meta-Llama-3.3-70B-Instruct,1,1,0.08096280087527352,0.39102433163112044,2669185964,10,text,=,low,rand 3,results/folktexts/10-variations/model-meta-llama--Meta-Llama-3.3-70B-Instruct/meta-llama--Meta-Llama-3.3-70B-Instruct_task-ACSIncome/meta-llama--Meta-Llama-3.3-70B-Instruct_bench-2669185964/results.bench-2669185964.json,results/folktexts/10-variations/model-meta-llama--Meta-Llama-3.3-70B-Instruct/meta-llama--Meta-Llama-3.3-70B-Instruct_task-ACSIncome/meta-llama--Meta-Llama-3.3-70B-Instruct_bench-3513185366/ACSIncome_full_seed-42_hash-1998608642.test_predictions.csv
ACSIncome,meta-llama--Meta-Llama-3.3-70B-Instruct,1,1,0.12698412698412698,0.5208951637128266,1787126748,10,bullet,=,low,default,results/folktexts/10-variations/model-meta-llama--Meta-Llama-3.3-70B-Instruct/meta-llama--Meta-Llama-3.3-70B-Instruct_task-ACSIncome/meta-llama--Meta-Llama-3.3-70B-Instruct_bench-1787126748/results.bench-1787126748.json,results/folktexts/10-variations/model-meta-llama--Meta-Llama-3.3-70B-Instruct/meta-llama--Meta-Llama-3.3-70B-Instruct_task-ACSIncome/meta-llama--Meta-Llama-3.3-70B-Instruct_bench-3739329619/ACSIncome_full_seed-42_hash-1998608642.test_predictions.csv
ACSIncome,meta-llama--Meta-Llama-3.3-70B-Instruct,1,1,0.13227513227513227,0.44556323220186245,661229804,10,text,:,original,rand 1,results/folktexts/10-variations/model-meta-llama--Meta-Llama-3.3-70B-Instruct/meta-llama--Meta-Llama-3.3-70B-Instruct_task-ACSIncome/meta-llama--Meta-Llama-3.3-70B-Instruct_bench-661229804/results.bench-661229804.json,results/folktexts/10-variations/model-meta-llama--Meta-Llama-3.3-70B-Instruct/meta-llama--Meta-Llama-3.3-70B-Instruct_task-ACSIncome/meta-llama--Meta-Llama-3.3-70B-Instruct_bench-1384106422/ACSIncome_full_seed-42_hash-1998608642.test_predictions.csv
ACSIncome,meta-llama--Meta-Llama-3.3-70B-Instruct,1,1,0.0959409594095941,0.49185340943226197,2099989672,10,bullet,:,original, reversed,results/folktexts/10-variations/model-meta-llama--Meta-Llama-3.3-70B-Instruct/meta-llama--Meta-Llama-3.3-70B-Instruct_task-ACSIncome/meta-llama--Meta-Llama-3.3-70B-Instruct_bench-2099989672/results.bench-2099989672.json,results/folktexts/10-variations/model-meta-llama--Meta-Llama-3.3-70B-Instruct/meta-llama--Meta-Llama-3.3-70B-Instruct_task-ACSIncome/meta-llama--Meta-Llama-3.3-70B-Instruct_bench-42915208/ACSIncome_full_seed-42_hash-1998608642.test_predictions.csv
ACSIncome,meta-llama--Meta-Llama-3.3-70B-Instruct,1,1,0.10583941605839416,0.44669270051066384,4025264234,10,comma,=,low,rand 1,results/folktexts/10-variations/model-meta-llama--Meta-Llama-3.3-70B-Instruct/meta-llama--Meta-Llama-3.3-70B-Instruct_task-ACSIncome/meta-llama--Meta-Llama-3.3-70B-Instruct_bench-4025264234/results.bench-4025264234.json,results/folktexts/10-variations/model-meta-llama--Meta-Llama-3.3-70B-Instruct/meta-llama--Meta-Llama-3.3-70B-Instruct_task-ACSIncome/meta-llama--Meta-Llama-3.3-70B-Instruct_bench-1212324984/ACSIncome_full_seed-42_hash-1998608642.test_predictions.csv
ACSIncome,meta-llama--Meta-Llama-3.3-70B-Instruct,1,1,0.08516746411483253,0.42462601381796333,1446750726,10,text,:,low,rand 3,results/folktexts/10-variations/model-meta-llama--Meta-Llama-3.3-70B-Instruct/meta-llama--Meta-Llama-3.3-70B-Instruct_task-ACSIncome/meta-llama--Meta-Llama-3.3-70B-Instruct_bench-1446750726/results.bench-1446750726.json,results/folktexts/10-variations/model-meta-llama--Meta-Llama-3.3-70B-Instruct/meta-llama--Meta-Llama-3.3-70B-Instruct_task-ACSIncome/meta-llama--Meta-Llama-3.3-70B-Instruct_bench-1973134815/ACSIncome_full_seed-42_hash-1998608642.test_predictions.csv
ACSIncome,meta-llama--Meta-Llama-3.3-70B-Instruct,1,1,0.12371134020618557,0.448296785821568,3583343143,10,text,:,original,rand 2,results/folktexts/10-variations/model-meta-llama--Meta-Llama-3.3-70B-Instruct/meta-llama--Meta-Llama-3.3-70B-Instruct_task-ACSIncome/meta-llama--Meta-Llama-3.3-70B-Instruct_bench-3583343143/results.bench-3583343143.json,results/folktexts/10-variations/model-meta-llama--Meta-Llama-3.3-70B-Instruct/meta-llama--Meta-Llama-3.3-70B-Instruct_task-ACSIncome/meta-llama--Meta-Llama-3.3-70B-Instruct_bench-1976411039/ACSIncome_full_seed-42_hash-1998608642.test_predictions.csv
ACSIncome,meta-llama--Meta-Llama-3.3-70B-Instruct,1,1,0.1008991008991009,0.4292580354460799,2998506831,10,text,:,low,rand 2,results/folktexts/10-variations/model-meta-llama--Meta-Llama-3.3-70B-Instruct/meta-llama--Meta-Llama-3.3-70B-Instruct_task-ACSIncome/meta-llama--Meta-Llama-3.3-70B-Instruct_bench-2998506831/results.bench-2998506831.json,results/folktexts/10-variations/model-meta-llama--Meta-Llama-3.3-70B-Instruct/meta-llama--Meta-Llama-3.3-70B-Instruct_task-ACSIncome/meta-llama--Meta-Llama-3.3-70B-Instruct_bench-2151627286/ACSIncome_full_seed-42_hash-1998608642.test_predictions.csv
ACSIncome,meta-llama--Meta-Llama-3.3-70B-Instruct,1,1,0.16265060240963855,0.5760348452988886,878195542,10,bullet,is,original,default,results/folktexts/10-variations/model-meta-llama--Meta-Llama-3.3-70B-Instruct/meta-llama--Meta-Llama-3.3-70B-Instruct_task-ACSIncome/meta-llama--Meta-Llama-3.3-70B-Instruct_bench-878195542/results.bench-878195542.json,results/folktexts/10-variations/model-meta-llama--Meta-Llama-3.3-70B-Instruct/meta-llama--Meta-Llama-3.3-70B-Instruct_task-ACSIncome/meta-llama--Meta-Llama-3.3-70B-Instruct_bench-2383838791/ACSIncome_full_seed-42_hash-1998608642.test_predictions.csv
ACSIncome,meta-llama--Meta-Llama-3.3-70B-Instruct,1,1,0.12727272727272726,0.4357224391709222,250729434,10,text,:,original, reversed,results/folktexts/10-variations/model-meta-llama--Meta-Llama-3.3-70B-Instruct/meta-llama--Meta-Llama-3.3-70B-Instruct_task-ACSIncome/meta-llama--Meta-Llama-3.3-70B-Instruct_bench-250729434/results.bench-250729434.json,results/folktexts/10-variations/model-meta-llama--Meta-Llama-3.3-70B-Instruct/meta-llama--Meta-Llama-3.3-70B-Instruct_task-ACSIncome/meta-llama--Meta-Llama-3.3-70B-Instruct_bench-1854408942/ACSIncome_full_seed-42_hash-1998608642.test_predictions.csv
ACSIncome,meta-llama--Meta-Llama-3.3-70B-Instruct,1,1,0.07017543859649122,0.4412916791829378,1602581459,10,comma,is,original,default,results/folktexts/10-variations/model-meta-llama--Meta-Llama-3.3-70B-Instruct/meta-llama--Meta-Llama-3.3-70B-Instruct_task-ACSIncome/meta-llama--Meta-Llama-3.3-70B-Instruct_bench-1602581459/results.bench-1602581459.json,results/folktexts/10-variations/model-meta-llama--Meta-Llama-3.3-70B-Instruct/meta-llama--Meta-Llama-3.3-70B-Instruct_task-ACSIncome/meta-llama--Meta-Llama-3.3-70B-Instruct_bench-3602095772/ACSIncome_full_seed-42_hash-1998608642.test_predictions.csv
ACSIncome,meta-llama--Meta-Llama-3.3-70B-Instruct,1,1,0.10256410256410256,0.5019285070591769,1369119803,10,bullet,is,low,rand 1,results/folktexts/10-variations/model-meta-llama--Meta-Llama-3.3-70B-Instruct/meta-llama--Meta-Llama-3.3-70B-Instruct_task-ACSIncome/meta-llama--Meta-Llama-3.3-70B-Instruct_bench-1369119803/results.bench-1369119803.json,results/folktexts/10-variations/model-meta-llama--Meta-Llama-3.3-70B-Instruct/meta-llama--Meta-Llama-3.3-70B-Instruct_task-ACSIncome/meta-llama--Meta-Llama-3.3-70B-Instruct_bench-3914521805/ACSIncome_full_seed-42_hash-1998608642.test_predictions.csv
ACSIncome,meta-llama--Meta-Llama-3.3-70B-Instruct,1,1,0.05714285714285714,0.410225292880745,1552666788,10,comma,:,low, reversed,results/folktexts/10-variations/model-meta-llama--Meta-Llama-3.3-70B-Instruct/meta-llama--Meta-Llama-3.3-70B-Instruct_task-ACSIncome/meta-llama--Meta-Llama-3.3-70B-Instruct_bench-1552666788/results.bench-1552666788.json,results/folktexts/10-variations/model-meta-llama--Meta-Llama-3.3-70B-Instruct/meta-llama--Meta-Llama-3.3-70B-Instruct_task-ACSIncome/meta-llama--Meta-Llama-3.3-70B-Instruct_bench-1653572931/ACSIncome_full_seed-42_hash-1998608642.test_predictions.csv
ACSIncome,meta-llama--Meta-Llama-3.3-70B-Instruct,1,1,0.050387596899224806,0.37895464103334336,1241605528,10,comma,:,low,rand 1,results/folktexts/10-variations/model-meta-llama--Meta-Llama-3.3-70B-Instruct/meta-llama--Meta-Llama-3.3-70B-Instruct_task-ACSIncome/meta-llama--Meta-Llama-3.3-70B-Instruct_bench-1241605528/results.bench-1241605528.json,results/folktexts/10-variations/model-meta-llama--Meta-Llama-3.3-70B-Instruct/meta-llama--Meta-Llama-3.3-70B-Instruct_task-ACSIncome/meta-llama--Meta-Llama-3.3-70B-Instruct_bench-1928386463/ACSIncome_full_seed-42_hash-1998608642.test_predictions.csv
ACSIncome,meta-llama--Meta-Llama-3.3-70B-Instruct,1,1,0.08163265306122448,0.4358185641333734,3386039804,10,comma,is,low, reversed,results/folktexts/10-variations/model-meta-llama--Meta-Llama-3.3-70B-Instruct/meta-llama--Meta-Llama-3.3-70B-Instruct_task-ACSIncome/meta-llama--Meta-Llama-3.3-70B-Instruct_bench-3386039804/results.bench-3386039804.json,results/folktexts/10-variations/model-meta-llama--Meta-Llama-3.3-70B-Instruct/meta-llama--Meta-Llama-3.3-70B-Instruct_task-ACSIncome/meta-llama--Meta-Llama-3.3-70B-Instruct_bench-4105259808/ACSIncome_full_seed-42_hash-1998608642.test_predictions.csv
ACSIncome,meta-llama--Meta-Llama-3.3-70B-Instruct,1,1,0.08030803080308031,0.4026975067587864,1293749741,10,text,is,low,default,results/folktexts/10-variations/model-meta-llama--Meta-Llama-3.3-70B-Instruct/meta-llama--Meta-Llama-3.3-70B-Instruct_task-ACSIncome/meta-llama--Meta-Llama-3.3-70B-Instruct_bench-1293749741/results.bench-1293749741.json,results/folktexts/10-variations/model-meta-llama--Meta-Llama-3.3-70B-Instruct/meta-llama--Meta-Llama-3.3-70B-Instruct_task-ACSIncome/meta-llama--Meta-Llama-3.3-70B-Instruct_bench-3768674893/ACSIncome_full_seed-42_hash-1998608642.test_predictions.csv
ACSIncome,meta-llama--Meta-Llama-3.3-70B-Instruct,1,1,0.10810810810810811,0.5049023730850105,310329519,10,bullet,is,low,default,results/folktexts/10-variations/model-meta-llama--Meta-Llama-3.3-70B-Instruct/meta-llama--Meta-Llama-3.3-70B-Instruct_task-ACSIncome/meta-llama--Meta-Llama-3.3-70B-Instruct_bench-310329519/results.bench-310329519.json,results/folktexts/10-variations/model-meta-llama--Meta-Llama-3.3-70B-Instruct/meta-llama--Meta-Llama-3.3-70B-Instruct_task-ACSIncome/meta-llama--Meta-Llama-3.3-70B-Instruct_bench-3461023768/ACSIncome_full_seed-42_hash-1998608642.test_predictions.csv
ACSIncome,meta-llama--Meta-Llama-3.3-70B-Instruct,1,1,0.30689655172413793,0.57134274556924,2500051709,10,text,=,low, reversed,results/folktexts/10-variations/model-meta-llama--Meta-Llama-3.3-70B-Instruct/meta-llama--Meta-Llama-3.3-70B-Instruct_task-ACSIncome/meta-llama--Meta-Llama-3.3-70B-Instruct_bench-2500051709/results.bench-2500051709.json,results/folktexts/10-variations/model-meta-llama--Meta-Llama-3.3-70B-Instruct/meta-llama--Meta-Llama-3.3-70B-Instruct_task-ACSIncome/meta-llama--Meta-Llama-3.3-70B-Instruct_bench-664989683/ACSIncome_full_seed-42_hash-1998608642.test_predictions.csv
ACSIncome,meta-llama--Meta-Llama-3.3-70B-Instruct,1,1,0.18354430379746836,0.5618504055271853,2832338398,10,bullet,=,original,default,results/folktexts/10-variations/model-meta-llama--Meta-Llama-3.3-70B-Instruct/meta-llama--Meta-Llama-3.3-70B-Instruct_task-ACSIncome/meta-llama--Meta-Llama-3.3-70B-Instruct_bench-2832338398/results.bench-2832338398.json,results/folktexts/10-variations/model-meta-llama--Meta-Llama-3.3-70B-Instruct/meta-llama--Meta-Llama-3.3-70B-Instruct_task-ACSIncome/meta-llama--Meta-Llama-3.3-70B-Instruct_bench-1327986830/ACSIncome_full_seed-42_hash-1998608642.test_predictions.csv
ACSIncome,meta-llama--Meta-Llama-3.3-70B-Instruct,1,1,0.11374407582938388,0.5704956443376389,2341008765,10,bullet,:,low,default,results/folktexts/10-variations/model-meta-llama--Meta-Llama-3.3-70B-Instruct/meta-llama--Meta-Llama-3.3-70B-Instruct_task-ACSIncome/meta-llama--Meta-Llama-3.3-70B-Instruct_bench-2341008765/results.bench-2341008765.json,results/folktexts/10-variations/model-meta-llama--Meta-Llama-3.3-70B-Instruct/meta-llama--Meta-Llama-3.3-70B-Instruct_task-ACSIncome/meta-llama--Meta-Llama-3.3-70B-Instruct_bench-3838258292/ACSIncome_full_seed-42_hash-1998608642.test_predictions.csv
ACSIncome,meta-llama--Meta-Llama-3.3-70B-Instruct,1,1,0.07207207207207207,0.4012796635626314,1807463407,10,comma,=,low,default,results/folktexts/10-variations/model-meta-llama--Meta-Llama-3.3-70B-Instruct/meta-llama--Meta-Llama-3.3-70B-Instruct_task-ACSIncome/meta-llama--Meta-Llama-3.3-70B-Instruct_bench-1807463407/results.bench-1807463407.json,results/folktexts/10-variations/model-meta-llama--Meta-Llama-3.3-70B-Instruct/meta-llama--Meta-Llama-3.3-70B-Instruct_task-ACSIncome/meta-llama--Meta-Llama-3.3-70B-Instruct_bench-1464830694/ACSIncome_full_seed-42_hash-1998608642.test_predictions.csv
ACSIncome,meta-llama--Meta-Llama-3.3-70B-Instruct,1,1,0.07126436781609195,0.42660258335836587,996244606,10,comma,is,low,default,results/folktexts/10-variations/model-meta-llama--Meta-Llama-3.3-70B-Instruct/meta-llama--Meta-Llama-3.3-70B-Instruct_task-ACSIncome/meta-llama--Meta-Llama-3.3-70B-Instruct_bench-996244606/results.bench-996244606.json,results/folktexts/10-variations/model-meta-llama--Meta-Llama-3.3-70B-Instruct/meta-llama--Meta-Llama-3.3-70B-Instruct_task-ACSIncome/meta-llama--Meta-Llama-3.3-70B-Instruct_bench-2350134561/ACSIncome_full_seed-42_hash-1998608642.test_predictions.csv
ACSIncome,meta-llama--Meta-Llama-3.3-70B-Instruct,1,1,0.07542579075425791,0.42471012316010814,1435595476,10,comma,=,low, reversed,results/folktexts/10-variations/model-meta-llama--Meta-Llama-3.3-70B-Instruct/meta-llama--Meta-Llama-3.3-70B-Instruct_task-ACSIncome/meta-llama--Meta-Llama-3.3-70B-Instruct_bench-1435595476/results.bench-1435595476.json,results/folktexts/10-variations/model-meta-llama--Meta-Llama-3.3-70B-Instruct/meta-llama--Meta-Llama-3.3-70B-Instruct_task-ACSIncome/meta-llama--Meta-Llama-3.3-70B-Instruct_bench-3278572074/ACSIncome_full_seed-42_hash-1998608642.test_predictions.csv
ACSIncome,meta-llama--Meta-Llama-3.3-70B-Instruct,1,1,0.09565217391304348,0.44761790327425655,1184263764,10,bullet,:,original,default,results/folktexts/10-variations/model-meta-llama--Meta-Llama-3.3-70B-Instruct/meta-llama--Meta-Llama-3.3-70B-Instruct_task-ACSIncome/meta-llama--Meta-Llama-3.3-70B-Instruct_bench-1184263764/results.bench-1184263764.json,results/folktexts/10-variations/model-meta-llama--Meta-Llama-3.3-70B-Instruct/meta-llama--Meta-Llama-3.3-70B-Instruct_task-ACSIncome/meta-llama--Meta-Llama-3.3-70B-Instruct_bench-2093037730/ACSIncome_full_seed-42_hash-1998608642.test_predictions.csv
ACSIncome,meta-llama--Meta-Llama-3.3-70B-Instruct,1,1,0.1267123287671233,0.5519134875337939,2366193389,10,bullet,is,original,rand 3,results/folktexts/10-variations/model-meta-llama--Meta-Llama-3.3-70B-Instruct/meta-llama--Meta-Llama-3.3-70B-Instruct_task-ACSIncome/meta-llama--Meta-Llama-3.3-70B-Instruct_bench-2366193389/results.bench-2366193389.json,results/folktexts/10-variations/model-meta-llama--Meta-Llama-3.3-70B-Instruct/meta-llama--Meta-Llama-3.3-70B-Instruct_task-ACSIncome/meta-llama--Meta-Llama-3.3-70B-Instruct_bench-3872411750/ACSIncome_full_seed-42_hash-1998608642.test_predictions.csv
ACSIncome,meta-llama--Meta-Llama-3.3-70B-Instruct,1,1,0.0717557251908397,0.4010093121057375,2345604898,10,text,:,low,default,results/folktexts/10-variations/model-meta-llama--Meta-Llama-3.3-70B-Instruct/meta-llama--Meta-Llama-3.3-70B-Instruct_task-ACSIncome/meta-llama--Meta-Llama-3.3-70B-Instruct_bench-2345604898/results.bench-2345604898.json,results/folktexts/10-variations/model-meta-llama--Meta-Llama-3.3-70B-Instruct/meta-llama--Meta-Llama-3.3-70B-Instruct_task-ACSIncome/meta-llama--Meta-Llama-3.3-70B-Instruct_bench-1385856023/ACSIncome_full_seed-42_hash-1998608642.test_predictions.csv
ACSIncome,meta-llama--Meta-Llama-3.3-70B-Instruct,1,1,0.1484375,0.4455452087714028,3966417699,10,text,is,original,rand 1,results/folktexts/10-variations/model-meta-llama--Meta-Llama-3.3-70B-Instruct/meta-llama--Meta-Llama-3.3-70B-Instruct_task-ACSIncome/meta-llama--Meta-Llama-3.3-70B-Instruct_bench-3966417699/results.bench-3966417699.json,results/folktexts/10-variations/model-meta-llama--Meta-Llama-3.3-70B-Instruct/meta-llama--Meta-Llama-3.3-70B-Instruct_task-ACSIncome/meta-llama--Meta-Llama-3.3-70B-Instruct_bench-1457297687/ACSIncome_full_seed-42_hash-1998608642.test_predictions.csv
ACSIncome,meta-llama--Meta-Llama-3.3-70B-Instruct,1,1,0.1471698113207547,0.432940823069991,2213137042,10,text,=,low,rand 2,results/folktexts/10-variations/model-meta-llama--Meta-Llama-3.3-70B-Instruct/meta-llama--Meta-Llama-3.3-70B-Instruct_task-ACSIncome/meta-llama--Meta-Llama-3.3-70B-Instruct_bench-2213137042/results.bench-2213137042.json,results/folktexts/10-variations/model-meta-llama--Meta-Llama-3.3-70B-Instruct/meta-llama--Meta-Llama-3.3-70B-Instruct_task-ACSIncome/meta-llama--Meta-Llama-3.3-70B-Instruct_bench-3484697111/ACSIncome_full_seed-42_hash-1998608642.test_predictions.csv
ACSIncome,meta-llama--Meta-Llama-3.3-70B-Instruct,1,1,0.12154696132596685,0.477434665064584,2630330842,10,comma,:,low,rand 2,results/folktexts/10-variations/model-meta-llama--Meta-Llama-3.3-70B-Instruct/meta-llama--Meta-Llama-3.3-70B-Instruct_task-ACSIncome/meta-llama--Meta-Llama-3.3-70B-Instruct_bench-2630330842/results.bench-2630330842.json,results/folktexts/10-variations/model-meta-llama--Meta-Llama-3.3-70B-Instruct/meta-llama--Meta-Llama-3.3-70B-Instruct_task-ACSIncome/meta-llama--Meta-Llama-3.3-70B-Instruct_bench-1486051733/ACSIncome_full_seed-42_hash-1998608642.test_predictions.csv
